Fuel_ID,Equipment_ID,Usage_Date,Fuel_Liters
FUEL-200001,EQ-1081,2023-09-16,75.97
FUEL-200002,EQ-1107,2023-07-04,120.37
FUEL-200003,EQ-1010,2023-11-18,96.5
FUEL-200004,EQ-1059,2024-03-27,77.21
FUEL-200005,EQ-1099,2023-11-05,179.41
FUEL-200006,EQ-1035,2023-11-06,162.22
FUEL-200007,EQ-1019,2023-06-26,178.44
FUEL-200008,EQ-1010,2024-02-12,74.22
FUEL-200009,EQ-1131,2023-12-30,148.55
FUEL-200010,EQ-1018,2023-04-02,139.34
FUEL-200011,EQ-1130,2023-04-17,164.52
FUEL-200013,EQ-1051,2023-11-01,85.59
FUEL-200015,EQ-1098,2024-01-01,26.21
FUEL-200016,EQ-1046,2024-05-12,86.7
FUEL-200017,EQ-1057,2023-03-18,141.94
FUEL-200018,EQ-1040,2024-05-06,102.04
FUEL-200019,EQ-1115,2023-12-15,158.62
FUEL-200020,EQ-1100,2023-01-16,163.2
FUEL-200021,EQ-1015,2023-02-01,164.31
FUEL-200022,EQ-1084,2024-04-19,148.18
FUEL-200023,EQ-1142,2023-08-31,179.58
FUEL-200024,EQ-1031,2023-05-25,96.5
FUEL-200025,EQ-1032,2023-09-30,86.2
FUEL-200026,EQ-1087,2023-04-03,76.02
FUEL-200027,EQ-1064,2023-06-24,99.18
FUEL-200028,EQ-1146,2023-05-07,118.68
FUEL-200029,EQ-1043,2023-04-03,96.5
FUEL-200030,EQ-1065,2024-03-29,115.71
FUEL-200031,EQ-1002,2023-02-04,42.12
FUEL-200032,EQ-1114,2023-02-01,158.65
FUEL-200033,EQ-1115,2023-02-02,122.02
FUEL-200034,EQ-1068,2023-04-26,163.27
FUEL-200035,EQ-1061,2023-10-09,116.52
FUEL-200036,EQ-1066,2024-02-24,130.93
FUEL-200037,EQ-1142,2023-11-22,57.07
FUEL-200038,EQ-1044,2023-09-07,90.26
FUEL-200039,EQ-1122,2024-02-05,40.88
FUEL-200040,EQ-1125,2023-04-19,47.59
FUEL-200041,EQ-1074,2023-01-11,80.64
FUEL-200042,EQ-1106,2024-03-19,116.86
FUEL-200043,EQ-1139,2023-09-25,169.39
FUEL-200044,EQ-1019,2023-09-15,57.51
FUEL-200045,EQ-1103,2023-11-30,96.5
FUEL-200046,EQ-1116,2023-02-22,90.94
FUEL-200047,EQ-1036,2023-06-20,113.61
FUEL-200048,EQ-1014,2023-01-14,56.44
FUEL-200049,EQ-1068,2023-03-07,72.07
FUEL-200050,EQ-1080,2023-09-23,69.99
FUEL-200051,EQ-1113,2023-02-17,96.5
FUEL-200052,EQ-1116,2023-08-30,31.04
FUEL-200053,EQ-1100,2024-04-06,41.62
FUEL-200054,EQ-1082,2023-01-05,134.53
FUEL-200055,EQ-1044,2024-02-22,89.44
FUEL-200056,EQ-1017,2023-05-30,89.09
FUEL-200057,EQ-1010,2023-04-30,96.5
FUEL-200058,EQ-1109,2023-09-30,58.85
FUEL-200059,EQ-1055,2023-06-18,92.69
FUEL-200060,EQ-1130,2023-09-21,119.4
FUEL-200061,EQ-1076,2023-12-09,81.63
FUEL-200062,EQ-1049,2024-01-20,19.47
FUEL-200063,EQ-1005,2023-05-21,139.8
FUEL-200064,EQ-1022,2023-11-11,119.06
FUEL-200065,EQ-1012,2023-08-09,96.5
FUEL-200066,EQ-1148,2024-01-13,50.56
FUEL-200067,EQ-1038,2024-01-06,152.63
FUEL-200069,EQ-1076,2023-09-08,176.21
FUEL-200070,EQ-1131,2023-01-18,96.5
FUEL-200071,EQ-1083,2023-12-16,96.5
FUEL-200072,EQ-1051,2023-03-02,96.5
FUEL-200073,EQ-1091,2023-09-10,71.77
FUEL-200074,EQ-1147,2023-06-20,127.76
FUEL-200075,EQ-1027,2023-11-02,157.61
FUEL-200076,EQ-1060,2023-07-14,17.98
FUEL-200077,EQ-1094,2024-05-15,178.36
FUEL-200079,EQ-1106,2023-01-10,47.28
FUEL-200080,EQ-1068,2024-04-03,171.08
FUEL-200081,EQ-1095,2023-04-11,44.55
FUEL-200082,EQ-1088,2024-05-09,137.45
FUEL-200083,EQ-1143,2023-11-28,113.33
FUEL-200084,EQ-1011,2023-05-16,31.05
FUEL-200085,EQ-1103,2023-10-19,120.37
FUEL-200086,EQ-1115,2024-01-23,48.8
FUEL-200089,EQ-1085,2023-12-13,179.26
FUEL-200090,EQ-1066,2023-03-15,177.87
FUEL-200091,EQ-1083,2024-02-01,115.44
FUEL-200093,EQ-1141,2024-02-09,25.16
FUEL-200094,EQ-1064,2023-09-24,112.77
FUEL-200095,EQ-1030,2024-04-18,154.34
FUEL-200096,EQ-1098,2023-02-08,96.5
FUEL-200097,EQ-1070,2023-09-21,137.27
FUEL-200098,EQ-1049,2023-12-07,96.5
FUEL-200099,EQ-1149,2023-05-26,39.11
FUEL-200100,EQ-1092,2023-08-09,129.24
FUEL-200101,EQ-1144,2023-10-05,34.99
FUEL-200102,EQ-1037,2023-10-29,65.8
FUEL-200103,EQ-1059,2023-03-22,37.36
FUEL-200104,EQ-1105,2024-02-21,64.26
FUEL-200105,EQ-1022,2024-04-14,96.5
FUEL-200106,EQ-1016,2023-03-26,151.22
FUEL-200107,EQ-1086,2023-07-08,134.95
FUEL-200108,EQ-1049,2023-07-18,43.91
FUEL-200109,EQ-1129,2023-01-12,96.5
FUEL-200110,EQ-1051,2023-09-20,116.27
FUEL-200111,EQ-1001,2023-11-11,86.94
FUEL-200112,EQ-1059,2023-07-23,95.93
FUEL-200113,EQ-1119,2023-05-27,166.2
FUEL-200114,EQ-1089,2024-01-15,76.57
FUEL-200115,EQ-1086,2023-02-16,84.99
FUEL-200116,EQ-1063,2023-11-17,58.64
FUEL-200117,EQ-1134,2023-09-03,96.5
FUEL-200118,EQ-1041,2023-01-12,66.87
FUEL-200119,EQ-1027,2023-12-01,95.96
FUEL-200120,EQ-1028,2023-05-06,52.48
FUEL-200121,EQ-1055,2023-01-31,96.5
FUEL-200122,EQ-1029,2023-02-27,55.98
FUEL-200123,EQ-1122,2023-09-15,116.83
FUEL-200124,EQ-1034,2024-04-01,65.45
FUEL-200125,EQ-1119,2023-07-24,89.23
FUEL-200126,EQ-1047,2023-06-29,72.36
FUEL-200127,EQ-1114,2023-12-20,131.58
FUEL-200128,EQ-1048,2023-04-22,116.63
FUEL-200129,EQ-1072,2023-09-13,30.7
FUEL-200130,EQ-1036,2024-03-28,38.49
FUEL-200131,EQ-1094,2024-04-22,106.06
FUEL-200132,EQ-1077,2023-04-29,136.88
FUEL-200133,EQ-1120,2023-06-07,33.48
FUEL-200134,EQ-1134,2024-02-18,104.95
FUEL-200135,EQ-1116,2023-03-07,169.4
FUEL-200136,EQ-1132,2023-07-25,44.33
FUEL-200137,EQ-1077,2023-06-23,155.36
FUEL-200138,EQ-1114,2023-02-05,125.56
FUEL-200139,EQ-1091,2023-11-27,102.22
FUEL-200140,EQ-1078,2023-05-23,98.98
FUEL-200141,EQ-1065,2023-03-29,85.58
FUEL-200142,EQ-1013,2023-05-27,103.86
FUEL-200143,EQ-1019,2023-07-28,150.9
FUEL-200144,EQ-1118,2023-05-28,91.36
FUEL-200145,EQ-1060,2023-12-21,164.1
FUEL-200146,EQ-1026,2023-06-12,60.75
FUEL-200147,EQ-1090,2023-06-25,96.5
FUEL-200148,EQ-1117,2023-11-04,119.1
FUEL-200150,EQ-1124,2023-04-11,111.98
FUEL-200151,EQ-1027,2023-11-23,23.62
FUEL-200152,EQ-1093,2023-06-25,92.41
FUEL-200153,EQ-1136,2023-07-01,160.06
FUEL-200154,EQ-1069,2023-04-21,35.99
FUEL-200155,EQ-1070,2023-07-02,41.72
FUEL-200156,EQ-1087,2023-03-22,91.12
FUEL-200157,EQ-1012,2023-11-15,54.37
FUEL-200158,EQ-1041,2024-05-13,145.22
FUEL-200159,EQ-1015,2023-07-11,165.22
FUEL-200160,EQ-1029,2023-12-11,72.95
FUEL-200161,EQ-1055,2023-07-23,20.49
FUEL-200162,EQ-1043,2023-01-17,96.5
FUEL-200163,EQ-1014,2024-04-30,129.93
FUEL-200164,EQ-1119,2023-06-11,19.53
FUEL-200165,EQ-1133,2023-08-09,44.39
FUEL-200166,EQ-1008,2023-09-11,90.15
FUEL-200167,EQ-1043,2023-03-26,165.57
FUEL-200168,EQ-1145,2023-04-09,28.54
FUEL-200169,EQ-1100,2024-03-29,97.94
FUEL-200170,EQ-1132,2023-01-30,169.15
FUEL-200171,EQ-1038,2024-04-28,96.48
FUEL-200172,EQ-1011,2023-05-19,96.5
FUEL-200173,EQ-1061,2023-11-19,20.72
FUEL-200174,EQ-1028,2024-04-19,119.12
FUEL-200175,EQ-1033,2023-08-28,161.51
FUEL-200176,EQ-1076,2023-12-10,93.14
FUEL-200177,EQ-1097,2023-02-07,177.97
FUEL-200178,EQ-1067,2023-05-31,158.03
FUEL-200179,EQ-1042,2023-11-13,83.24
FUEL-200180,EQ-1043,2023-05-02,142.32
FUEL-200181,EQ-1101,2023-01-05,112.87
FUEL-200182,EQ-1103,2023-06-13,114.86
FUEL-200183,EQ-1029,2023-02-09,127.46
FUEL-200184,EQ-1045,2024-02-12,36.57
FUEL-200185,EQ-1036,2024-04-18,93.94
FUEL-200186,EQ-1099,2023-02-14,165.77
FUEL-200187,EQ-1093,2024-03-06,17.32
FUEL-200188,EQ-1149,2023-10-14,147.44
FUEL-200189,EQ-1120,2023-09-19,155.56
FUEL-200190,EQ-1106,2023-09-25,96.5
FUEL-200191,EQ-1005,2023-09-04,96.5
FUEL-200192,EQ-1047,2024-02-20,96.5
FUEL-200193,EQ-1051,2023-12-21,107.45
FUEL-200194,EQ-1060,2024-04-03,92.92
FUEL-200195,EQ-1115,2024-02-26,82.26
FUEL-200196,EQ-1128,2023-11-15,159.54
FUEL-200197,EQ-1063,2024-01-09,50.35
FUEL-200198,EQ-1079,2023-01-16,151.79
FUEL-200199,EQ-1128,2023-02-23,146.91
FUEL-200200,EQ-1007,2023-11-04,134.32
FUEL-200201,EQ-1112,2023-03-17,114.38
FUEL-200202,EQ-1034,2023-07-19,45.59
FUEL-200203,EQ-1037,2023-02-22,79.74
FUEL-200204,EQ-1148,2023-04-07,29.08
FUEL-200205,EQ-1101,2023-06-23,43.63
FUEL-200206,EQ-1075,2024-03-02,149.2
FUEL-200207,EQ-1001,2024-05-01,82.01
FUEL-200208,EQ-1078,2024-04-09,162.92
FUEL-200209,EQ-1000,2023-08-21,175.61
FUEL-200210,EQ-1084,2024-04-19,124.63
FUEL-200211,EQ-1130,2023-06-24,84.39
FUEL-200212,EQ-1092,2023-07-01,179.7
FUEL-200213,EQ-1105,2023-10-27,65.55
FUEL-200214,EQ-1146,2024-02-11,136.76
FUEL-200215,EQ-1050,2024-03-30,85.92
FUEL-200216,EQ-1030,2023-09-12,31.3
FUEL-200217,EQ-1047,2023-12-15,94.13
FUEL-200218,EQ-1131,2023-02-17,96.5
FUEL-200219,EQ-1059,2023-05-12,96.5
FUEL-200220,EQ-1045,2023-10-30,48.96
FUEL-200221,EQ-1043,2023-08-31,50.9
FUEL-200222,EQ-1109,2024-01-10,173.9
FUEL-200223,EQ-1016,2024-04-02,118.66
FUEL-200224,EQ-1091,2024-03-22,163.41
FUEL-200225,EQ-1082,2023-06-04,39.27
FUEL-200226,EQ-1101,2024-04-17,142.46
FUEL-200227,EQ-1010,2023-03-30,109.53
FUEL-200228,EQ-1025,2024-01-23,170.34
FUEL-200229,EQ-1050,2023-02-24,166.91
FUEL-200230,EQ-1111,2023-02-26,31.58
FUEL-200231,EQ-1002,2023-06-13,129.57
FUEL-200232,EQ-1060,2023-07-15,139.23
FUEL-200233,EQ-1095,2024-05-08,113.14
FUEL-200234,EQ-1000,2023-12-06,177.68
FUEL-200235,EQ-1013,2023-05-20,32.44
FUEL-200236,EQ-1096,2024-03-31,107.1
FUEL-200238,EQ-1088,2023-05-07,153.26
FUEL-200239,EQ-1111,2023-02-27,52.4
FUEL-200240,EQ-1119,2023-03-06,119.32
FUEL-200241,EQ-1148,2023-05-31,79.73
FUEL-200242,EQ-1104,2023-12-13,101.27
FUEL-200243,EQ-1048,2023-03-01,162.52
FUEL-200244,EQ-1079,2023-04-14,158.79
FUEL-200245,EQ-1118,2024-03-27,147.14
FUEL-200246,EQ-1147,2023-03-17,82.15
FUEL-200247,EQ-1107,2023-07-27,87.14
FUEL-200248,EQ-1054,2024-05-09,167.67
FUEL-200249,EQ-1012,2023-08-06,58.51
FUEL-200250,EQ-1105,2023-05-01,70.03
FUEL-200251,EQ-1070,2023-03-04,29.05
FUEL-200252,EQ-1144,2023-12-27,176.5
FUEL-200253,EQ-1008,2023-10-24,172.09
FUEL-200254,EQ-1126,2023-05-14,96.5
FUEL-200255,EQ-1094,2023-03-23,18.26
FUEL-200256,EQ-1094,2023-05-09,174.18
FUEL-200257,EQ-1113,2023-10-20,80.21
FUEL-200258,EQ-1090,2024-01-28,151.38
FUEL-200259,EQ-1058,2023-05-24,96.5
FUEL-200260,EQ-1030,2023-12-31,111.94
FUEL-200261,EQ-1081,2023-02-15,96.5
FUEL-200262,EQ-1045,2023-10-27,163.97
FUEL-200263,EQ-1114,2023-04-01,94.46
FUEL-200264,EQ-1048,2023-12-22,142.05
FUEL-200265,EQ-1080,2023-07-12,150.85
FUEL-200266,EQ-1062,2024-02-02,83.37
FUEL-200267,EQ-1016,2023-10-20,37.75
FUEL-200268,EQ-1022,2023-04-17,96.5
FUEL-200269,EQ-1065,2023-12-05,108.38
FUEL-200270,EQ-1074,2024-04-19,47.08
FUEL-200271,EQ-1072,2024-01-03,131.08
FUEL-200272,EQ-1116,2023-02-26,41.33
FUEL-200273,EQ-1098,2023-10-12,51.26
FUEL-200274,EQ-1135,2024-04-20,147.92
FUEL-200275,EQ-1006,2023-10-06,106.92
FUEL-200276,EQ-1102,2023-10-23,145.86
FUEL-200277,EQ-1115,2023-11-08,164.08
FUEL-200278,EQ-1048,2023-06-28,176.66
FUEL-200280,EQ-1014,2023-04-26,96.5
FUEL-200281,EQ-1011,2023-11-04,101.0
FUEL-200282,EQ-1096,2023-11-12,152.25
FUEL-200283,EQ-1006,2023-07-16,78.36
FUEL-200284,EQ-1081,2024-02-24,96.5
FUEL-200285,EQ-1045,2023-12-21,173.87
FUEL-200286,EQ-1092,2023-10-08,33.46
FUEL-200287,EQ-1093,2023-12-14,15.65
FUEL-200288,EQ-1069,2023-01-30,17.3
FUEL-200289,EQ-1048,2023-12-14,24.02
FUEL-200290,EQ-1088,2024-02-03,27.28
FUEL-200291,EQ-1053,2023-01-04,95.32
FUEL-200292,EQ-1130,2024-01-26,113.25
FUEL-200293,EQ-1114,2023-06-17,121.19
FUEL-200294,EQ-1126,2024-01-26,18.81
FUEL-200295,EQ-1046,2023-03-23,43.76
FUEL-200296,EQ-1042,2023-09-08,161.94
FUEL-200297,EQ-1088,2023-10-15,41.34
FUEL-200298,EQ-1148,2024-05-03,136.1
FUEL-200299,EQ-1077,2024-03-23,85.55
FUEL-200300,EQ-1050,2024-01-22,83.87
FUEL-200301,EQ-1074,2024-01-30,111.29
FUEL-200302,EQ-1082,2023-12-13,170.28
FUEL-200303,EQ-1013,2023-07-22,25.99
FUEL-200304,EQ-1095,2023-10-27,98.01
FUEL-200305,EQ-1000,2023-06-08,22.65
FUEL-200306,EQ-1139,2023-01-25,118.63
FUEL-200307,EQ-1056,2023-09-17,31.86
FUEL-200309,EQ-1046,2023-06-21,96.5
FUEL-200310,EQ-1148,2024-02-23,153.91
FUEL-200311,EQ-1126,2023-07-13,58.49
FUEL-200312,EQ-1120,2023-11-19,76.0
FUEL-200313,EQ-1143,2023-11-03,52.46
FUEL-200314,EQ-1128,2024-03-18,139.13
FUEL-200315,EQ-1110,2023-10-30,71.06
FUEL-200316,EQ-1034,2023-10-09,96.5
FUEL-200317,EQ-1011,2023-02-03,25.44
FUEL-200318,EQ-1020,2023-05-28,115.68
FUEL-200319,EQ-1024,2024-04-20,96.5
FUEL-200320,EQ-1082,2023-11-06,173.75
FUEL-200321,EQ-1015,2023-01-15,165.33
FUEL-200322,EQ-1074,2023-07-03,126.52
FUEL-200323,EQ-1075,2024-02-21,59.79
FUEL-200324,EQ-1009,2024-03-02,96.5
FUEL-200325,EQ-1095,2023-06-09,96.5
FUEL-200326,EQ-1052,2023-08-23,96.5
FUEL-200327,EQ-1113,2024-02-29,96.5
FUEL-200328,EQ-1102,2023-02-17,31.6
FUEL-200329,EQ-1138,2023-05-15,144.5
FUEL-200330,EQ-1093,2023-10-03,154.68
FUEL-200331,EQ-1034,2023-08-01,162.04
FUEL-200332,EQ-1007,2023-08-11,16.78
FUEL-200333,EQ-1057,2023-07-01,96.5
FUEL-200334,EQ-1066,2023-07-07,92.44
FUEL-200335,EQ-1066,2023-11-04,48.75
FUEL-200336,EQ-1091,2023-10-18,104.2
FUEL-200337,EQ-1121,2024-03-31,96.5
FUEL-200338,EQ-1143,2023-09-22,133.94
FUEL-200339,EQ-1059,2024-02-12,58.88
FUEL-200340,EQ-1042,2023-05-22,96.5
FUEL-200341,EQ-1119,2024-03-25,54.6
FUEL-200342,EQ-1130,2023-09-06,126.39
FUEL-200343,EQ-1044,2023-03-30,61.52
FUEL-200344,EQ-1075,2023-12-04,159.67
FUEL-200345,EQ-1143,2023-02-20,147.2
FUEL-200346,EQ-1036,2023-12-09,96.5
FUEL-200347,EQ-1047,2023-09-19,103.96
FUEL-200348,EQ-1057,2024-03-12,20.76
FUEL-200349,EQ-1015,2024-03-05,30.0
FUEL-200350,EQ-1057,2023-04-25,41.77
FUEL-200351,EQ-1020,2023-11-18,84.05
FUEL-200352,EQ-1094,2023-05-28,83.82
FUEL-200353,EQ-1011,2023-09-21,96.5
FUEL-200354,EQ-1096,2023-08-10,151.64
FUEL-200355,EQ-1032,2023-03-01,96.5
FUEL-200356,EQ-1025,2023-02-23,177.36
FUEL-200357,EQ-1148,2023-06-17,101.9
FUEL-200358,EQ-1130,2024-04-26,60.87
FUEL-200359,EQ-1112,2023-03-14,95.77
FUEL-200360,EQ-1078,2023-03-06,15.31
FUEL-200361,EQ-1067,2024-02-21,147.16
FUEL-200362,EQ-1124,2023-06-08,161.42
FUEL-200363,EQ-1130,2023-10-01,115.71
FUEL-200364,EQ-1006,2023-05-09,169.96
FUEL-200365,EQ-1025,2023-04-25,51.1
FUEL-200366,EQ-1054,2023-09-07,35.13
FUEL-200367,EQ-1092,2023-05-09,178.08
FUEL-200368,EQ-1000,2024-01-02,93.34
FUEL-200369,EQ-1046,2023-04-28,96.5
FUEL-200370,EQ-1076,2024-04-12,23.57
FUEL-200371,EQ-1109,2023-05-01,163.94
FUEL-200372,EQ-1116,2023-04-18,96.5
FUEL-200373,EQ-1087,2024-04-14,162.27
FUEL-200374,EQ-1045,2024-05-11,177.99
FUEL-200375,EQ-1094,2024-03-26,128.7
FUEL-200376,EQ-1132,2024-05-13,117.36
FUEL-200377,EQ-1046,2023-10-15,121.02
FUEL-200378,EQ-1105,2023-05-11,71.0
FUEL-200379,EQ-1079,2023-04-11,36.06
FUEL-200380,EQ-1003,2023-05-19,39.47
FUEL-200381,EQ-1050,2024-02-28,28.37
FUEL-200382,EQ-1117,2023-04-26,96.5
FUEL-200383,EQ-1132,2023-12-02,54.45
FUEL-200384,EQ-1146,2024-01-13,164.31
FUEL-200385,EQ-1093,2023-09-11,23.23
FUEL-200386,EQ-1077,2024-03-11,41.87
FUEL-200387,EQ-1071,2023-05-29,118.7
FUEL-200388,EQ-1019,2023-07-02,91.48
FUEL-200389,EQ-1129,2023-10-23,160.07
FUEL-200390,EQ-1012,2023-01-27,96.5
FUEL-200391,EQ-1036,2023-08-27,37.71
FUEL-200392,EQ-1120,2023-07-08,96.5
FUEL-200393,EQ-1098,2024-03-16,168.66
FUEL-200394,EQ-1121,2023-11-26,30.03
FUEL-200395,EQ-1139,2023-05-18,167.77
FUEL-200396,EQ-1027,2023-03-31,93.31
FUEL-200397,EQ-1034,2023-06-19,158.63
FUEL-200398,EQ-1022,2023-01-27,89.97
FUEL-200399,EQ-1075,2023-10-13,41.36
FUEL-200400,EQ-1072,2024-03-10,96.56
FUEL-200401,EQ-1056,2024-02-20,153.99
FUEL-200402,EQ-1052,2023-07-17,152.45
FUEL-200403,EQ-1052,2023-08-14,154.43
FUEL-200404,EQ-1042,2023-07-29,16.96
FUEL-200405,EQ-1091,2024-01-20,22.13
FUEL-200406,EQ-1109,2023-05-14,59.85
FUEL-200407,EQ-1123,2023-02-12,46.19
FUEL-200408,EQ-1130,2023-11-15,77.71
FUEL-200409,EQ-1087,2023-05-01,137.46
FUEL-200410,EQ-1081,2023-05-24,96.5
FUEL-200411,EQ-1066,2023-04-20,153.23
FUEL-200412,EQ-1006,2023-09-29,177.7
FUEL-200413,EQ-1057,2023-08-07,109.79
FUEL-200414,EQ-1123,2023-05-14,24.54
FUEL-200415,EQ-1077,2023-04-20,176.63
FUEL-200416,EQ-1135,2023-06-17,86.13
FUEL-200417,EQ-1123,2024-04-19,15.94
FUEL-200418,EQ-1103,2024-05-08,32.74
FUEL-200419,EQ-1056,2023-12-14,121.01
FUEL-200420,EQ-1039,2023-08-26,96.5
FUEL-200421,EQ-1002,2024-01-06,78.63
FUEL-200422,EQ-1081,2023-02-07,149.42
FUEL-200423,EQ-1010,2023-10-16,66.44
FUEL-200424,EQ-1104,2023-05-21,175.03
FUEL-200425,EQ-1073,2023-02-06,96.5
FUEL-200426,EQ-1145,2024-02-04,112.58
FUEL-200427,EQ-1010,2023-02-06,171.69
FUEL-200428,EQ-1124,2023-01-15,106.06
FUEL-200429,EQ-1121,2024-02-14,109.23
FUEL-200430,EQ-1036,2023-08-18,17.68
FUEL-200431,EQ-1102,2023-11-23,96.5
FUEL-200432,EQ-1118,2023-01-29,77.91
FUEL-200433,EQ-1018,2023-06-10,55.21
FUEL-200434,EQ-1116,2023-01-21,96.5
FUEL-200435,EQ-1001,2024-04-15,151.75
FUEL-200436,EQ-1010,2023-06-13,165.89
FUEL-200437,EQ-1139,2024-04-10,15.86
FUEL-200438,EQ-1097,2024-04-13,176.82
FUEL-200439,EQ-1072,2023-11-11,152.93
FUEL-200440,EQ-1143,2023-03-18,175.04
FUEL-200441,EQ-1084,2023-09-17,94.97
FUEL-200442,EQ-1039,2024-02-21,20.95
FUEL-200443,EQ-1040,2023-12-28,174.13
FUEL-200444,EQ-1036,2024-04-13,96.5
FUEL-200445,EQ-1119,2024-04-30,38.37
FUEL-200446,EQ-1064,2023-11-30,123.81
FUEL-200447,EQ-1082,2023-05-28,15.39
FUEL-200448,EQ-1004,2023-07-25,143.39
FUEL-200449,EQ-1106,2023-08-19,42.59
FUEL-200451,EQ-1076,2023-11-10,89.1
FUEL-200452,EQ-1111,2023-03-31,86.64
FUEL-200453,EQ-1079,2024-03-08,96.5
FUEL-200454,EQ-1126,2023-03-04,152.02
FUEL-200455,EQ-1082,2023-11-23,133.3
FUEL-200456,EQ-1030,2023-05-06,91.82
FUEL-200457,EQ-1148,2023-04-19,169.65
FUEL-200458,EQ-1044,2024-02-17,119.21
FUEL-200459,EQ-1032,2023-09-13,65.38
FUEL-200460,EQ-1070,2023-11-28,96.5
FUEL-200461,EQ-1007,2023-03-21,162.26
FUEL-200462,EQ-1144,2023-05-31,50.49
FUEL-200463,EQ-1063,2023-06-06,148.49
FUEL-200464,EQ-1033,2024-02-01,94.91
FUEL-200465,EQ-1094,2023-06-05,153.81
FUEL-200466,EQ-1140,2023-01-01,115.9
FUEL-200467,EQ-1093,2023-12-11,167.68
FUEL-200468,EQ-1091,2024-01-19,55.15
FUEL-200469,EQ-1069,2023-03-24,70.75
FUEL-200470,EQ-1147,2024-02-02,75.91
FUEL-200471,EQ-1112,2024-02-24,25.62
FUEL-200472,EQ-1142,2024-02-29,20.86
FUEL-200473,EQ-1117,2023-09-07,39.1
FUEL-200475,EQ-1100,2024-02-19,28.06
FUEL-200476,EQ-1015,2023-08-23,178.76
FUEL-200477,EQ-1070,2023-02-25,112.67
FUEL-200478,EQ-1007,2024-02-11,170.18
FUEL-200479,EQ-1129,2024-01-11,64.58
FUEL-200480,EQ-1034,2023-12-20,102.83
FUEL-200481,EQ-1121,2023-05-13,98.87
FUEL-200482,EQ-1123,2024-02-15,106.72
FUEL-200483,EQ-1139,2023-04-02,122.45
FUEL-200485,EQ-1121,2023-08-17,20.17
FUEL-200486,EQ-1088,2023-08-14,113.1
FUEL-200487,EQ-1055,2023-05-02,96.5
FUEL-200488,EQ-1032,2023-12-02,157.95
FUEL-200489,EQ-1094,2023-07-24,43.99
FUEL-200490,EQ-1091,2023-03-22,179.97
FUEL-200491,EQ-1029,2023-02-02,82.86
FUEL-200492,EQ-1075,2024-03-02,66.39
FUEL-200493,EQ-1141,2023-09-11,127.88
FUEL-200494,EQ-1055,2023-06-28,72.72
FUEL-200495,EQ-1071,2023-10-03,94.85
FUEL-200496,EQ-1108,2024-02-07,40.44
FUEL-200497,EQ-1036,2024-04-22,40.27
FUEL-200498,EQ-1120,2023-09-04,129.35
FUEL-200499,EQ-1112,2024-03-16,96.5
FUEL-200500,EQ-1098,2023-07-12,66.77
FUEL-200501,EQ-1101,2023-09-23,54.03
FUEL-200502,EQ-1025,2024-01-28,66.51
FUEL-200503,EQ-1007,2023-03-29,96.5
FUEL-200504,EQ-1002,2024-01-02,35.2
FUEL-200505,EQ-1083,2024-03-19,47.88
FUEL-200506,EQ-1015,2024-03-04,121.92
FUEL-200507,EQ-1074,2023-09-19,15.66
FUEL-200508,EQ-1074,2024-02-05,166.85
FUEL-200509,EQ-1031,2023-11-28,158.19
FUEL-200510,EQ-1128,2023-04-18,144.57
FUEL-200511,EQ-1062,2023-12-28,149.25
FUEL-200512,EQ-1103,2024-03-23,90.32
FUEL-200513,EQ-1097,2023-08-07,96.5
FUEL-200514,EQ-1092,2023-12-31,72.11
FUEL-200515,EQ-1053,2023-03-11,57.85
FUEL-200516,EQ-1046,2023-12-11,61.78
FUEL-200517,EQ-1053,2023-06-12,96.5
FUEL-200518,EQ-1017,2023-10-10,50.76
FUEL-200519,EQ-1141,2023-03-04,108.45
FUEL-200520,EQ-1129,2023-10-31,93.85
FUEL-200522,EQ-1107,2024-01-17,87.52
FUEL-200523,EQ-1081,2024-01-19,128.21
FUEL-200524,EQ-1057,2023-03-28,145.95
FUEL-200525,EQ-1020,2023-09-07,91.05
FUEL-200526,EQ-1074,2023-10-19,126.6
FUEL-200527,EQ-1109,2024-02-14,123.77
FUEL-200528,EQ-1016,2023-02-17,142.71
FUEL-200529,EQ-1028,2023-07-16,103.24
FUEL-200530,EQ-1049,2023-07-31,53.66
FUEL-200531,EQ-1085,2023-01-13,96.5
FUEL-200532,EQ-1121,2023-06-09,64.75
FUEL-200533,EQ-1075,2023-08-08,161.66
FUEL-200534,EQ-1125,2023-04-22,164.41
FUEL-200535,EQ-1130,2023-10-06,96.5
FUEL-200536,EQ-1089,2023-01-30,76.61
FUEL-200537,EQ-1139,2023-12-27,137.94
FUEL-200538,EQ-1139,2023-09-09,42.28
FUEL-200539,EQ-1061,2023-11-25,157.55
FUEL-200540,EQ-1022,2023-01-14,176.28
FUEL-200541,EQ-1114,2023-08-04,159.66
FUEL-200542,EQ-1127,2023-11-20,77.02
FUEL-200543,EQ-1124,2023-08-21,96.5
FUEL-200544,EQ-1143,2023-05-09,45.69
FUEL-200545,EQ-1014,2024-06-04,136.4
FUEL-200546,EQ-1085,2024-01-13,47.69
FUEL-200547,EQ-1034,2024-02-22,96.5
FUEL-200548,EQ-1101,2023-07-22,59.02
FUEL-200549,EQ-1130,2024-02-09,178.03
FUEL-200550,EQ-1089,2024-03-13,130.59
FUEL-200551,EQ-1122,2023-02-13,63.46
FUEL-200552,EQ-1017,2023-11-28,146.99
FUEL-200554,EQ-1052,2024-04-30,85.23
FUEL-200556,EQ-1058,2023-01-26,21.49
FUEL-200557,EQ-1113,2023-07-28,107.87
FUEL-200558,EQ-1095,2023-09-01,128.74
FUEL-200559,EQ-1007,2023-10-04,112.45
FUEL-200560,EQ-1013,2023-06-04,38.67
FUEL-200561,EQ-1145,2023-08-18,70.32
FUEL-200562,EQ-1082,2023-07-26,137.27
FUEL-200563,EQ-1131,2023-11-17,111.7
FUEL-200564,EQ-1092,2023-05-06,141.38
FUEL-200565,EQ-1147,2024-04-17,61.15
FUEL-200566,EQ-1115,2023-01-17,55.96
FUEL-200567,EQ-1019,2023-04-15,35.45
FUEL-200568,EQ-1131,2023-10-21,144.3
FUEL-200569,EQ-1120,2023-11-07,173.7
FUEL-200570,EQ-1045,2023-02-20,104.43
FUEL-200571,EQ-1034,2023-02-11,135.79
FUEL-200572,EQ-1125,2023-12-17,157.95
FUEL-200573,EQ-1070,2023-10-28,67.63
FUEL-200574,EQ-1101,2023-07-20,96.5
FUEL-200575,EQ-1108,2023-06-12,152.92
FUEL-200576,EQ-1054,2023-08-15,91.41
FUEL-200577,EQ-1045,2023-02-03,144.98
FUEL-200578,EQ-1126,2023-07-14,16.87
FUEL-200579,EQ-1032,2023-03-29,70.58
FUEL-200580,EQ-1113,2023-09-16,96.5
FUEL-200581,EQ-1139,2023-09-12,163.18
FUEL-200582,EQ-1087,2024-03-02,104.56
FUEL-200583,EQ-1077,2023-11-04,16.27
FUEL-200584,EQ-1148,2023-03-14,128.03
FUEL-200585,EQ-1120,2023-07-07,62.35
FUEL-200586,EQ-1123,2023-12-28,96.5
FUEL-200587,EQ-1036,2023-05-14,36.28
FUEL-200588,EQ-1044,2023-06-27,65.47
FUEL-200589,EQ-1061,2023-12-21,96.5
FUEL-200590,EQ-1071,2024-03-05,62.27
FUEL-200591,EQ-1145,2023-03-19,87.33
FUEL-200592,EQ-1000,2023-04-14,26.59
FUEL-200593,EQ-1012,2023-03-15,60.02
FUEL-200594,EQ-1117,2023-12-02,123.58
FUEL-200595,EQ-1057,2024-01-22,88.61
FUEL-200596,EQ-1109,2023-10-11,39.69
FUEL-200597,EQ-1131,2023-03-04,165.32
FUEL-200598,EQ-1096,2023-06-28,114.53
FUEL-200599,EQ-1060,2023-09-03,114.6
FUEL-200600,EQ-1006,2023-07-12,168.38
FUEL-200601,EQ-1074,2023-04-01,91.51
FUEL-200602,EQ-1039,2023-07-29,87.66
FUEL-200603,EQ-1113,2024-02-17,114.29
FUEL-200604,EQ-1019,2023-09-30,164.72
FUEL-200605,EQ-1128,2024-05-01,96.5
FUEL-200606,EQ-1055,2023-12-21,34.36
FUEL-200607,EQ-1060,2023-05-04,32.93
FUEL-200608,EQ-1137,2023-05-21,49.89
FUEL-200609,EQ-1148,2023-04-06,58.63
FUEL-200610,EQ-1103,2024-03-10,130.44
FUEL-200611,EQ-1082,2023-01-18,154.18
FUEL-200612,EQ-1130,2023-11-28,117.62
FUEL-200613,EQ-1130,2023-08-08,59.18
FUEL-200614,EQ-1080,2023-12-20,66.23
FUEL-200615,EQ-1119,2024-01-18,171.97
FUEL-200616,EQ-1082,2023-05-01,95.41
FUEL-200617,EQ-1146,2023-11-06,158.59
FUEL-200618,EQ-1096,2024-01-09,16.73
FUEL-200619,EQ-1127,2023-01-06,84.21
FUEL-200620,EQ-1120,2024-01-27,163.02
FUEL-200621,EQ-1027,2023-05-10,96.5
FUEL-200622,EQ-1111,2023-09-22,158.94
FUEL-200623,EQ-1013,2023-01-13,75.38
FUEL-200624,EQ-1088,2024-04-20,57.63
FUEL-200625,EQ-1081,2023-07-02,175.48
FUEL-200626,EQ-1079,2023-05-24,29.09
FUEL-200627,EQ-1114,2023-07-25,86.6
FUEL-200628,EQ-1083,2023-10-28,113.63
FUEL-200629,EQ-1016,2023-01-07,25.51
FUEL-200630,EQ-1035,2023-09-23,89.81
FUEL-200631,EQ-1048,2023-01-13,60.44
FUEL-200632,EQ-1033,2023-10-07,108.24
FUEL-200633,EQ-1034,2023-09-16,96.5
FUEL-200634,EQ-1047,2023-10-10,157.62
FUEL-200635,EQ-1143,2024-04-24,130.78
FUEL-200636,EQ-1139,2023-07-01,26.21
FUEL-200637,EQ-1069,2023-05-20,73.28
FUEL-200638,EQ-1078,2023-08-24,128.41
FUEL-200639,EQ-1095,2023-05-10,52.13
FUEL-200640,EQ-1012,2024-03-02,79.57
FUEL-200641,EQ-1027,2023-04-07,126.01
FUEL-200642,EQ-1056,2024-04-14,24.12
FUEL-200643,EQ-1092,2023-01-15,129.88
FUEL-200644,EQ-1109,2023-06-18,174.62
FUEL-200645,EQ-1149,2023-02-19,154.15
FUEL-200646,EQ-1010,2023-12-27,135.77
FUEL-200647,EQ-1099,2024-02-18,96.5
FUEL-200648,EQ-1116,2023-08-05,45.9
FUEL-200649,EQ-1058,2023-03-28,96.5
FUEL-200650,EQ-1111,2023-11-28,168.75
FUEL-200651,EQ-1027,2024-02-05,55.16
FUEL-200652,EQ-1067,2023-07-09,96.5
FUEL-200653,EQ-1079,2023-07-17,40.31
FUEL-200654,EQ-1093,2023-08-02,20.62
FUEL-200655,EQ-1085,2024-04-16,72.7
FUEL-200656,EQ-1055,2023-10-06,155.78
FUEL-200657,EQ-1069,2023-04-24,32.58
FUEL-200658,EQ-1012,2024-05-07,134.46
FUEL-200659,EQ-1027,2024-02-14,140.02
FUEL-200660,EQ-1029,2024-05-04,56.67
FUEL-200661,EQ-1116,2023-02-17,154.16
FUEL-200662,EQ-1101,2023-07-20,53.77
FUEL-200663,EQ-1102,2023-04-23,73.11
FUEL-200664,EQ-1011,2023-03-28,147.35
FUEL-200665,EQ-1026,2024-03-03,116.29
FUEL-200666,EQ-1027,2023-09-27,81.64
FUEL-200667,EQ-1085,2023-10-03,28.54
FUEL-200668,EQ-1051,2023-02-09,162.95
FUEL-200669,EQ-1041,2023-09-06,145.14
FUEL-200670,EQ-1114,2023-03-29,141.0
FUEL-200671,EQ-1019,2023-11-09,105.14
FUEL-200672,EQ-1133,2024-04-30,66.82
FUEL-200673,EQ-1126,2023-05-06,89.52
FUEL-200674,EQ-1122,2023-03-19,95.04
FUEL-200675,EQ-1146,2024-02-19,39.64
FUEL-200676,EQ-1031,2023-02-14,171.6
FUEL-200677,EQ-1032,2023-05-29,56.43
FUEL-200678,EQ-1017,2024-05-07,96.5
FUEL-200679,EQ-1097,2023-05-09,128.7
FUEL-200680,EQ-1089,2024-03-07,170.23
FUEL-200681,EQ-1027,2023-07-14,93.4
FUEL-200682,EQ-1132,2023-05-19,96.08
FUEL-200683,EQ-1017,2023-01-08,172.91
FUEL-200684,EQ-1088,2023-02-22,68.94
FUEL-200685,EQ-1048,2023-10-05,113.14
FUEL-200686,EQ-1109,2024-01-07,100.57
FUEL-200687,EQ-1017,2023-07-15,47.24
FUEL-200688,EQ-1005,2024-02-26,78.55
FUEL-200689,EQ-1064,2023-06-24,96.5
FUEL-200690,EQ-1001,2023-07-13,22.85
FUEL-200691,EQ-1021,2024-03-05,77.31
FUEL-200692,EQ-1035,2024-02-18,116.16
FUEL-200693,EQ-1082,2023-01-31,111.55
FUEL-200694,EQ-1066,2023-08-26,123.39
FUEL-200695,EQ-1093,2023-05-14,173.63
FUEL-200696,EQ-1144,2023-08-28,72.21
FUEL-200697,EQ-1111,2023-06-01,107.67
FUEL-200698,EQ-1117,2023-03-22,54.99
FUEL-200699,EQ-1099,2023-05-29,75.59
FUEL-200700,EQ-1079,2024-03-01,167.49
FUEL-200701,EQ-1044,2023-08-08,123.72
FUEL-200702,EQ-1042,2023-04-07,103.73
FUEL-200703,EQ-1081,2024-04-17,25.53
FUEL-200704,EQ-1123,2023-05-23,80.69
FUEL-200705,EQ-1080,2023-02-22,69.97
FUEL-200706,EQ-1111,2023-04-14,49.68
FUEL-200707,EQ-1000,2023-02-10,174.33
FUEL-200708,EQ-1126,2023-07-02,62.4
FUEL-200709,EQ-1130,2023-04-20,89.92
FUEL-200710,EQ-1144,2023-09-17,107.72
FUEL-200711,EQ-1032,2023-07-05,71.36
FUEL-200712,EQ-1063,2024-04-22,177.52
FUEL-200714,EQ-1038,2024-05-12,162.09
FUEL-200715,EQ-1004,2023-07-10,96.5
FUEL-200716,EQ-1054,2024-02-24,111.05
FUEL-200717,EQ-1093,2023-02-24,40.29
FUEL-200718,EQ-1090,2024-04-11,118.61
FUEL-200719,EQ-1105,2024-01-16,32.56
FUEL-200720,EQ-1009,2023-05-17,105.82
FUEL-200721,EQ-1008,2024-01-28,49.33
FUEL-200722,EQ-1108,2023-10-02,73.63
FUEL-200723,EQ-1068,2023-08-01,131.44
FUEL-200724,EQ-1022,2023-01-18,48.04
FUEL-200725,EQ-1140,2023-02-21,135.38
FUEL-200726,EQ-1111,2023-11-24,96.5
FUEL-200727,EQ-1046,2024-03-25,96.5
FUEL-200728,EQ-1149,2023-04-30,115.16
FUEL-200730,EQ-1145,2023-10-20,121.6
FUEL-200731,EQ-1145,2023-05-29,53.69
FUEL-200733,EQ-1083,2023-09-24,48.72
FUEL-200734,EQ-1042,2024-03-26,173.86
FUEL-200735,EQ-1128,2023-08-10,50.07
FUEL-200736,EQ-1022,2023-07-17,154.97
FUEL-200737,EQ-1021,2023-06-06,136.12
FUEL-200739,EQ-1014,2023-12-05,96.5
FUEL-200740,EQ-1139,2023-10-24,158.16
FUEL-200741,EQ-1076,2023-04-15,42.57
FUEL-200742,EQ-1025,2023-03-28,121.04
FUEL-200743,EQ-1001,2024-01-23,109.75
FUEL-200744,EQ-1149,2023-03-01,96.5
FUEL-200745,EQ-1015,2023-10-13,60.01
FUEL-200746,EQ-1041,2024-05-11,45.13
FUEL-200747,EQ-1105,2023-06-05,157.42
FUEL-200748,EQ-1073,2023-06-24,19.32
FUEL-200749,EQ-1021,2023-08-21,130.38
FUEL-200750,EQ-1102,2023-09-28,86.36
FUEL-200751,EQ-1045,2023-01-10,176.61
FUEL-200752,EQ-1098,2023-07-19,147.69
FUEL-200753,EQ-1000,2023-03-24,115.22
FUEL-200754,EQ-1063,2023-07-03,92.41
FUEL-200755,EQ-1054,2023-05-01,97.31
FUEL-200756,EQ-1121,2023-01-01,166.97
FUEL-200757,EQ-1140,2023-08-24,33.95
FUEL-200759,EQ-1106,2023-05-20,26.54
FUEL-200760,EQ-1025,2023-07-02,145.28
FUEL-200761,EQ-1077,2023-03-22,17.91
FUEL-200762,EQ-1007,2023-04-16,73.7
FUEL-200763,EQ-1097,2023-11-24,81.15
FUEL-200764,EQ-1107,2024-03-27,45.32
FUEL-200765,EQ-1034,2023-04-19,134.65
FUEL-200766,EQ-1114,2024-01-26,87.29
FUEL-200767,EQ-1080,2023-10-09,15.02
FUEL-200768,EQ-1099,2023-05-31,129.19
FUEL-200769,EQ-1019,2023-06-15,160.78
FUEL-200770,EQ-1115,2024-03-31,46.28
FUEL-200771,EQ-1068,2023-10-20,96.5
FUEL-200772,EQ-1088,2023-03-06,64.1
FUEL-200773,EQ-1118,2024-04-22,127.9
FUEL-200774,EQ-1072,2023-04-14,86.53
FUEL-200775,EQ-1078,2023-07-19,47.09
FUEL-200776,EQ-1022,2023-12-20,170.76
FUEL-200777,EQ-1140,2024-04-30,124.94
FUEL-200778,EQ-1123,2023-03-03,156.42
FUEL-200779,EQ-1090,2023-03-03,21.87
FUEL-200780,EQ-1053,2023-10-06,84.09
FUEL-200781,EQ-1047,2024-03-06,143.48
FUEL-200782,EQ-1002,2023-10-17,160.26
FUEL-200783,EQ-1040,2024-01-10,96.5
FUEL-200784,EQ-1140,2023-09-16,96.5
FUEL-200785,EQ-1014,2024-02-21,153.1
FUEL-200786,EQ-1018,2023-02-10,164.15
FUEL-200787,EQ-1135,2023-11-17,31.07
FUEL-200788,EQ-1035,2023-10-31,96.5
FUEL-200789,EQ-1039,2023-03-17,52.01
FUEL-200790,EQ-1138,2023-11-13,178.66
FUEL-200791,EQ-1149,2023-09-12,114.27
FUEL-200792,EQ-1112,2023-10-10,79.6
FUEL-200793,EQ-1141,2024-01-01,152.96
FUEL-200794,EQ-1084,2023-02-23,47.66
FUEL-200795,EQ-1103,2023-03-21,106.92
FUEL-200796,EQ-1076,2024-02-19,43.57
FUEL-200798,EQ-1069,2023-05-02,131.4
FUEL-200799,EQ-1029,2024-01-22,47.18
FUEL-200800,EQ-1086,2023-01-01,61.58
FUEL-200801,EQ-1061,2024-03-09,161.33
FUEL-200802,EQ-1001,2023-03-14,146.37
FUEL-200803,EQ-1104,2023-02-14,60.05
FUEL-200804,EQ-1014,2023-09-24,122.53
FUEL-200805,EQ-1059,2023-03-09,94.66
FUEL-200806,EQ-1075,2023-09-02,155.75
FUEL-200807,EQ-1085,2023-11-04,49.71
FUEL-200808,EQ-1089,2023-02-12,82.88
FUEL-200809,EQ-1071,2024-01-01,43.15
FUEL-200810,EQ-1015,2024-02-10,170.08
FUEL-200811,EQ-1133,2024-01-31,105.9
FUEL-200812,EQ-1134,2023-02-11,46.57
FUEL-200813,EQ-1094,2023-05-08,112.71
FUEL-200814,EQ-1024,2024-02-06,85.75
FUEL-200815,EQ-1020,2023-07-24,111.2
FUEL-200816,EQ-1118,2023-09-28,145.41
FUEL-200817,EQ-1022,2023-10-07,125.47
FUEL-200818,EQ-1113,2024-01-18,96.5
FUEL-200820,EQ-1132,2023-03-26,43.5
FUEL-200821,EQ-1023,2024-03-01,96.5
FUEL-200822,EQ-1075,2023-06-08,107.83
FUEL-200823,EQ-1056,2023-06-03,96.5
FUEL-200824,EQ-1005,2024-04-21,60.67
FUEL-200825,EQ-1001,2023-02-01,50.39
FUEL-200826,EQ-1113,2024-02-02,78.98
FUEL-200827,EQ-1102,2023-10-12,37.36
FUEL-200828,EQ-1007,2024-04-21,161.08
FUEL-200829,EQ-1131,2023-02-24,162.97
FUEL-200830,EQ-1014,2023-06-17,28.69
FUEL-200831,EQ-1056,2024-02-04,175.38
FUEL-200832,EQ-1019,2023-07-28,63.6
FUEL-200833,EQ-1028,2023-09-02,87.42
FUEL-200834,EQ-1099,2023-08-05,130.1
FUEL-200835,EQ-1092,2024-02-07,167.24
FUEL-200836,EQ-1013,2024-02-18,29.58
FUEL-200837,EQ-1040,2024-03-01,31.64
FUEL-200838,EQ-1109,2023-06-11,33.5
FUEL-200839,EQ-1021,2024-02-25,17.92
FUEL-200840,EQ-1086,2023-11-17,112.3
FUEL-200841,EQ-1047,2024-02-16,90.97
FUEL-200842,EQ-1020,2023-06-28,45.94
FUEL-200843,EQ-1131,2023-11-27,140.4
FUEL-200844,EQ-1132,2024-01-15,41.57
FUEL-200845,EQ-1126,2023-10-04,96.5
FUEL-200846,EQ-1061,2023-04-23,96.5
FUEL-200847,EQ-1003,2023-05-24,71.87
FUEL-200848,EQ-1079,2024-03-02,65.17
FUEL-200850,EQ-1011,2023-11-09,16.14
FUEL-200851,EQ-1100,2023-04-09,100.2
FUEL-200852,EQ-1049,2024-01-29,82.41
FUEL-200853,EQ-1106,2023-02-10,25.97
FUEL-200854,EQ-1117,2023-06-12,126.09
FUEL-200855,EQ-1046,2023-12-19,91.25
FUEL-200856,EQ-1138,2023-10-06,152.35
FUEL-200857,EQ-1113,2024-01-21,96.5
FUEL-200858,EQ-1136,2024-02-16,63.72
FUEL-200859,EQ-1136,2023-02-11,102.92
FUEL-200860,EQ-1098,2023-08-15,96.5
FUEL-200861,EQ-1057,2024-03-30,60.93
FUEL-200863,EQ-1079,2023-04-19,169.38
FUEL-200864,EQ-1079,2023-01-09,146.24
FUEL-200865,EQ-1112,2024-04-19,22.82
FUEL-200866,EQ-1146,2023-01-06,147.57
FUEL-200867,EQ-1063,2024-05-08,166.04
FUEL-200868,EQ-1082,2023-06-01,124.77
FUEL-200869,EQ-1014,2024-02-05,96.5
FUEL-200870,EQ-1019,2023-12-22,154.2
FUEL-200871,EQ-1128,2024-03-08,18.17
FUEL-200872,EQ-1147,2023-07-10,174.97
FUEL-200873,EQ-1081,2023-09-05,20.56
FUEL-200874,EQ-1134,2023-01-14,18.85
FUEL-200875,EQ-1014,2024-01-27,78.07
FUEL-200876,EQ-1060,2023-01-22,40.53
FUEL-200877,EQ-1047,2023-01-12,50.0
FUEL-200879,EQ-1007,2024-05-09,96.5
FUEL-200880,EQ-1055,2023-03-20,52.53
FUEL-200881,EQ-1119,2024-04-01,169.36
FUEL-200882,EQ-1099,2024-03-19,98.38
FUEL-200883,EQ-1039,2023-08-03,95.31
FUEL-200884,EQ-1091,2023-09-01,138.72
FUEL-200885,EQ-1140,2023-07-10,37.7
FUEL-200886,EQ-1145,2023-05-04,172.19
FUEL-200887,EQ-1023,2023-07-24,32.8
FUEL-200888,EQ-1140,2023-08-28,107.37
FUEL-200889,EQ-1122,2023-12-07,123.72
FUEL-200891,EQ-1045,2023-09-12,96.5
FUEL-200892,EQ-1104,2023-12-08,61.65
FUEL-200893,EQ-1044,2024-02-05,96.5
FUEL-200894,EQ-1083,2023-08-29,58.21
FUEL-200895,EQ-1104,2023-06-19,29.17
FUEL-200896,EQ-1016,2023-05-31,97.8
FUEL-200897,EQ-1123,2023-11-16,85.49
FUEL-200898,EQ-1027,2024-04-16,96.5
FUEL-200899,EQ-1026,2023-11-09,83.44
FUEL-200900,EQ-1009,2023-02-24,78.96
FUEL-200901,EQ-1019,2024-01-13,123.59
FUEL-200902,EQ-1092,2024-01-03,33.93
FUEL-200903,EQ-1139,2023-05-03,35.52
FUEL-200904,EQ-1054,2023-12-01,23.5
FUEL-200905,EQ-1136,2023-05-11,95.17
FUEL-200906,EQ-1074,2023-12-18,36.02
FUEL-200907,EQ-1016,2023-10-09,58.33
FUEL-200908,EQ-1132,2023-05-08,96.5
FUEL-200909,EQ-1069,2023-07-19,89.77
FUEL-200910,EQ-1080,2023-09-19,91.93
FUEL-200911,EQ-1036,2023-05-13,176.28
FUEL-200912,EQ-1007,2023-11-05,47.74
FUEL-200913,EQ-1013,2024-02-22,97.84
FUEL-200914,EQ-1136,2024-04-17,79.16
FUEL-200915,EQ-1062,2023-02-12,110.57
FUEL-200916,EQ-1044,2023-08-23,96.5
FUEL-200917,EQ-1132,2023-02-17,96.5
FUEL-200918,EQ-1018,2023-06-24,78.24
FUEL-200919,EQ-1071,2023-01-17,52.94
FUEL-200920,EQ-1002,2023-01-01,23.9
FUEL-200921,EQ-1011,2023-04-16,158.94
FUEL-200922,EQ-1130,2024-01-18,84.66
FUEL-200923,EQ-1056,2023-02-09,104.89
FUEL-200924,EQ-1090,2024-02-20,138.25
FUEL-200925,EQ-1140,2023-06-25,114.41
FUEL-200926,EQ-1107,2023-10-07,28.19
FUEL-200927,EQ-1091,2024-05-02,42.79
FUEL-200928,EQ-1052,2023-01-11,92.12
FUEL-200929,EQ-1105,2023-08-19,133.74
FUEL-200930,EQ-1047,2024-03-06,171.67
FUEL-200931,EQ-1083,2023-12-01,139.53
FUEL-200932,EQ-1106,2024-02-14,96.5
FUEL-200933,EQ-1076,2023-03-22,109.36
FUEL-200934,EQ-1071,2024-05-09,147.05
FUEL-200935,EQ-1003,2023-04-09,46.42
FUEL-200936,EQ-1047,2023-12-22,40.51
FUEL-200938,EQ-1132,2024-05-03,161.99
FUEL-200939,EQ-1078,2023-10-19,117.38
FUEL-200940,EQ-1029,2023-10-16,132.35
FUEL-200941,EQ-1088,2023-07-31,157.24
FUEL-200942,EQ-1130,2023-08-30,96.5
FUEL-200943,EQ-1137,2024-03-22,22.01
FUEL-200944,EQ-1060,2023-10-22,63.09
FUEL-200945,EQ-1098,2023-02-06,157.45
FUEL-200946,EQ-1046,2023-05-15,35.09
FUEL-200947,EQ-1124,2023-04-09,96.5
FUEL-200948,EQ-1103,2023-09-21,45.16
FUEL-200949,EQ-1050,2023-03-04,96.5
FUEL-200951,EQ-1015,2024-04-22,124.07
FUEL-200952,EQ-1109,2023-11-08,77.96
FUEL-200953,EQ-1106,2023-07-13,116.31
FUEL-200954,EQ-1030,2023-05-23,96.5
FUEL-200956,EQ-1048,2023-08-18,148.94
FUEL-200957,EQ-1048,2024-05-05,51.8
FUEL-200958,EQ-1123,2023-08-07,133.91
FUEL-200959,EQ-1068,2023-06-18,75.9
FUEL-200960,EQ-1137,2023-08-04,161.39
FUEL-200961,EQ-1022,2024-03-12,115.38
FUEL-200962,EQ-1061,2023-11-16,62.05
FUEL-200963,EQ-1032,2023-07-22,173.25
FUEL-200964,EQ-1088,2023-11-21,142.43
FUEL-200965,EQ-1117,2023-06-18,134.56
FUEL-200966,EQ-1034,2024-04-25,103.44
FUEL-200967,EQ-1081,2023-01-09,178.02
FUEL-200968,EQ-1076,2024-03-12,137.08
FUEL-200969,EQ-1082,2023-08-21,89.05
FUEL-200970,EQ-1058,2024-03-06,22.3
FUEL-200971,EQ-1075,2024-02-09,118.46
FUEL-200972,EQ-1136,2023-03-21,142.81
FUEL-200973,EQ-1000,2023-08-11,115.77
FUEL-200974,EQ-1092,2023-07-16,105.86
FUEL-200976,EQ-1060,2023-01-12,173.03
FUEL-200977,EQ-1148,2024-03-18,100.14
FUEL-200978,EQ-1103,2023-03-03,67.33
FUEL-200979,EQ-1070,2024-02-13,83.65
FUEL-200980,EQ-1145,2024-04-01,23.99
FUEL-200981,EQ-1050,2024-02-14,75.76
FUEL-200982,EQ-1062,2023-05-11,72.42
FUEL-200983,EQ-1059,2023-05-29,139.41
FUEL-200984,EQ-1047,2023-08-14,98.5
FUEL-200985,EQ-1053,2023-05-28,37.72
FUEL-200986,EQ-1128,2023-02-10,89.57
FUEL-200987,EQ-1024,2023-03-03,96.09
FUEL-200988,EQ-1056,2023-08-12,118.39
FUEL-200989,EQ-1016,2023-09-15,96.5
FUEL-200990,EQ-1015,2023-01-15,128.4
FUEL-200991,EQ-1043,2024-01-05,96.5
FUEL-200992,EQ-1023,2024-01-08,73.61
FUEL-200993,EQ-1142,2024-03-18,58.98
FUEL-200994,EQ-1063,2023-11-27,166.75
FUEL-200995,EQ-1079,2023-08-07,151.71
FUEL-200996,EQ-1052,2024-04-11,168.53
FUEL-200997,EQ-1026,2023-05-30,115.48
FUEL-200998,EQ-1003,2024-03-19,77.02
FUEL-200999,EQ-1108,2023-03-04,26.63
FUEL-201000,EQ-1096,2023-07-26,108.48
FUEL-201001,EQ-1040,2024-01-09,96.5
FUEL-201002,EQ-1128,2024-02-20,63.91
FUEL-201003,EQ-1137,2024-01-11,164.92
FUEL-201004,EQ-1118,2023-09-09,21.47
FUEL-201005,EQ-1118,2023-12-06,135.62
FUEL-201006,EQ-1121,2023-05-01,30.4
FUEL-201007,EQ-1044,2023-08-11,121.39
FUEL-201008,EQ-1139,2024-04-08,40.64
FUEL-201009,EQ-1117,2024-03-25,96.5
FUEL-201010,EQ-1085,2023-09-21,161.4
FUEL-201011,EQ-1042,2024-01-01,139.05
FUEL-201012,EQ-1127,2023-07-23,127.81
FUEL-201013,EQ-1112,2023-11-03,16.68
FUEL-201014,EQ-1032,2023-04-07,63.44
FUEL-201015,EQ-1020,2023-10-16,96.5
FUEL-201016,EQ-1139,2024-05-12,139.49
FUEL-201017,EQ-1040,2023-05-31,84.71
FUEL-201018,EQ-1012,2024-05-11,142.44
FUEL-201019,EQ-1116,2023-04-02,28.76
FUEL-201020,EQ-1063,2023-03-15,126.69
FUEL-201021,EQ-1019,2023-09-19,96.5
FUEL-201022,EQ-1085,2024-01-02,27.95
FUEL-201023,EQ-1132,2024-03-19,32.26
FUEL-201024,EQ-1142,2023-10-26,96.5
FUEL-201025,EQ-1079,2023-07-17,176.13
FUEL-201026,EQ-1065,2024-04-11,148.08
FUEL-201027,EQ-1046,2024-05-05,145.98
FUEL-201028,EQ-1077,2024-01-17,78.0
FUEL-201029,EQ-1059,2023-09-20,96.5
FUEL-201030,EQ-1114,2024-04-24,15.24
FUEL-201031,EQ-1145,2023-02-14,96.5
FUEL-201032,EQ-1100,2023-11-30,98.7
FUEL-201033,EQ-1025,2024-02-25,156.29
FUEL-201034,EQ-1140,2024-04-24,166.37
FUEL-201035,EQ-1146,2023-01-09,60.75
FUEL-201036,EQ-1096,2024-04-25,31.22
FUEL-201037,EQ-1052,2023-03-16,96.5
FUEL-201038,EQ-1149,2023-02-23,139.22
FUEL-201039,EQ-1132,2023-05-16,41.11
FUEL-201040,EQ-1004,2023-05-07,54.46
FUEL-201041,EQ-1038,2023-12-04,37.13
FUEL-201042,EQ-1141,2023-08-08,115.24
FUEL-201043,EQ-1075,2023-10-21,160.83
FUEL-201044,EQ-1109,2023-03-30,123.18
FUEL-201045,EQ-1043,2023-05-18,127.53
FUEL-201046,EQ-1146,2023-12-08,116.14
FUEL-201047,EQ-1038,2023-05-02,74.63
FUEL-201048,EQ-1021,2024-04-08,133.72
FUEL-201049,EQ-1079,2023-07-01,129.19
FUEL-201050,EQ-1147,2023-05-10,105.85
FUEL-201051,EQ-1136,2023-12-08,105.32
FUEL-201052,EQ-1024,2023-07-24,121.02
FUEL-201053,EQ-1112,2024-03-25,56.61
FUEL-201054,EQ-1110,2023-04-13,41.16
FUEL-201055,EQ-1064,2023-02-23,104.35
FUEL-201056,EQ-1122,2023-06-27,66.51
FUEL-201057,EQ-1069,2023-05-18,129.08
FUEL-201058,EQ-1046,2024-01-22,59.32
FUEL-201059,EQ-1137,2024-01-22,166.65
FUEL-201060,EQ-1140,2023-11-30,133.3
FUEL-201061,EQ-1030,2024-01-16,132.68
FUEL-201062,EQ-1026,2023-12-28,96.5
FUEL-201063,EQ-1049,2023-12-04,167.79
FUEL-201064,EQ-1042,2023-05-25,100.61
FUEL-201065,EQ-1060,2023-01-03,96.5
FUEL-201066,EQ-1143,2024-03-13,155.86
FUEL-201067,EQ-1128,2023-09-21,96.5
FUEL-201068,EQ-1033,2023-07-02,38.79
FUEL-201069,EQ-1088,2023-12-14,143.46
FUEL-201070,EQ-1033,2023-10-28,96.5
FUEL-201071,EQ-1042,2023-03-28,109.41
FUEL-201072,EQ-1146,2024-02-29,125.13
FUEL-201073,EQ-1054,2023-03-28,15.73
FUEL-201075,EQ-1012,2024-04-03,96.5
FUEL-201076,EQ-1130,2024-04-01,23.25
FUEL-201077,EQ-1083,2023-03-01,166.2
FUEL-201078,EQ-1011,2023-01-12,61.31
FUEL-201079,EQ-1028,2023-02-22,63.79
FUEL-201080,EQ-1128,2024-01-04,143.24
FUEL-201081,EQ-1027,2023-03-16,140.41
FUEL-201082,EQ-1034,2023-10-16,27.28
FUEL-201083,EQ-1079,2024-05-15,128.83
FUEL-201084,EQ-1086,2023-12-11,144.96
FUEL-201085,EQ-1077,2023-08-13,149.02
FUEL-201086,EQ-1012,2023-04-29,33.88
FUEL-201088,EQ-1139,2023-11-27,59.89
FUEL-201089,EQ-1056,2023-10-05,179.72
FUEL-201090,EQ-1028,2024-03-08,113.57
FUEL-201091,EQ-1029,2023-11-16,48.87
FUEL-201092,EQ-1100,2023-12-01,89.34
FUEL-201093,EQ-1067,2023-01-12,34.32
FUEL-201094,EQ-1027,2023-01-03,41.22
FUEL-201095,EQ-1088,2024-01-31,115.3
FUEL-201096,EQ-1128,2023-03-03,178.49
FUEL-201097,EQ-1028,2023-06-27,120.84
FUEL-201098,EQ-1054,2023-05-19,179.24
FUEL-201099,EQ-1069,2023-01-26,68.77
FUEL-201100,EQ-1138,2023-02-17,29.15
FUEL-201101,EQ-1120,2023-10-29,152.94
FUEL-201102,EQ-1060,2023-12-29,108.54
FUEL-201103,EQ-1110,2023-05-23,109.91
FUEL-201104,EQ-1113,2023-11-16,151.89
FUEL-201105,EQ-1006,2023-10-04,73.97
FUEL-201106,EQ-1136,2023-04-11,135.93
FUEL-201107,EQ-1085,2023-05-12,145.85
FUEL-201108,EQ-1105,2023-09-22,96.5
FUEL-201109,EQ-1142,2024-03-23,113.71
FUEL-201111,EQ-1063,2024-05-08,137.2
FUEL-201112,EQ-1029,2023-03-26,19.86
FUEL-201113,EQ-1128,2024-03-16,175.26
FUEL-201114,EQ-1015,2023-05-11,82.86
FUEL-201115,EQ-1127,2023-02-17,87.67
FUEL-201116,EQ-1090,2023-02-14,96.5
FUEL-201117,EQ-1017,2024-02-29,65.08
FUEL-201118,EQ-1076,2023-06-09,33.07
FUEL-201119,EQ-1089,2023-05-07,50.82
FUEL-201120,EQ-1149,2024-05-14,81.38
FUEL-201121,EQ-1091,2023-12-26,96.5
FUEL-201122,EQ-1061,2023-02-23,96.5
FUEL-201123,EQ-1088,2024-02-06,93.01
FUEL-201124,EQ-1140,2023-04-30,23.05
FUEL-201125,EQ-1026,2023-10-19,49.04
FUEL-201126,EQ-1058,2023-07-03,43.61
FUEL-201127,EQ-1106,2023-06-25,31.27
FUEL-201128,EQ-1085,2023-12-02,28.57
FUEL-201129,EQ-1141,2023-03-07,23.5
FUEL-201130,EQ-1083,2024-03-17,92.72
FUEL-201131,EQ-1079,2023-01-09,51.31
FUEL-201132,EQ-1028,2024-01-25,44.32
FUEL-201133,EQ-1142,2024-03-27,168.99
FUEL-201134,EQ-1060,2023-05-02,169.2
FUEL-201135,EQ-1106,2023-05-10,115.9
FUEL-201136,EQ-1012,2023-04-17,99.73
FUEL-201137,EQ-1119,2023-01-02,160.0
FUEL-201138,EQ-1085,2023-06-22,147.86
FUEL-201139,EQ-1094,2023-02-21,17.51
FUEL-201140,EQ-1019,2023-08-29,71.41
FUEL-201141,EQ-1093,2024-03-27,39.84
FUEL-201142,EQ-1051,2023-07-30,65.34
FUEL-201143,EQ-1093,2023-12-20,77.8
FUEL-201144,EQ-1044,2023-04-17,53.11
FUEL-201145,EQ-1115,2023-02-16,136.43
FUEL-201146,EQ-1091,2024-04-14,25.8
FUEL-201147,EQ-1017,2023-06-12,96.5
FUEL-201148,EQ-1148,2023-04-19,119.67
FUEL-201149,EQ-1029,2024-01-08,27.4
FUEL-201150,EQ-1019,2023-01-21,22.93
FUEL-201151,EQ-1084,2023-04-06,103.25
FUEL-201153,EQ-1046,2023-03-11,136.74
FUEL-201154,EQ-1002,2023-03-27,168.24
FUEL-201155,EQ-1125,2024-01-31,146.07
FUEL-201156,EQ-1080,2023-06-09,57.29
FUEL-201157,EQ-1060,2024-01-26,89.84
FUEL-201158,EQ-1148,2023-12-27,99.03
FUEL-201159,EQ-1119,2023-10-06,58.98
FUEL-201160,EQ-1069,2023-11-21,103.42
FUEL-201161,EQ-1134,2023-07-01,175.16
FUEL-201162,EQ-1020,2023-12-25,30.35
FUEL-201163,EQ-1033,2023-07-14,53.66
FUEL-201164,EQ-1136,2023-03-08,49.91
FUEL-201165,EQ-1090,2023-06-15,134.52
FUEL-201166,EQ-1028,2024-03-04,87.83
FUEL-201167,EQ-1055,2023-01-31,96.5
FUEL-201168,EQ-1054,2023-05-11,171.38
FUEL-201169,EQ-1144,2023-03-01,105.59
FUEL-201170,EQ-1040,2023-09-22,166.5
FUEL-201171,EQ-1082,2023-01-07,16.8
FUEL-201172,EQ-1009,2023-07-20,174.92
FUEL-201173,EQ-1085,2023-07-22,139.33
FUEL-201174,EQ-1041,2023-12-12,173.13
FUEL-201175,EQ-1078,2023-05-18,156.75
FUEL-201176,EQ-1115,2023-06-25,104.78
FUEL-201177,EQ-1082,2023-06-16,164.74
FUEL-201178,EQ-1133,2023-11-28,173.34
FUEL-201179,EQ-1062,2023-01-29,96.5
FUEL-201180,EQ-1144,2023-12-26,96.5
FUEL-201181,EQ-1079,2024-03-25,150.32
FUEL-201182,EQ-1103,2024-03-21,88.98
FUEL-201183,EQ-1015,2023-12-17,51.53
FUEL-201184,EQ-1075,2023-10-25,135.57
FUEL-201185,EQ-1036,2023-02-16,56.66
FUEL-201186,EQ-1050,2023-08-10,119.72
FUEL-201187,EQ-1111,2023-06-02,27.22
FUEL-201188,EQ-1066,2024-04-10,96.5
FUEL-201189,EQ-1088,2023-07-11,136.65
FUEL-201190,EQ-1141,2024-03-05,113.31
FUEL-201191,EQ-1094,2023-01-08,39.55
FUEL-201192,EQ-1143,2023-09-15,135.26
FUEL-201193,EQ-1136,2023-11-21,102.19
FUEL-201194,EQ-1025,2023-01-16,102.49
FUEL-201195,EQ-1072,2024-05-03,85.17
FUEL-201196,EQ-1065,2024-03-20,88.45
FUEL-201197,EQ-1117,2023-11-23,176.56
FUEL-201198,EQ-1089,2023-01-28,96.5
FUEL-201199,EQ-1113,2023-10-19,154.39
FUEL-201200,EQ-1012,2024-04-21,137.29
FUEL-201201,EQ-1067,2023-03-29,65.87
FUEL-201202,EQ-1078,2023-09-13,100.5
FUEL-201203,EQ-1124,2024-02-22,115.63
FUEL-201204,EQ-1041,2023-03-10,118.71
FUEL-201205,EQ-1101,2023-10-11,53.88
FUEL-201206,EQ-1002,2024-02-04,31.51
FUEL-201207,EQ-1026,2024-04-07,64.83
FUEL-201208,EQ-1119,2024-03-26,70.46
FUEL-201209,EQ-1113,2023-05-24,84.16
FUEL-201210,EQ-1113,2023-02-21,172.97
FUEL-201211,EQ-1132,2023-07-08,34.42
FUEL-201212,EQ-1133,2023-09-10,137.04
FUEL-201213,EQ-1044,2023-06-16,169.21
FUEL-201214,EQ-1133,2023-04-14,23.78
FUEL-201215,EQ-1022,2024-01-15,130.54
FUEL-201216,EQ-1023,2023-06-10,161.21
FUEL-201217,EQ-1048,2024-02-03,103.94
FUEL-201218,EQ-1067,2024-03-14,96.5
FUEL-201219,EQ-1127,2023-01-23,46.86
FUEL-201220,EQ-1073,2023-03-25,78.72
FUEL-201221,EQ-1027,2023-11-19,36.71
FUEL-201222,EQ-1000,2023-09-05,53.86
FUEL-201223,EQ-1029,2024-01-04,129.23
FUEL-201224,EQ-1053,2024-02-28,74.38
FUEL-201225,EQ-1011,2023-10-09,96.5
FUEL-201226,EQ-1051,2024-05-03,172.8
FUEL-201227,EQ-1142,2023-06-05,36.76
FUEL-201228,EQ-1096,2023-10-10,159.44
FUEL-201229,EQ-1075,2024-02-18,53.68
FUEL-201230,EQ-1125,2023-11-21,162.82
FUEL-201231,EQ-1033,2023-05-08,96.5
FUEL-201233,EQ-1108,2023-06-10,34.96
FUEL-201234,EQ-1131,2023-10-08,150.18
FUEL-201235,EQ-1044,2024-01-03,59.21
FUEL-201236,EQ-1100,2024-03-11,139.98
FUEL-201237,EQ-1149,2023-11-28,128.15
FUEL-201238,EQ-1049,2023-03-06,34.71
FUEL-201239,EQ-1149,2023-10-18,39.21
FUEL-201240,EQ-1028,2023-05-03,156.15
FUEL-201241,EQ-1020,2024-02-03,93.88
FUEL-201242,EQ-1013,2024-03-23,96.25
FUEL-201243,EQ-1067,2024-01-31,48.11
FUEL-201244,EQ-1055,2023-09-09,96.5
FUEL-201245,EQ-1054,2024-02-06,164.26
FUEL-201246,EQ-1013,2023-07-24,90.01
FUEL-201247,EQ-1062,2024-05-03,110.96
FUEL-201248,EQ-1113,2024-04-08,53.67
FUEL-201249,EQ-1059,2023-06-20,45.42
FUEL-201250,EQ-1136,2024-01-06,68.88
FUEL-201251,EQ-1074,2023-12-14,136.83
FUEL-201252,EQ-1134,2023-03-03,61.18
FUEL-201253,EQ-1009,2024-03-26,90.0
FUEL-201254,EQ-1109,2023-03-01,93.52
FUEL-201255,EQ-1005,2023-02-02,158.96
FUEL-201256,EQ-1122,2023-05-07,57.97
FUEL-201257,EQ-1130,2023-10-16,118.6
FUEL-201258,EQ-1132,2024-04-03,96.5
FUEL-201259,EQ-1042,2024-05-15,15.32
FUEL-201260,EQ-1002,2023-10-14,143.6
FUEL-201261,EQ-1080,2024-02-09,153.63
FUEL-201263,EQ-1112,2024-01-12,146.13
FUEL-201264,EQ-1069,2023-10-10,116.71
FUEL-201265,EQ-1127,2023-12-26,120.95
FUEL-201266,EQ-1034,2024-03-23,160.62
FUEL-201267,EQ-1147,2024-03-08,20.15
FUEL-201268,EQ-1109,2024-03-01,96.5
FUEL-201269,EQ-1056,2023-10-05,79.83
FUEL-201270,EQ-1010,2023-08-28,150.18
FUEL-201271,EQ-1069,2024-02-27,58.35
FUEL-201272,EQ-1042,2023-08-14,96.5
FUEL-201273,EQ-1026,2023-09-16,52.0
FUEL-201274,EQ-1033,2023-03-24,164.54
FUEL-201275,EQ-1095,2023-03-23,175.24
FUEL-201276,EQ-1037,2023-05-04,78.31
FUEL-201277,EQ-1059,2023-10-05,91.75
FUEL-201278,EQ-1119,2023-02-26,96.5
FUEL-201279,EQ-1048,2023-12-26,62.26
FUEL-201280,EQ-1015,2023-11-11,143.91
FUEL-201281,EQ-1129,2023-09-08,35.76
FUEL-201282,EQ-1023,2024-01-26,96.5
FUEL-201284,EQ-1005,2023-01-17,152.99
FUEL-201285,EQ-1040,2024-01-11,137.94
FUEL-201286,EQ-1053,2024-04-11,118.12
FUEL-201287,EQ-1038,2023-03-24,129.44
FUEL-201288,EQ-1072,2024-01-29,113.95
FUEL-201289,EQ-1044,2023-05-29,27.51
FUEL-201290,EQ-1079,2023-01-13,58.04
FUEL-201291,EQ-1001,2023-12-15,42.27
FUEL-201292,EQ-1115,2023-07-12,153.54
FUEL-201293,EQ-1052,2024-11-04,19.8
FUEL-201294,EQ-1017,2023-04-01,50.85
FUEL-201295,EQ-1142,2023-02-27,96.5
FUEL-201296,EQ-1099,2023-03-29,67.29
FUEL-201297,EQ-1033,2024-02-13,146.59
FUEL-201298,EQ-1047,2024-03-28,161.15
FUEL-201299,EQ-1033,2023-01-30,96.5
FUEL-201300,EQ-1017,2023-10-04,80.56
FUEL-201301,EQ-1107,2023-08-09,96.5
FUEL-201302,EQ-1024,2023-09-08,93.47
FUEL-201303,EQ-1020,2023-04-20,33.53
FUEL-201304,EQ-1026,2024-01-01,106.84
FUEL-201306,EQ-1063,2024-02-09,96.5
FUEL-201307,EQ-1103,2023-10-04,129.51
FUEL-201308,EQ-1013,2024-04-24,131.79
FUEL-201309,EQ-1121,2023-03-26,67.95
FUEL-201310,EQ-1032,2024-04-10,161.21
FUEL-201311,EQ-1047,2024-05-05,75.35
FUEL-201312,EQ-1080,2023-11-17,36.86
FUEL-201313,EQ-1064,2024-02-05,95.02
FUEL-201314,EQ-1048,2023-10-16,104.67
FUEL-201315,EQ-1102,2023-08-07,110.43
FUEL-201316,EQ-1009,2023-08-24,79.38
FUEL-201317,EQ-1136,2023-01-08,19.19
FUEL-201318,EQ-1046,2023-11-01,68.61
FUEL-201319,EQ-1133,2023-05-24,103.73
FUEL-201320,EQ-1083,2024-01-01,163.94
FUEL-201321,EQ-1020,2023-12-06,83.56
FUEL-201322,EQ-1062,2024-04-18,15.99
FUEL-201323,EQ-1067,2023-04-28,41.48
FUEL-201324,EQ-1016,2024-03-26,121.43
FUEL-201325,EQ-1064,2023-08-17,102.05
FUEL-201326,EQ-1124,2023-07-04,125.0
FUEL-201327,EQ-1137,2024-04-22,81.77
FUEL-201328,EQ-1019,2023-02-23,64.95
FUEL-201329,EQ-1121,2023-04-10,63.41
FUEL-201330,EQ-1118,2023-05-27,120.22
FUEL-201331,EQ-1087,2024-01-13,157.2
FUEL-201332,EQ-1072,2024-01-21,28.58
FUEL-201333,EQ-1018,2024-01-07,168.52
FUEL-201334,EQ-1088,2024-02-23,103.73
FUEL-201335,EQ-1138,2023-01-30,107.11
FUEL-201336,EQ-1065,2023-07-23,167.83
FUEL-201337,EQ-1010,2023-07-24,54.39
FUEL-201338,EQ-1085,2023-06-18,52.41
FUEL-201339,EQ-1022,2023-05-15,110.36
FUEL-201340,EQ-1042,2023-09-14,96.5
FUEL-201341,EQ-1100,2023-08-08,29.47
FUEL-201342,EQ-1145,2023-11-01,96.5
FUEL-201343,EQ-1005,2023-04-16,17.16
FUEL-201344,EQ-1130,2024-02-27,26.47
FUEL-201345,EQ-1036,2024-05-03,96.5
FUEL-201346,EQ-1075,2024-04-23,109.69
FUEL-201347,EQ-1092,2024-05-04,176.07
FUEL-201348,EQ-1018,2024-05-05,62.62
FUEL-201349,EQ-1048,2023-04-19,127.56
FUEL-201350,EQ-1029,2023-08-13,63.84
FUEL-201351,EQ-1143,2024-04-11,140.24
FUEL-201352,EQ-1051,2023-02-18,52.33
FUEL-201353,EQ-1127,2023-07-13,174.51
FUEL-201354,EQ-1056,2023-08-20,129.63
FUEL-201355,EQ-1135,2023-12-17,158.95
FUEL-201356,EQ-1049,2024-05-03,129.8
FUEL-201357,EQ-1105,2023-04-21,96.5
FUEL-201358,EQ-1036,2023-02-03,112.69
FUEL-201359,EQ-1089,2023-03-08,28.86
FUEL-201360,EQ-1146,2023-07-18,156.87
FUEL-201361,EQ-1065,2023-07-04,26.6
FUEL-201362,EQ-1035,2023-01-20,27.02
FUEL-201363,EQ-1109,2023-01-12,159.89
FUEL-201364,EQ-1008,2023-05-27,24.98
FUEL-201365,EQ-1072,2023-10-10,170.27
FUEL-201366,EQ-1132,2023-07-16,148.12
FUEL-201367,EQ-1072,2024-02-17,114.09
FUEL-201368,EQ-1036,2023-11-14,91.83
FUEL-201369,EQ-1002,2024-03-02,140.19
FUEL-201370,EQ-1048,2024-04-29,91.25
FUEL-201371,EQ-1093,2023-11-22,96.5
FUEL-201372,EQ-1133,2023-04-11,159.81
FUEL-201373,EQ-1092,2023-06-25,40.74
FUEL-201374,EQ-1101,2024-01-26,65.17
FUEL-201375,EQ-1053,2023-08-22,15.47
FUEL-201376,EQ-1066,2024-04-03,56.08
FUEL-201377,EQ-1014,2024-02-11,129.7
FUEL-201378,EQ-1015,2023-04-19,18.24
FUEL-201379,EQ-1069,2023-04-21,111.93
FUEL-201380,EQ-1061,2024-02-24,102.29
FUEL-201381,EQ-1123,2024-03-25,125.66
FUEL-201382,EQ-1039,2023-03-25,75.43
FUEL-201383,EQ-1111,2024-03-06,71.31
FUEL-201384,EQ-1022,2023-11-05,115.61
FUEL-201385,EQ-1035,2024-03-15,162.06
FUEL-201386,EQ-1044,2023-04-08,62.48
FUEL-201387,EQ-1005,2024-01-10,51.37
FUEL-201388,EQ-1045,2023-05-10,39.18
FUEL-201389,EQ-1058,2023-02-04,119.23
FUEL-201390,EQ-1123,2023-08-28,176.12
FUEL-201391,EQ-1091,2023-09-18,118.86
FUEL-201392,EQ-1099,2024-03-14,106.45
FUEL-201393,EQ-1125,2023-04-23,179.91
FUEL-201394,EQ-1026,2024-04-15,35.94
FUEL-201395,EQ-1145,2023-09-26,90.9
FUEL-201396,EQ-1006,2023-06-12,147.53
FUEL-201397,EQ-1011,2023-09-10,146.21
FUEL-201398,EQ-1097,2024-03-29,96.5
FUEL-201399,EQ-1124,2023-02-06,96.5
FUEL-201400,EQ-1020,2024-01-09,42.83
FUEL-201401,EQ-1066,2023-04-06,81.62
FUEL-201402,EQ-1123,2023-08-02,159.59
FUEL-201403,EQ-1032,2024-01-12,111.03
FUEL-201404,EQ-1000,2023-12-21,130.02
FUEL-201405,EQ-1063,2023-03-06,54.62
FUEL-201406,EQ-1009,2024-02-18,25.14
FUEL-201407,EQ-1104,2023-12-31,142.9
FUEL-201408,EQ-1020,2024-01-13,26.0
FUEL-201409,EQ-1018,2023-09-26,108.45
FUEL-201410,EQ-1126,2023-10-01,96.5
FUEL-201411,EQ-1081,2023-06-04,30.69
FUEL-201413,EQ-1060,2023-07-03,96.5
FUEL-201414,EQ-1105,2023-05-11,36.43
FUEL-201415,EQ-1069,2023-04-09,169.32
FUEL-201416,EQ-1059,2024-01-21,96.5
FUEL-201418,EQ-1088,2023-12-08,96.5
FUEL-201419,EQ-1033,2023-03-24,96.5
FUEL-201420,EQ-1024,2023-10-11,89.04
FUEL-201421,EQ-1049,2024-01-20,35.28
FUEL-201422,EQ-1009,2023-07-27,96.5
FUEL-201423,EQ-1142,2023-09-04,134.83
FUEL-201424,EQ-1026,2023-01-10,72.07
FUEL-201425,EQ-1069,2023-04-05,155.78
FUEL-201426,EQ-1032,2024-05-15,122.36
FUEL-201427,EQ-1049,2023-03-26,45.4
FUEL-201428,EQ-1046,2023-08-18,100.44
FUEL-201429,EQ-1125,2024-03-23,160.16
FUEL-201430,EQ-1125,2024-01-08,125.18
FUEL-201432,EQ-1012,2023-04-07,166.69
FUEL-201433,EQ-1053,2023-07-03,54.58
FUEL-201434,EQ-1050,2023-07-26,98.78
FUEL-201435,EQ-1077,2023-11-12,33.85
FUEL-201436,EQ-1056,2023-12-30,41.67
FUEL-201437,EQ-1099,2023-09-12,104.37
FUEL-201438,EQ-1022,2023-09-15,52.88
FUEL-201439,EQ-1076,2023-04-05,33.55
FUEL-201440,EQ-1130,2023-03-30,57.76
FUEL-201441,EQ-1146,2023-02-28,85.72
FUEL-201442,EQ-1069,2023-09-10,120.68
FUEL-201444,EQ-1066,2024-04-24,68.66
FUEL-201445,EQ-1084,2023-02-25,23.7
FUEL-201446,EQ-1076,2023-09-07,75.07
FUEL-201447,EQ-1110,2023-02-12,64.26
FUEL-201448,EQ-1024,2023-06-09,48.77
FUEL-201449,EQ-1038,2023-07-10,167.75
FUEL-201450,EQ-1054,2024-01-21,96.5
FUEL-201451,EQ-1057,2023-02-13,128.82
FUEL-201452,EQ-1067,2024-02-03,36.64
FUEL-201453,EQ-1117,2023-02-02,124.42
FUEL-201454,EQ-1036,2023-07-21,92.04
FUEL-201455,EQ-1014,2024-01-01,150.03
FUEL-201456,EQ-1089,2024-01-20,64.37
FUEL-201457,EQ-1136,2023-11-21,79.43
FUEL-201458,EQ-1079,2023-03-09,96.5
FUEL-201459,EQ-1091,2023-02-11,147.32
FUEL-201460,EQ-1144,2023-11-26,53.92
FUEL-201461,EQ-1115,2023-12-16,66.38
FUEL-201462,EQ-1149,2024-04-20,39.86
FUEL-201463,EQ-1091,2023-05-13,44.48
FUEL-201464,EQ-1058,2023-02-21,153.72
FUEL-201465,EQ-1068,2024-04-20,18.04
FUEL-201466,EQ-1054,2023-06-14,102.16
FUEL-201467,EQ-1056,2024-03-12,80.74
FUEL-201468,EQ-1020,2023-10-03,61.61
FUEL-201469,EQ-1044,2023-02-11,48.7
FUEL-201470,EQ-1127,2023-01-22,132.48
FUEL-201471,EQ-1053,2023-07-15,93.25
FUEL-201472,EQ-1082,2023-08-29,135.91
FUEL-201473,EQ-1077,2023-09-15,34.45
FUEL-201474,EQ-1096,2023-10-21,118.97
FUEL-201475,EQ-1103,2024-05-01,166.47
FUEL-201476,EQ-1105,2023-08-21,116.99
FUEL-201477,EQ-1086,2024-02-14,115.96
FUEL-201478,EQ-1144,2023-04-17,137.06
FUEL-201479,EQ-1028,2023-11-20,158.12
FUEL-201480,EQ-1048,2024-03-18,96.5
FUEL-201481,EQ-1055,2023-08-20,90.26
FUEL-201482,EQ-1103,2024-02-05,77.34
FUEL-201483,EQ-1111,2023-07-19,106.06
FUEL-201484,EQ-1029,2023-04-17,157.07
FUEL-201485,EQ-1072,2024-05-10,109.17
FUEL-201486,EQ-1047,2024-07-04,136.63
FUEL-201487,EQ-1127,2024-06-01,142.39
FUEL-201488,EQ-1145,2024-02-20,113.51
FUEL-201489,EQ-1020,2023-04-02,18.97
FUEL-201490,EQ-1059,2023-04-18,16.16
FUEL-201491,EQ-1141,2024-03-31,27.92
FUEL-201492,EQ-1020,2023-04-26,138.53
FUEL-201493,EQ-1061,2023-10-07,128.47
FUEL-201494,EQ-1055,2024-04-26,141.54
FUEL-201495,EQ-1050,2024-04-28,83.32
FUEL-201496,EQ-1073,2024-03-29,32.77
FUEL-201497,EQ-1028,2023-11-27,39.94
FUEL-201498,EQ-1148,2023-04-05,132.48
FUEL-201499,EQ-1087,2024-01-01,164.6
FUEL-201500,EQ-1009,2023-12-15,52.9
FUEL-201501,EQ-1036,2023-12-01,87.57
FUEL-201502,EQ-1060,2024-02-15,15.97
FUEL-201503,EQ-1137,2023-04-15,37.88
FUEL-201504,EQ-1076,2023-02-17,40.62
FUEL-201505,EQ-1149,2023-03-08,165.61
FUEL-201506,EQ-1023,2023-01-06,43.87
FUEL-201507,EQ-1061,2024-05-11,64.63
FUEL-201508,EQ-1089,2023-01-24,96.5
FUEL-201509,EQ-1096,2024-01-26,92.31
FUEL-201510,EQ-1119,2024-02-08,167.83
FUEL-201511,EQ-1136,2023-08-13,96.5
FUEL-201512,EQ-1043,2024-01-29,30.43
FUEL-201513,EQ-1079,2023-02-02,96.5
FUEL-201514,EQ-1038,2023-06-26,93.99
FUEL-201515,EQ-1142,2023-03-24,152.13
FUEL-201516,EQ-1131,2023-01-14,60.26
FUEL-201517,EQ-1144,2023-01-13,123.6
FUEL-201519,EQ-1005,2024-03-31,78.78
FUEL-201520,EQ-1041,2023-03-26,46.68
FUEL-201521,EQ-1141,2023-11-30,96.5
FUEL-201523,EQ-1006,2023-08-12,93.1
FUEL-201524,EQ-1013,2024-04-02,79.87
FUEL-201525,EQ-1009,2023-05-16,132.69
FUEL-201526,EQ-1149,2024-04-10,151.07
FUEL-201527,EQ-1080,2023-08-20,53.05
FUEL-201528,EQ-1069,2024-02-23,96.5
FUEL-201529,EQ-1086,2023-10-08,71.63
FUEL-201530,EQ-1110,2023-03-06,113.43
FUEL-201531,EQ-1070,2023-11-10,169.24
FUEL-201532,EQ-1060,2023-04-20,77.87
FUEL-201533,EQ-1090,2023-06-22,96.5
FUEL-201534,EQ-1040,2024-04-01,96.5
FUEL-201535,EQ-1048,2023-10-06,129.84
FUEL-201536,EQ-1115,2023-11-01,68.67
FUEL-201537,EQ-1139,2023-04-07,42.59
FUEL-201538,EQ-1029,2024-01-09,18.01
FUEL-201539,EQ-1115,2024-02-25,136.44
FUEL-201540,EQ-1143,2024-01-07,65.98
FUEL-201541,EQ-1144,2023-08-09,116.75
FUEL-201542,EQ-1118,2024-03-18,169.36
FUEL-201543,EQ-1139,2023-07-12,163.08
FUEL-201544,EQ-1012,2023-01-17,28.8
FUEL-201545,EQ-1058,2023-06-25,138.15
FUEL-201546,EQ-1003,2024-05-14,100.27
FUEL-201547,EQ-1066,2024-03-21,131.75
FUEL-201548,EQ-1040,2024-02-16,132.0
FUEL-201549,EQ-1076,2023-02-07,92.28
FUEL-201550,EQ-1047,2023-09-06,116.91
FUEL-201551,EQ-1038,2023-01-03,91.78
FUEL-201552,EQ-1064,2024-02-21,56.27
FUEL-201553,EQ-1069,2023-10-12,79.21
FUEL-201554,EQ-1120,2023-05-30,58.42
FUEL-201555,EQ-1002,2023-03-15,96.5
FUEL-201556,EQ-1139,2023-02-24,64.44
FUEL-201557,EQ-1125,2023-06-26,83.69
FUEL-201558,EQ-1055,2023-05-10,50.19
FUEL-201559,EQ-1066,2024-04-21,99.94
FUEL-201560,EQ-1058,2023-10-11,171.34
FUEL-201561,EQ-1021,2023-10-25,145.56
FUEL-201562,EQ-1036,2024-04-10,65.4
FUEL-201563,EQ-1133,2024-02-23,88.24
FUEL-201564,EQ-1013,2023-04-18,94.44
FUEL-201565,EQ-1079,2023-11-09,41.4
FUEL-201566,EQ-1090,2023-06-25,53.88
FUEL-201567,EQ-1063,2023-03-03,103.5
FUEL-201568,EQ-1006,2024-02-23,132.21
FUEL-201569,EQ-1121,2023-04-26,57.77
FUEL-201570,EQ-1071,2023-09-12,158.34
FUEL-201571,EQ-1051,2024-02-28,96.5
FUEL-201572,EQ-1038,2024-03-28,87.24
FUEL-201573,EQ-1063,2023-08-30,128.79
FUEL-201574,EQ-1048,2023-05-29,91.45
FUEL-201575,EQ-1116,2023-12-07,38.76
FUEL-201576,EQ-1048,2023-11-13,120.41
FUEL-201577,EQ-1027,2023-10-31,88.89
FUEL-201578,EQ-1081,2023-12-03,114.68
FUEL-201579,EQ-1095,2023-01-10,53.04
FUEL-201580,EQ-1073,2024-03-09,63.18
FUEL-201581,EQ-1062,2023-01-28,147.95
FUEL-201582,EQ-1065,2023-03-29,25.93
FUEL-201583,EQ-1045,2023-07-26,63.06
FUEL-201584,EQ-1051,2023-07-22,96.5
FUEL-201585,EQ-1063,2023-02-06,61.09
FUEL-201586,EQ-1000,2023-11-13,129.04
FUEL-201587,EQ-1100,2023-05-24,148.43
FUEL-201588,EQ-1086,2024-03-20,83.76
FUEL-201589,EQ-1105,2023-08-21,168.42
FUEL-201590,EQ-1122,2023-02-01,45.75
FUEL-201591,EQ-1036,2023-03-03,112.3
FUEL-201592,EQ-1017,2023-06-02,162.16
FUEL-201593,EQ-1113,2024-01-10,37.71
FUEL-201594,EQ-1102,2023-03-18,81.15
FUEL-201595,EQ-1009,2023-01-20,120.53
FUEL-201596,EQ-1142,2023-10-25,157.52
FUEL-201597,EQ-1056,2023-11-15,137.4
FUEL-201598,EQ-1036,2023-07-16,125.91
FUEL-201599,EQ-1012,2023-06-30,143.83
FUEL-201600,EQ-1105,2023-09-25,96.5
FUEL-201601,EQ-1075,2023-08-18,111.59
FUEL-201602,EQ-1102,2024-02-02,164.77
FUEL-201603,EQ-1010,2023-10-06,78.24
FUEL-201604,EQ-1109,2024-01-10,157.49
FUEL-201606,EQ-1143,2023-05-22,31.12
FUEL-201607,EQ-1117,2023-06-12,96.5
FUEL-201608,EQ-1120,2023-02-11,123.35
FUEL-201609,EQ-1137,2023-12-15,85.35
FUEL-201610,EQ-1010,2024-03-30,43.19
FUEL-201611,EQ-1045,2023-12-14,30.26
FUEL-201612,EQ-1092,2023-10-15,149.37
FUEL-201613,EQ-1076,2024-04-09,177.62
FUEL-201614,EQ-1133,2023-05-16,161.87
FUEL-201615,EQ-1019,2023-08-22,63.92
FUEL-201616,EQ-1113,2023-04-18,127.24
FUEL-201617,EQ-1116,2023-01-14,37.01
FUEL-201618,EQ-1068,2024-03-10,133.28
FUEL-201619,EQ-1064,2024-04-06,104.2
FUEL-201620,EQ-1125,2023-04-29,96.5
FUEL-201621,EQ-1020,2024-04-14,44.52
FUEL-201622,EQ-1003,2023-01-13,99.42
FUEL-201623,EQ-1034,2023-05-08,96.5
FUEL-201624,EQ-1079,2023-02-21,118.24
FUEL-201626,EQ-1064,2023-02-24,69.34
FUEL-201627,EQ-1080,2023-02-19,65.03
FUEL-201628,EQ-1082,2023-01-14,148.47
FUEL-201629,EQ-1094,2023-12-13,163.39
FUEL-201631,EQ-1093,2024-04-26,179.69
FUEL-201632,EQ-1106,2023-11-03,154.14
FUEL-201633,EQ-1018,2023-01-31,84.67
FUEL-201634,EQ-1108,2023-10-04,92.06
FUEL-201635,EQ-1080,2023-10-03,154.8
FUEL-201636,EQ-1009,2023-06-22,98.67
FUEL-201637,EQ-1087,2023-04-19,172.07
FUEL-201638,EQ-1058,2023-10-19,99.78
FUEL-201639,EQ-1007,2023-05-10,163.65
FUEL-201640,EQ-1106,2024-01-09,16.31
FUEL-201641,EQ-1067,2024-01-28,96.5
FUEL-201642,EQ-1141,2023-07-18,57.82
FUEL-201643,EQ-1124,2023-09-26,61.98
FUEL-201644,EQ-1072,2023-07-23,131.87
FUEL-201645,EQ-1064,2023-02-25,61.17
FUEL-201646,EQ-1038,2023-03-01,129.77
FUEL-201647,EQ-1102,2023-02-28,21.45
FUEL-201648,EQ-1085,2024-04-10,59.72
FUEL-201649,EQ-1100,2023-10-17,45.04
FUEL-201650,EQ-1049,2024-01-03,152.5
FUEL-201651,EQ-1014,2024-04-11,48.35
FUEL-201652,EQ-1038,2023-03-16,96.5
FUEL-201653,EQ-1082,2024-02-08,96.5
FUEL-201654,EQ-1042,2023-11-14,70.27
FUEL-201655,EQ-1035,2023-10-21,135.7
FUEL-201656,EQ-1085,2023-10-05,121.49
FUEL-201657,EQ-1039,2023-08-31,149.5
FUEL-201658,EQ-1092,2024-01-04,177.95
FUEL-201659,EQ-1104,2023-11-07,32.39
FUEL-201660,EQ-1084,2023-04-19,106.34
FUEL-201661,EQ-1086,2023-11-11,36.52
FUEL-201662,EQ-1037,2023-11-20,105.91
FUEL-201663,EQ-1083,2023-11-17,174.22
FUEL-201664,EQ-1011,2024-02-17,156.21
FUEL-201665,EQ-1011,2023-07-18,104.08
FUEL-201666,EQ-1148,2023-10-23,154.4
FUEL-201667,EQ-1101,2023-01-20,96.5
FUEL-201668,EQ-1093,2023-11-02,109.68
FUEL-201669,EQ-1004,2023-04-06,172.67
FUEL-201670,EQ-1128,2024-03-26,172.32
FUEL-201671,EQ-1119,2023-08-18,65.75
FUEL-201672,EQ-1036,2024-04-24,51.36
FUEL-201673,EQ-1063,2023-03-13,143.77
FUEL-201674,EQ-1004,2023-06-05,125.84
FUEL-201675,EQ-1028,2023-02-15,121.76
FUEL-201676,EQ-1131,2024-01-21,126.98
FUEL-201677,EQ-1018,2023-07-19,96.5
FUEL-201678,EQ-1026,2023-05-07,170.16
FUEL-201679,EQ-1085,2024-04-26,157.76
FUEL-201680,EQ-1044,2023-01-30,61.82
FUEL-201681,EQ-1005,2023-02-22,120.6
FUEL-201682,EQ-1052,2024-04-05,20.39
FUEL-201683,EQ-1040,2023-04-11,86.74
FUEL-201684,EQ-1108,2023-08-08,149.65
FUEL-201685,EQ-1051,2023-07-15,30.61
FUEL-201686,EQ-1129,2024-03-05,128.49
FUEL-201687,EQ-1120,2024-04-29,92.49
FUEL-201688,EQ-1014,2024-02-06,58.98
FUEL-201689,EQ-1099,2023-08-25,41.02
FUEL-201690,EQ-1007,2023-09-18,118.0
FUEL-201691,EQ-1146,2023-08-10,95.95
FUEL-201692,EQ-1038,2023-05-08,42.34
FUEL-201693,EQ-1022,2023-05-07,96.5
FUEL-201694,EQ-1100,2023-02-06,112.1
FUEL-201695,EQ-1038,2024-04-11,96.5
FUEL-201696,EQ-1093,2024-01-05,156.24
FUEL-201697,EQ-1109,2024-01-13,139.08
FUEL-201698,EQ-1039,2024-01-27,113.93
FUEL-201699,EQ-1069,2023-09-01,62.62
FUEL-201700,EQ-1106,2023-06-11,96.5
FUEL-201701,EQ-1103,2023-06-02,96.5
FUEL-201702,EQ-1041,2023-06-06,73.89
FUEL-201703,EQ-1055,2023-02-06,93.83
FUEL-201704,EQ-1097,2024-02-11,45.6
FUEL-201705,EQ-1045,2024-04-03,103.9
FUEL-201706,EQ-1125,2023-11-24,38.86
FUEL-201707,EQ-1027,2023-03-23,115.53
FUEL-201708,EQ-1073,2023-12-04,82.16
FUEL-201709,EQ-1141,2023-03-04,96.5
FUEL-201710,EQ-1009,2023-10-14,79.8
FUEL-201711,EQ-1068,2023-09-24,78.88
FUEL-201712,EQ-1100,2023-11-12,162.27
FUEL-201713,EQ-1017,2024-04-21,135.33
FUEL-201714,EQ-1128,2023-08-04,96.5
FUEL-201715,EQ-1107,2024-04-29,54.5
FUEL-201716,EQ-1097,2023-03-06,49.39
FUEL-201717,EQ-1120,2023-10-04,157.34
FUEL-201718,EQ-1093,2023-11-29,108.37
FUEL-201719,EQ-1106,2023-04-23,156.73
FUEL-201720,EQ-1086,2024-11-03,146.09
FUEL-201721,EQ-1005,2024-01-11,110.48
FUEL-201722,EQ-1145,2023-03-22,179.09
FUEL-201723,EQ-1130,2023-05-07,96.5
FUEL-201724,EQ-1028,2023-02-24,149.98
FUEL-201725,EQ-1046,2023-09-26,161.62
FUEL-201726,EQ-1024,2024-02-28,178.54
FUEL-201727,EQ-1141,2023-12-24,107.02
FUEL-201728,EQ-1056,2024-04-30,61.65
FUEL-201729,EQ-1072,2023-04-28,138.28
FUEL-201730,EQ-1068,2024-02-20,69.3
FUEL-201731,EQ-1089,2023-07-24,96.5
FUEL-201732,EQ-1098,2023-06-07,140.8
FUEL-201733,EQ-1019,2023-08-30,156.35
FUEL-201734,EQ-1120,2023-04-27,90.3
FUEL-201735,EQ-1127,2024-01-10,96.5
FUEL-201736,EQ-1109,2023-11-16,40.16
FUEL-201737,EQ-1121,2023-05-30,103.37
FUEL-201738,EQ-1050,2024-02-16,18.72
FUEL-201739,EQ-1100,2024-03-27,179.76
FUEL-201740,EQ-1116,2023-04-11,113.28
FUEL-201741,EQ-1120,2023-11-26,35.64
FUEL-201742,EQ-1058,2024-03-14,80.06
FUEL-201743,EQ-1072,2024-02-03,91.53
FUEL-201744,EQ-1098,2023-07-07,153.79
FUEL-201745,EQ-1123,2023-07-02,164.31
FUEL-201746,EQ-1112,2024-01-31,51.0
FUEL-201747,EQ-1072,2024-02-25,96.5
FUEL-201748,EQ-1025,2024-03-29,84.25
FUEL-201749,EQ-1122,2023-03-25,54.42
FUEL-201750,EQ-1044,2024-02-19,83.15
FUEL-201751,EQ-1132,2023-03-31,22.61
FUEL-201752,EQ-1110,2023-08-31,174.24
FUEL-201753,EQ-1149,2023-02-14,117.08
FUEL-201754,EQ-1139,2023-04-19,27.97
FUEL-201755,EQ-1097,2023-05-22,96.5
FUEL-201756,EQ-1110,2023-11-24,23.26
FUEL-201757,EQ-1066,2023-06-17,70.37
FUEL-201758,EQ-1046,2023-03-18,96.5
FUEL-201759,EQ-1098,2024-04-19,120.88
FUEL-201760,EQ-1076,2023-05-20,62.06
FUEL-201761,EQ-1036,2023-01-01,26.17
FUEL-201762,EQ-1127,2023-01-15,19.54
FUEL-201763,EQ-1142,2023-03-03,32.93
FUEL-201764,EQ-1060,2023-01-21,75.19
FUEL-201765,EQ-1138,2023-01-02,105.06
FUEL-201766,EQ-1026,2024-03-01,173.3
FUEL-201767,EQ-1009,2023-10-06,96.5
FUEL-201768,EQ-1025,2023-05-02,152.01
FUEL-201769,EQ-1146,2023-05-14,80.43
FUEL-201770,EQ-1142,2023-03-16,96.5
FUEL-201771,EQ-1119,2023-10-18,125.65
FUEL-201772,EQ-1119,2024-02-26,45.66
FUEL-201773,EQ-1056,2023-03-29,96.5
FUEL-201774,EQ-1123,2024-02-19,155.45
FUEL-201775,EQ-1128,2023-12-28,126.98
FUEL-201776,EQ-1084,2023-12-04,127.12
FUEL-201777,EQ-1004,2023-05-19,114.16
FUEL-201779,EQ-1149,2023-02-01,159.75
FUEL-201780,EQ-1089,2024-03-20,167.44
FUEL-201781,EQ-1006,2023-12-25,96.5
FUEL-201782,EQ-1145,2023-07-01,58.66
FUEL-201783,EQ-1045,2023-12-20,96.5
FUEL-201784,EQ-1102,2023-08-10,36.11
FUEL-201785,EQ-1013,2024-03-24,25.87
FUEL-201786,EQ-1048,2024-01-19,63.61
FUEL-201787,EQ-1045,2024-02-17,25.0
FUEL-201788,EQ-1088,2023-02-09,172.63
FUEL-201789,EQ-1131,2023-01-02,65.64
FUEL-201790,EQ-1050,2023-03-18,91.61
FUEL-201791,EQ-1057,2023-08-09,135.08
FUEL-201792,EQ-1122,2024-03-07,138.07
FUEL-201793,EQ-1137,2024-01-23,87.19
FUEL-201794,EQ-1021,2023-11-29,95.71
FUEL-201795,EQ-1098,2024-04-11,28.08
FUEL-201797,EQ-1148,2023-02-14,152.26
FUEL-201798,EQ-1065,2024-03-07,131.62
FUEL-201799,EQ-1132,2023-11-01,38.54
FUEL-201800,EQ-1138,2023-09-23,170.5
FUEL-201801,EQ-1010,2023-06-04,137.36
FUEL-201802,EQ-1001,2023-01-08,40.95
FUEL-201803,EQ-1117,2024-03-24,76.56
FUEL-201804,EQ-1016,2023-04-07,132.98
FUEL-201805,EQ-1066,2023-05-09,56.7
FUEL-201806,EQ-1043,2023-12-10,98.53
FUEL-201807,EQ-1092,2024-02-10,32.07
FUEL-201808,EQ-1024,2023-01-01,114.3
FUEL-201809,EQ-1110,2023-05-28,96.5
FUEL-201810,EQ-1114,2023-12-15,69.55
FUEL-201811,EQ-1130,2024-01-24,46.33
FUEL-201812,EQ-1070,2023-08-30,96.5
FUEL-201813,EQ-1030,2024-02-11,57.15
FUEL-201814,EQ-1072,2023-08-04,174.85
FUEL-201815,EQ-1088,2023-12-14,96.5
FUEL-201816,EQ-1012,2023-11-20,110.03
FUEL-201817,EQ-1046,2023-05-03,116.77
FUEL-201818,EQ-1029,2023-09-03,175.1
FUEL-201819,EQ-1041,2023-05-18,78.15
FUEL-201820,EQ-1075,2024-02-27,96.5
FUEL-201821,EQ-1135,2023-09-03,60.08
FUEL-201822,EQ-1053,2023-06-18,175.95
FUEL-201823,EQ-1029,2023-05-01,164.71
FUEL-201824,EQ-1050,2023-03-10,116.83
FUEL-201825,EQ-1141,2023-09-22,41.05
FUEL-201826,EQ-1013,2023-06-07,127.04
FUEL-201827,EQ-1036,2023-08-27,168.32
FUEL-201828,EQ-1092,2024-01-11,96.5
FUEL-201829,EQ-1052,2024-04-28,58.95
FUEL-201830,EQ-1078,2023-01-01,50.77
FUEL-201831,EQ-1131,2023-04-07,31.18
FUEL-201832,EQ-1138,2023-09-08,166.84
FUEL-201833,EQ-1009,2023-12-22,88.83
FUEL-201834,EQ-1042,2023-12-07,150.54
FUEL-201835,EQ-1017,2023-10-25,139.7
FUEL-201836,EQ-1110,2023-12-13,144.03
FUEL-201837,EQ-1092,2024-01-17,95.49
FUEL-201838,EQ-1090,2023-01-19,63.39
FUEL-201839,EQ-1099,2023-04-25,51.89
FUEL-201840,EQ-1058,2023-08-05,51.81
FUEL-201841,EQ-1037,2024-03-22,161.85
FUEL-201842,EQ-1030,2024-03-12,68.22
FUEL-201843,EQ-1005,2023-03-21,90.86
FUEL-201844,EQ-1147,2023-08-03,20.81
FUEL-201845,EQ-1065,2023-08-23,70.56
FUEL-201846,EQ-1068,2023-04-12,40.67
FUEL-201847,EQ-1082,2023-05-13,169.63
FUEL-201848,EQ-1010,2023-04-25,40.01
FUEL-201849,EQ-1072,2023-11-30,96.5
FUEL-201850,EQ-1030,2024-04-10,139.08
FUEL-201851,EQ-1027,2023-02-15,103.34
FUEL-201852,EQ-1074,2023-02-20,96.44
FUEL-201853,EQ-1066,2024-01-28,75.62
FUEL-201854,EQ-1065,2023-05-01,42.28
FUEL-201855,EQ-1039,2023-12-15,24.3
FUEL-201856,EQ-1124,2023-06-07,30.05
FUEL-201857,EQ-1039,2023-07-14,104.77
FUEL-201858,EQ-1094,2023-11-15,147.48
FUEL-201859,EQ-1085,2023-11-08,59.9
FUEL-201860,EQ-1080,2024-04-08,75.81
FUEL-201862,EQ-1006,2024-03-27,133.51
FUEL-201863,EQ-1069,2023-03-29,45.6
FUEL-201864,EQ-1076,2023-04-24,179.48
FUEL-201865,EQ-1140,2023-12-01,133.01
FUEL-201866,EQ-1114,2023-03-18,49.97
FUEL-201867,EQ-1017,2023-09-14,49.46
FUEL-201868,EQ-1093,2024-04-09,119.84
FUEL-201869,EQ-1146,2023-06-24,62.67
FUEL-201870,EQ-1140,2023-09-10,96.5
FUEL-201871,EQ-1138,2023-09-20,34.61
FUEL-201872,EQ-1076,2023-06-03,126.76
FUEL-201873,EQ-1148,2023-04-09,68.86
FUEL-201874,EQ-1091,2024-05-05,71.06
FUEL-201876,EQ-1099,2023-06-26,97.89
FUEL-201877,EQ-1015,2023-11-08,73.65
FUEL-201878,EQ-1134,2023-05-02,95.91
FUEL-201879,EQ-1013,2023-03-05,48.2
FUEL-201880,EQ-1147,2023-05-06,96.5
FUEL-201881,EQ-1026,2023-05-03,118.63
FUEL-201882,EQ-1073,2023-07-19,50.14
FUEL-201883,EQ-1108,2023-07-30,157.89
FUEL-201884,EQ-1095,2024-01-16,74.2
FUEL-201885,EQ-1075,2023-04-09,178.17
FUEL-201886,EQ-1054,2023-02-07,174.1
FUEL-201887,EQ-1010,2023-04-22,19.31
FUEL-201888,EQ-1008,2024-04-29,30.52
FUEL-201889,EQ-1146,2023-12-20,96.5
FUEL-201890,EQ-1106,2024-03-17,47.38
FUEL-201891,EQ-1022,2023-08-10,44.69
FUEL-201892,EQ-1035,2024-02-08,65.31
FUEL-201893,EQ-1058,2023-05-24,100.02
FUEL-201894,EQ-1072,2023-05-08,100.35
FUEL-201895,EQ-1023,2024-02-24,83.18
FUEL-201896,EQ-1004,2023-01-19,96.5
FUEL-201897,EQ-1002,2023-02-27,80.78
FUEL-201898,EQ-1028,2023-09-09,30.7
FUEL-201899,EQ-1139,2023-02-17,158.64
FUEL-201900,EQ-1077,2023-03-23,140.76
FUEL-201901,EQ-1000,2024-02-28,96.5
FUEL-201902,EQ-1010,2023-01-28,48.48
FUEL-201903,EQ-1082,2023-12-03,81.76
FUEL-201904,EQ-1035,2023-07-10,169.25
FUEL-201905,EQ-1001,2023-07-05,162.56
FUEL-201906,EQ-1127,2023-04-12,24.99
FUEL-201907,EQ-1007,2024-04-18,96.5
FUEL-201908,EQ-1018,2024-02-16,160.25
FUEL-201909,EQ-1095,2023-12-09,31.03
FUEL-201910,EQ-1128,2023-06-09,95.24
FUEL-201911,EQ-1038,2023-02-09,156.91
FUEL-201912,EQ-1142,2024-01-06,26.57
FUEL-201913,EQ-1106,2023-09-26,108.5
FUEL-201914,EQ-1019,2023-11-21,160.17
FUEL-201915,EQ-1078,2023-02-14,96.5
FUEL-201916,EQ-1119,2023-05-03,22.66
FUEL-201917,EQ-1131,2023-03-24,96.88
FUEL-201918,EQ-1074,2023-11-11,79.33
FUEL-201919,EQ-1053,2024-02-17,108.66
FUEL-201920,EQ-1063,2023-02-20,27.21
FUEL-201921,EQ-1135,2023-02-17,47.24
FUEL-201922,EQ-1143,2023-09-27,54.13
FUEL-201923,EQ-1095,2023-02-21,58.65
FUEL-201924,EQ-1073,2023-07-05,150.07
FUEL-201925,EQ-1022,2024-01-23,96.5
FUEL-201926,EQ-1123,2023-04-07,74.09
FUEL-201927,EQ-1070,2023-12-29,179.8
FUEL-201928,EQ-1113,2024-01-24,177.39
FUEL-201929,EQ-1129,2023-08-22,27.14
FUEL-201930,EQ-1100,2024-04-22,145.46
FUEL-201931,EQ-1037,2024-02-05,33.77
FUEL-201932,EQ-1023,2023-06-05,35.71
FUEL-201933,EQ-1072,2023-06-19,61.54
FUEL-201934,EQ-1074,2024-03-25,96.5
FUEL-201936,EQ-1069,2024-01-29,32.66
FUEL-201937,EQ-1009,2024-03-16,110.07
FUEL-201938,EQ-1020,2023-04-26,101.36
FUEL-201939,EQ-1132,2024-01-15,84.67
FUEL-201940,EQ-1124,2023-02-04,85.98
FUEL-201941,EQ-1126,2024-02-20,48.22
FUEL-201942,EQ-1142,2024-04-21,24.96
FUEL-201943,EQ-1086,2024-04-30,96.5
FUEL-201944,EQ-1131,2024-02-06,77.79
FUEL-201945,EQ-1125,2024-03-08,96.5
FUEL-201946,EQ-1082,2023-03-01,123.71
FUEL-201948,EQ-1073,2024-05-08,111.99
FUEL-201949,EQ-1088,2023-08-25,91.56
FUEL-201950,EQ-1011,2023-02-24,59.7
FUEL-201951,EQ-1015,2023-03-31,46.2
FUEL-201952,EQ-1051,2023-10-03,15.43
FUEL-201953,EQ-1101,2024-03-23,41.48
FUEL-201954,EQ-1089,2024-02-04,34.6
FUEL-201955,EQ-1001,2024-01-06,147.32
FUEL-201956,EQ-1010,2023-08-10,96.5
FUEL-201958,EQ-1015,2024-04-30,37.89
FUEL-201959,EQ-1066,2023-09-22,84.26
FUEL-201960,EQ-1038,2023-10-26,26.6
FUEL-201961,EQ-1054,2023-08-20,96.5
FUEL-201962,EQ-1114,2023-03-16,132.22
FUEL-201963,EQ-1054,2023-10-24,96.5
FUEL-201964,EQ-1143,2024-04-26,137.79
FUEL-201965,EQ-1044,2023-05-17,148.86
FUEL-201966,EQ-1024,2023-01-12,20.86
FUEL-201967,EQ-1047,2024-01-09,112.22
FUEL-201968,EQ-1055,2023-02-25,60.96
FUEL-201969,EQ-1007,2024-04-13,21.91
FUEL-201970,EQ-1084,2024-01-18,96.52
FUEL-201971,EQ-1091,2023-12-18,30.97
FUEL-201972,EQ-1126,2023-05-24,105.22
FUEL-201973,EQ-1039,2023-03-29,70.22
FUEL-201974,EQ-1077,2023-07-28,144.01
FUEL-201975,EQ-1074,2023-03-13,23.82
FUEL-201976,EQ-1104,2023-08-11,96.5
FUEL-201977,EQ-1017,2023-08-10,178.58
FUEL-201978,EQ-1141,2023-02-23,111.44
FUEL-201979,EQ-1102,2023-11-09,59.76
FUEL-201980,EQ-1046,2024-10-01,26.18
FUEL-201981,EQ-1008,2024-04-15,178.87
FUEL-201982,EQ-1001,2023-12-07,109.58
FUEL-201983,EQ-1100,2024-01-17,90.56
FUEL-201984,EQ-1035,2024-02-16,86.63
FUEL-201985,EQ-1012,2023-06-08,73.38
FUEL-201986,EQ-1018,2023-10-23,155.74
FUEL-201987,EQ-1018,2023-05-11,27.81
FUEL-201988,EQ-1059,2024-05-09,96.61
FUEL-201989,EQ-1049,2023-09-23,51.33
FUEL-201990,EQ-1067,2023-03-15,37.06
FUEL-201991,EQ-1032,2023-06-11,23.18
FUEL-201992,EQ-1007,2023-05-24,34.34
FUEL-201993,EQ-1056,2023-11-23,82.36
FUEL-201994,EQ-1101,2023-04-22,166.86
FUEL-201995,EQ-1098,2023-04-17,93.75
FUEL-201996,EQ-1069,2023-11-02,84.64
FUEL-201997,EQ-1096,2023-07-23,130.93
FUEL-201998,EQ-1026,2023-07-21,50.06
FUEL-201999,EQ-1077,2024-02-03,130.79
FUEL-202000,EQ-1072,2024-01-05,17.69
FUEL-202001,EQ-1146,2023-09-21,96.5
FUEL-202002,EQ-1128,2023-02-21,81.05
FUEL-202003,EQ-1014,2023-06-15,117.21
FUEL-202004,EQ-1147,2024-01-20,57.16
FUEL-202005,EQ-1004,2023-05-10,24.72
FUEL-202006,EQ-1054,2023-06-15,21.17
FUEL-202007,EQ-1076,2023-03-31,111.64
FUEL-202008,EQ-1000,2024-04-27,74.38
FUEL-202009,EQ-1146,2023-07-02,59.22
FUEL-202010,EQ-1112,2023-02-26,34.48
FUEL-202011,EQ-1022,2023-02-25,39.94
FUEL-202012,EQ-1090,2023-04-13,131.94
FUEL-202013,EQ-1031,2023-08-29,156.77
FUEL-202014,EQ-1139,2023-03-03,106.25
FUEL-202015,EQ-1045,2023-07-14,104.93
FUEL-202016,EQ-1065,2023-06-29,80.55
FUEL-202017,EQ-1118,2023-04-25,143.44
FUEL-202018,EQ-1047,2023-06-08,114.77
FUEL-202019,EQ-1051,2024-04-17,172.47
FUEL-202021,EQ-1002,2023-06-25,76.43
FUEL-202023,EQ-1094,2023-05-01,158.72
FUEL-202024,EQ-1089,2023-02-26,38.42
FUEL-202025,EQ-1083,2023-05-14,156.66
FUEL-202026,EQ-1096,2023-02-15,15.35
FUEL-202027,EQ-1086,2023-01-03,36.01
FUEL-202028,EQ-1064,2024-05-04,81.63
FUEL-202029,EQ-1049,2023-02-20,100.65
FUEL-202030,EQ-1063,2023-04-15,96.5
FUEL-202031,EQ-1020,2023-04-03,46.48
FUEL-202032,EQ-1058,2023-10-19,39.6
FUEL-202033,EQ-1136,2024-03-30,148.3
FUEL-202034,EQ-1003,2023-05-31,18.08
FUEL-202035,EQ-1071,2023-10-05,154.7
FUEL-202036,EQ-1039,2023-05-18,81.98
FUEL-202037,EQ-1132,2023-06-09,169.5
FUEL-202038,EQ-1099,2023-01-14,117.33
FUEL-202039,EQ-1035,2023-10-27,73.55
FUEL-202040,EQ-1065,2024-02-16,96.5
FUEL-202041,EQ-1049,2023-12-06,78.61
FUEL-202042,EQ-1149,2023-04-04,119.15
FUEL-202043,EQ-1105,2023-05-31,96.75
FUEL-202044,EQ-1144,2024-01-11,58.44
FUEL-202045,EQ-1058,2023-07-24,97.91
FUEL-202046,EQ-1072,2024-03-17,15.32
FUEL-202047,EQ-1045,2024-05-10,73.23
FUEL-202048,EQ-1139,2023-03-10,87.96
FUEL-202049,EQ-1030,2023-11-24,176.1
FUEL-202050,EQ-1138,2024-03-19,178.57
FUEL-202051,EQ-1078,2024-01-20,138.83
FUEL-202052,EQ-1058,2023-07-20,90.69
FUEL-202053,EQ-1041,2023-04-09,144.71
FUEL-202054,EQ-1047,2023-02-26,75.74
FUEL-202055,EQ-1030,2024-02-04,117.16
FUEL-202056,EQ-1084,2023-02-12,130.85
FUEL-202057,EQ-1095,2023-03-18,141.29
FUEL-202058,EQ-1016,2024-02-09,142.96
FUEL-202059,EQ-1091,2023-03-22,75.22
FUEL-202060,EQ-1149,2024-02-11,37.45
FUEL-202061,EQ-1009,2023-06-14,144.45
FUEL-202062,EQ-1147,2023-02-26,54.32
FUEL-202063,EQ-1093,2023-12-13,96.5
FUEL-202064,EQ-1109,2024-01-18,96.5
FUEL-202065,EQ-1019,2023-08-14,151.86
FUEL-202066,EQ-1110,2023-04-07,35.83
FUEL-202067,EQ-1089,2023-12-20,48.85
FUEL-202068,EQ-1072,2024-02-23,96.5
FUEL-202069,EQ-1105,2023-07-21,118.37
FUEL-202070,EQ-1116,2024-02-28,70.06
FUEL-202071,EQ-1017,2023-09-30,120.39
FUEL-202072,EQ-1099,2024-01-11,96.5
FUEL-202073,EQ-1075,2023-02-16,43.48
FUEL-202074,EQ-1135,2023-08-19,112.06
FUEL-202076,EQ-1122,2023-01-26,96.5
FUEL-202077,EQ-1121,2023-12-04,83.97
FUEL-202078,EQ-1024,2023-06-16,19.97
FUEL-202079,EQ-1035,2024-04-30,96.5
FUEL-202080,EQ-1092,2023-10-10,96.5
FUEL-202081,EQ-1131,2024-05-13,120.21
FUEL-202082,EQ-1082,2023-11-22,176.7
FUEL-202083,EQ-1052,2023-05-15,128.41
FUEL-202084,EQ-1122,2024-02-06,78.22
FUEL-202085,EQ-1119,2023-01-07,168.38
FUEL-202087,EQ-1005,2024-02-28,18.35
FUEL-202088,EQ-1051,2024-04-12,90.0
FUEL-202089,EQ-1037,2024-03-18,122.43
FUEL-202090,EQ-1020,2023-02-04,37.82
FUEL-202091,EQ-1140,2023-10-17,119.95
FUEL-202092,EQ-1120,2023-05-03,97.6
FUEL-202093,EQ-1082,2023-07-28,59.28
FUEL-202094,EQ-1103,2023-09-19,28.3
FUEL-202095,EQ-1095,2023-09-09,55.28
FUEL-202096,EQ-1064,2024-03-21,50.91
FUEL-202097,EQ-1118,2023-11-30,113.35
FUEL-202098,EQ-1015,2024-01-12,33.9
FUEL-202099,EQ-1079,2023-12-02,39.67
FUEL-202100,EQ-1108,2023-01-07,179.95
FUEL-202101,EQ-1008,2023-09-19,121.92
FUEL-202102,EQ-1056,2023-08-31,121.16
FUEL-202103,EQ-1070,2023-12-24,126.17
FUEL-202104,EQ-1089,2023-07-27,144.61
FUEL-202106,EQ-1090,2024-04-04,64.51
FUEL-202107,EQ-1111,2023-03-30,96.5
FUEL-202108,EQ-1131,2023-10-05,144.89
FUEL-202109,EQ-1078,2023-05-03,171.98
FUEL-202110,EQ-1148,2024-05-08,62.41
FUEL-202111,EQ-1142,2023-02-06,167.53
FUEL-202112,EQ-1018,2023-10-30,55.77
FUEL-202113,EQ-1024,2023-01-05,177.32
FUEL-202114,EQ-1081,2024-03-15,178.78
FUEL-202115,EQ-1017,2023-11-17,86.21
FUEL-202116,EQ-1121,2023-03-10,103.51
FUEL-202117,EQ-1020,2023-02-23,87.47
FUEL-202118,EQ-1008,2023-06-15,119.54
FUEL-202119,EQ-1118,2024-01-30,92.3
FUEL-202120,EQ-1104,2023-09-02,19.97
FUEL-202121,EQ-1124,2024-06-02,146.28
FUEL-202122,EQ-1032,2023-04-18,153.88
FUEL-202123,EQ-1111,2023-04-03,93.8
FUEL-202124,EQ-1067,2023-03-28,68.56
FUEL-202126,EQ-1134,2023-10-22,39.02
FUEL-202127,EQ-1019,2023-12-10,96.5
FUEL-202128,EQ-1071,2023-06-02,102.78
FUEL-202129,EQ-1088,2023-08-02,96.5
FUEL-202131,EQ-1024,2023-07-27,141.72
FUEL-202132,EQ-1073,2024-03-07,57.45
FUEL-202133,EQ-1112,2023-05-17,96.5
FUEL-202134,EQ-1101,2023-01-11,68.78
FUEL-202135,EQ-1001,2024-01-21,160.24
FUEL-202136,EQ-1128,2023-01-06,17.94
FUEL-202137,EQ-1143,2024-04-26,142.85
FUEL-202138,EQ-1100,2024-04-21,144.8
FUEL-202139,EQ-1015,2023-02-15,140.21
FUEL-202140,EQ-1147,2023-02-04,154.22
FUEL-202141,EQ-1043,2024-05-06,81.95
FUEL-202142,EQ-1123,2023-03-04,130.29
FUEL-202143,EQ-1121,2023-03-13,66.97
FUEL-202144,EQ-1066,2023-08-25,131.26
FUEL-202145,EQ-1053,2023-05-10,96.5
FUEL-202146,EQ-1009,2023-06-05,120.91
FUEL-202147,EQ-1100,2023-10-18,126.51
FUEL-202148,EQ-1001,2023-06-25,166.5
FUEL-202149,EQ-1000,2023-05-24,96.5
FUEL-202150,EQ-1016,2023-01-18,98.72
FUEL-202151,EQ-1017,2024-02-10,86.11
FUEL-202152,EQ-1049,2023-08-08,96.5
FUEL-202153,EQ-1019,2023-10-11,96.5
FUEL-202154,EQ-1058,2024-02-22,25.82
FUEL-202155,EQ-1042,2024-01-24,101.72
FUEL-202156,EQ-1020,2023-03-08,122.66
FUEL-202157,EQ-1061,2024-02-09,96.5
FUEL-202158,EQ-1098,2023-01-20,114.34
FUEL-202159,EQ-1091,2024-04-29,137.73
FUEL-202160,EQ-1075,2023-11-26,35.85
FUEL-202161,EQ-1086,2023-11-08,129.53
FUEL-202162,EQ-1049,2023-05-02,67.69
FUEL-202163,EQ-1039,2024-01-01,57.18
FUEL-202164,EQ-1032,2023-03-28,139.14
FUEL-202165,EQ-1051,2023-03-17,136.2
FUEL-202166,EQ-1054,2023-01-06,35.43
FUEL-202167,EQ-1062,2023-09-10,128.55
FUEL-202168,EQ-1013,2023-09-19,119.29
FUEL-202169,EQ-1038,2023-02-09,96.5
FUEL-202170,EQ-1146,2023-10-09,51.13
FUEL-202171,EQ-1011,2023-11-04,121.4
FUEL-202172,EQ-1143,2024-04-27,150.75
FUEL-202173,EQ-1130,2023-03-20,105.02
FUEL-202174,EQ-1068,2023-05-01,84.57
FUEL-202175,EQ-1138,2023-05-08,96.5
FUEL-202176,EQ-1138,2023-09-26,20.97
FUEL-202177,EQ-1104,2023-10-12,168.13
FUEL-202178,EQ-1088,2024-04-23,19.66
FUEL-202179,EQ-1149,2023-04-06,164.69
FUEL-202180,EQ-1065,2023-03-16,106.15
FUEL-202181,EQ-1023,2023-06-04,81.27
FUEL-202182,EQ-1027,2023-06-21,133.87
FUEL-202183,EQ-1027,2023-05-20,173.93
FUEL-202184,EQ-1083,2023-05-04,164.67
FUEL-202185,EQ-1048,2023-04-22,93.2
FUEL-202186,EQ-1096,2023-07-28,100.71
FUEL-202187,EQ-1068,2024-04-23,35.28
FUEL-202188,EQ-1123,2023-01-23,50.32
FUEL-202189,EQ-1086,2024-04-02,96.5
FUEL-202190,EQ-1089,2023-09-24,176.56
FUEL-202191,EQ-1005,2023-11-01,99.84
FUEL-202192,EQ-1073,2023-10-01,96.8
FUEL-202193,EQ-1082,2023-08-14,146.32
FUEL-202194,EQ-1003,2023-11-22,172.08
FUEL-202195,EQ-1012,2023-04-24,60.37
FUEL-202196,EQ-1112,2024-02-19,96.5
FUEL-202197,EQ-1116,2023-01-28,96.5
FUEL-202198,EQ-1051,2023-04-16,138.15
FUEL-202199,EQ-1120,2024-01-07,51.97
FUEL-202200,EQ-1128,2023-09-17,96.5
FUEL-202201,EQ-1037,2023-07-20,67.78
FUEL-202202,EQ-1038,2023-07-15,96.5
FUEL-202203,EQ-1133,2024-03-10,84.1
FUEL-202204,EQ-1008,2023-07-10,79.77
FUEL-202205,EQ-1130,2023-03-30,96.5
FUEL-202206,EQ-1130,2023-10-07,105.7
FUEL-202207,EQ-1019,2024-02-25,145.57
FUEL-202208,EQ-1026,2024-02-01,141.09
FUEL-202209,EQ-1119,2023-08-01,88.7
FUEL-202210,EQ-1026,2023-09-30,178.48
FUEL-202211,EQ-1120,2024-05-09,176.51
FUEL-202212,EQ-1114,2023-04-05,159.52
FUEL-202213,EQ-1138,2023-01-14,38.93
FUEL-202214,EQ-1027,2023-06-19,112.2
FUEL-202215,EQ-1115,2023-08-20,70.48
FUEL-202216,EQ-1138,2023-10-01,107.97
FUEL-202217,EQ-1008,2023-07-24,57.91
FUEL-202218,EQ-1128,2023-05-27,96.5
FUEL-202219,EQ-1038,2023-02-04,129.85
FUEL-202220,EQ-1132,2023-06-20,165.78
FUEL-202221,EQ-1099,2023-12-18,103.68
FUEL-202222,EQ-1049,2023-07-18,100.64
FUEL-202223,EQ-1010,2024-01-01,45.19
FUEL-202224,EQ-1004,2023-09-13,55.15
FUEL-202225,EQ-1018,2024-03-26,61.28
FUEL-202226,EQ-1129,2024-01-16,77.45
FUEL-202227,EQ-1101,2023-09-04,134.4
FUEL-202228,EQ-1045,2023-03-16,91.9
FUEL-202229,EQ-1133,2024-03-18,16.9
FUEL-202230,EQ-1095,2023-10-23,96.5
FUEL-202231,EQ-1136,2023-10-19,175.91
FUEL-202232,EQ-1075,2024-03-18,145.18
FUEL-202233,EQ-1062,2024-04-11,106.11
FUEL-202234,EQ-1075,2024-02-28,84.18
FUEL-202235,EQ-1125,2023-04-25,33.0
FUEL-202236,EQ-1038,2023-01-07,119.52
FUEL-202237,EQ-1012,2023-06-18,53.1
FUEL-202238,EQ-1021,2023-05-02,24.83
FUEL-202239,EQ-1137,2023-08-06,109.44
FUEL-202240,EQ-1059,2023-10-14,43.92
FUEL-202241,EQ-1001,2023-01-20,59.12
FUEL-202242,EQ-1031,2023-04-23,67.43
FUEL-202243,EQ-1124,2023-01-29,96.5
FUEL-202244,EQ-1097,2023-05-21,44.97
FUEL-202245,EQ-1073,2023-02-27,27.86
FUEL-202246,EQ-1032,2023-05-06,50.85
FUEL-202247,EQ-1147,2023-11-23,162.51
FUEL-202248,EQ-1072,2023-04-06,169.53
FUEL-202249,EQ-1021,2023-07-20,71.01
FUEL-202250,EQ-1036,2024-05-08,145.42
FUEL-202251,EQ-1138,2023-02-15,132.43
FUEL-202252,EQ-1077,2023-12-19,158.36
FUEL-202253,EQ-1124,2023-07-28,138.96
FUEL-202254,EQ-1027,2023-06-28,179.92
FUEL-202255,EQ-1020,2023-12-08,96.5
FUEL-202256,EQ-1077,2023-12-12,124.65
FUEL-202257,EQ-1097,2024-05-02,44.11
FUEL-202258,EQ-1126,2023-04-08,115.63
FUEL-202259,EQ-1033,2023-07-11,77.49
FUEL-202260,EQ-1105,2023-12-19,153.7
FUEL-202261,EQ-1036,2023-08-26,30.99
FUEL-202262,EQ-1005,2023-06-28,42.24
FUEL-202263,EQ-1149,2023-08-21,105.44
FUEL-202264,EQ-1120,2024-05-08,25.02
FUEL-202265,EQ-1034,2024-02-24,96.5
FUEL-202266,EQ-1003,2023-03-14,57.19
FUEL-202267,EQ-1015,2023-02-21,58.21
FUEL-202268,EQ-1029,2023-11-15,104.66
FUEL-202269,EQ-1112,2023-10-09,64.68
FUEL-202270,EQ-1118,2023-12-13,30.71
FUEL-202271,EQ-1062,2023-04-25,18.45
FUEL-202272,EQ-1035,2023-08-02,132.51
FUEL-202273,EQ-1012,2023-09-15,101.39
FUEL-202274,EQ-1048,2023-05-13,149.36
FUEL-202275,EQ-1020,2023-10-26,170.61
FUEL-202276,EQ-1064,2024-03-24,131.26
FUEL-202277,EQ-1144,2024-01-10,75.27
FUEL-202278,EQ-1022,2023-04-04,109.1
FUEL-202279,EQ-1072,2024-04-20,54.04
FUEL-202280,EQ-1146,2023-06-21,173.69
FUEL-202281,EQ-1105,2024-01-15,18.84
FUEL-202282,EQ-1077,2024-05-12,47.54
FUEL-202283,EQ-1141,2024-03-01,133.77
FUEL-202284,EQ-1144,2024-01-24,135.09
FUEL-202285,EQ-1072,2023-07-15,75.92
FUEL-202286,EQ-1094,2023-07-19,96.5
FUEL-202287,EQ-1075,2024-02-25,72.49
FUEL-202288,EQ-1075,2023-01-07,81.55
FUEL-202289,EQ-1073,2024-03-10,71.13
FUEL-202290,EQ-1037,2023-12-20,139.52
FUEL-202291,EQ-1117,2023-05-15,150.09
FUEL-202292,EQ-1106,2023-12-18,55.2
FUEL-202293,EQ-1091,2023-06-24,96.5
FUEL-202294,EQ-1146,2024-02-26,61.32
FUEL-202295,EQ-1149,2023-11-26,43.4
FUEL-202296,EQ-1080,2023-02-12,61.93
FUEL-202297,EQ-1114,2023-11-19,170.22
FUEL-202298,EQ-1029,2023-01-28,22.44
FUEL-202299,EQ-1054,2023-05-25,143.68
FUEL-202300,EQ-1025,2023-08-08,161.28
FUEL-202301,EQ-1014,2023-11-18,155.76
FUEL-202302,EQ-1096,2023-01-04,85.8
FUEL-202303,EQ-1006,2023-04-15,103.66
FUEL-202304,EQ-1110,2023-07-27,90.37
FUEL-202305,EQ-1104,2023-07-18,24.22
FUEL-202306,EQ-1011,2024-04-21,124.93
FUEL-202307,EQ-1105,2023-07-11,73.18
FUEL-202308,EQ-1120,2023-11-18,132.71
FUEL-202309,EQ-1032,2024-02-23,134.96
FUEL-202310,EQ-1044,2023-05-17,164.88
FUEL-202311,EQ-1108,2023-02-19,71.13
FUEL-202312,EQ-1122,2023-09-20,96.03
FUEL-202313,EQ-1003,2023-04-24,16.56
FUEL-202314,EQ-1049,2024-02-27,113.9
FUEL-202315,EQ-1051,2023-10-06,116.94
FUEL-202316,EQ-1093,2023-08-02,152.18
FUEL-202317,EQ-1112,2024-03-23,57.66
FUEL-202318,EQ-1075,2024-01-30,126.42
FUEL-202319,EQ-1051,2024-02-14,109.61
FUEL-202320,EQ-1107,2023-02-15,96.5
FUEL-202321,EQ-1131,2024-07-02,96.5
FUEL-202322,EQ-1122,2024-04-03,102.44
FUEL-202323,EQ-1064,2024-02-05,26.0
FUEL-202324,EQ-1055,2023-10-03,61.41
FUEL-202325,EQ-1067,2023-12-18,18.84
FUEL-202326,EQ-1112,2024-04-09,36.82
FUEL-202327,EQ-1019,2024-01-28,63.69
FUEL-202328,EQ-1102,2023-08-06,82.85
FUEL-202329,EQ-1112,2023-11-13,167.79
FUEL-202330,EQ-1143,2024-03-03,88.82
FUEL-202331,EQ-1015,2024-02-11,179.2
FUEL-202332,EQ-1109,2023-03-20,58.21
FUEL-202333,EQ-1049,2023-05-03,68.24
FUEL-202334,EQ-1079,2023-11-12,45.85
FUEL-202335,EQ-1115,2024-01-28,96.5
FUEL-202336,EQ-1064,2023-07-09,126.48
FUEL-202337,EQ-1012,2023-08-29,96.5
FUEL-202338,EQ-1147,2023-07-17,121.32
FUEL-202339,EQ-1082,2024-02-19,26.72
FUEL-202340,EQ-1028,2024-04-26,18.12
FUEL-202341,EQ-1020,2023-01-09,44.67
FUEL-202342,EQ-1005,2023-04-27,177.58
FUEL-202343,EQ-1138,2023-02-14,96.5
FUEL-202344,EQ-1069,2024-05-11,138.06
FUEL-202345,EQ-1070,2023-03-11,27.67
FUEL-202346,EQ-1110,2023-09-27,66.55
FUEL-202347,EQ-1063,2023-11-21,137.65
FUEL-202348,EQ-1067,2023-07-17,36.24
FUEL-202349,EQ-1053,2023-01-28,96.5
FUEL-202350,EQ-1129,2024-05-05,98.75
FUEL-202351,EQ-1087,2023-01-09,163.45
FUEL-202352,EQ-1086,2024-02-04,94.1
FUEL-202353,EQ-1065,2023-03-30,61.45
FUEL-202354,EQ-1116,2024-03-07,16.09
FUEL-202355,EQ-1030,2023-09-24,92.34
FUEL-202356,EQ-1056,2023-10-21,89.49
FUEL-202357,EQ-1108,2024-06-02,96.5
FUEL-202358,EQ-1064,2023-04-03,70.36
FUEL-202359,EQ-1134,2024-03-25,144.07
FUEL-202360,EQ-1131,2023-11-27,56.54
FUEL-202361,EQ-1020,2024-04-24,169.03
FUEL-202362,EQ-1113,2023-11-30,66.16
FUEL-202363,EQ-1089,2024-02-08,62.36
FUEL-202364,EQ-1001,2023-10-13,31.13
FUEL-202365,EQ-1010,2023-06-27,57.4
FUEL-202366,EQ-1097,2023-02-03,57.92
FUEL-202367,EQ-1127,2024-04-05,34.53
FUEL-202368,EQ-1083,2023-07-25,50.99
FUEL-202369,EQ-1008,2023-04-03,104.57
FUEL-202370,EQ-1106,2023-06-22,50.22
FUEL-202371,EQ-1007,2023-04-23,68.05
FUEL-202372,EQ-1109,2023-02-12,64.24
FUEL-202373,EQ-1067,2023-12-19,48.57
FUEL-202374,EQ-1040,2023-09-04,112.11
FUEL-202375,EQ-1014,2023-09-19,175.8
FUEL-202376,EQ-1050,2023-04-26,167.46
FUEL-202377,EQ-1046,2023-03-07,137.67
FUEL-202378,EQ-1025,2023-02-22,154.65
FUEL-202379,EQ-1114,2024-04-26,87.86
FUEL-202380,EQ-1030,2023-07-16,146.02
FUEL-202381,EQ-1036,2023-11-30,100.55
FUEL-202382,EQ-1146,2023-02-03,132.48
FUEL-202383,EQ-1068,2023-01-19,96.5
FUEL-202384,EQ-1131,2024-03-30,91.65
FUEL-202385,EQ-1054,2023-07-11,142.87
FUEL-202387,EQ-1128,2023-09-11,100.92
FUEL-202388,EQ-1104,2023-10-14,151.24
FUEL-202389,EQ-1078,2024-02-22,48.61
FUEL-202390,EQ-1044,2024-05-08,66.17
FUEL-202391,EQ-1143,2023-10-20,92.15
FUEL-202392,EQ-1091,2023-11-09,98.63
FUEL-202393,EQ-1065,2023-12-27,147.93
FUEL-202394,EQ-1003,2024-02-09,109.85
FUEL-202395,EQ-1096,2023-03-22,118.67
FUEL-202396,EQ-1032,2024-03-22,40.29
FUEL-202397,EQ-1039,2024-01-06,83.4
FUEL-202398,EQ-1107,2024-02-05,96.5
FUEL-202399,EQ-1012,2023-02-04,133.12
FUEL-202400,EQ-1093,2023-09-05,36.31
FUEL-202401,EQ-1087,2024-02-01,93.47
FUEL-202402,EQ-1018,2024-03-07,81.57
FUEL-202403,EQ-1027,2023-12-19,95.47
FUEL-202404,EQ-1084,2024-04-14,119.04
FUEL-202405,EQ-1109,2023-03-13,96.5
FUEL-202406,EQ-1118,2023-02-04,44.18
FUEL-202407,EQ-1027,2023-01-05,145.16
FUEL-202408,EQ-1074,2023-01-23,148.65
FUEL-202410,EQ-1077,2023-08-05,63.41
FUEL-202411,EQ-1055,2023-08-30,54.11
FUEL-202412,EQ-1070,2023-08-30,138.35
FUEL-202413,EQ-1104,2024-04-07,112.02
FUEL-202414,EQ-1059,2023-07-18,31.79
FUEL-202415,EQ-1130,2024-02-24,36.62
FUEL-202417,EQ-1093,2023-10-30,97.15
FUEL-202418,EQ-1072,2023-08-17,128.11
FUEL-202419,EQ-1031,2023-11-08,96.11
FUEL-202420,EQ-1050,2024-01-26,130.43
FUEL-202421,EQ-1117,2023-06-13,67.62
FUEL-202422,EQ-1072,2023-01-14,63.67
FUEL-202423,EQ-1028,2024-04-16,155.21
FUEL-202424,EQ-1076,2023-10-26,96.5
FUEL-202425,EQ-1120,2024-03-18,73.78
FUEL-202427,EQ-1087,2023-09-13,49.26
FUEL-202428,EQ-1101,2024-03-10,60.21
FUEL-202429,EQ-1121,2024-01-06,27.06
FUEL-202430,EQ-1061,2023-08-02,178.56
FUEL-202431,EQ-1130,2023-07-11,17.78
FUEL-202432,EQ-1147,2023-07-01,124.48
FUEL-202433,EQ-1008,2023-02-09,106.86
FUEL-202434,EQ-1033,2023-08-08,16.04
FUEL-202435,EQ-1146,2023-11-19,96.5
FUEL-202436,EQ-1076,2024-02-02,96.5
FUEL-202437,EQ-1009,2024-02-13,17.11
FUEL-202438,EQ-1015,2023-05-05,162.02
FUEL-202439,EQ-1019,2023-01-10,32.31
FUEL-202440,EQ-1093,2023-05-06,16.0
FUEL-202441,EQ-1142,2023-09-26,133.68
FUEL-202442,EQ-1092,2024-01-13,138.0
FUEL-202443,EQ-1135,2023-03-08,21.69
FUEL-202444,EQ-1116,2023-05-10,141.94
FUEL-202445,EQ-1125,2024-01-09,150.79
FUEL-202446,EQ-1049,2023-01-27,82.13
FUEL-202447,EQ-1024,2023-07-14,21.11
FUEL-202449,EQ-1044,2023-11-12,28.59
FUEL-202450,EQ-1007,2023-04-03,134.1
FUEL-202451,EQ-1130,2023-12-18,136.55
FUEL-202452,EQ-1143,2023-01-28,67.04
FUEL-202453,EQ-1134,2023-02-13,71.92
FUEL-202454,EQ-1135,2023-04-11,96.5
FUEL-202455,EQ-1056,2023-03-18,120.38
FUEL-202456,EQ-1047,2024-04-14,168.94
FUEL-202457,EQ-1015,2024-04-23,138.15
FUEL-202458,EQ-1106,2023-06-29,120.39
FUEL-202459,EQ-1085,2023-04-02,96.5
FUEL-202460,EQ-1147,2023-02-10,147.58
FUEL-202461,EQ-1031,2023-02-12,124.58
FUEL-202462,EQ-1077,2023-02-24,96.5
FUEL-202463,EQ-1019,2023-02-28,178.11
FUEL-202464,EQ-1046,2023-07-22,16.37
FUEL-202465,EQ-1024,2023-05-26,20.2
FUEL-202466,EQ-1094,2023-02-26,144.96
FUEL-202467,EQ-1081,2024-01-20,104.01
FUEL-202468,EQ-1061,2023-06-23,83.81
FUEL-202469,EQ-1047,2023-06-04,141.23
FUEL-202470,EQ-1049,2024-04-26,96.5
FUEL-202471,EQ-1147,2024-03-11,121.7
FUEL-202472,EQ-1069,2024-07-03,170.05
FUEL-202473,EQ-1129,2023-10-10,18.86
FUEL-202474,EQ-1115,2023-07-04,26.77
FUEL-202475,EQ-1099,2023-02-22,96.5
FUEL-202476,EQ-1005,2023-08-31,156.8
FUEL-202477,EQ-1016,2023-06-14,96.5
FUEL-202478,EQ-1119,2024-04-21,114.81
FUEL-202479,EQ-1015,2024-02-25,87.4
FUEL-202480,EQ-1134,2023-02-20,137.97
FUEL-202481,EQ-1043,2023-07-24,174.14
FUEL-202482,EQ-1133,2023-02-25,130.6
FUEL-202483,EQ-1077,2024-05-01,116.84
FUEL-202484,EQ-1118,2023-08-25,174.04
FUEL-202485,EQ-1105,2023-03-02,150.63
FUEL-202486,EQ-1126,2023-09-14,124.88
FUEL-202487,EQ-1134,2023-11-25,96.5
FUEL-202488,EQ-1014,2024-04-17,149.58
FUEL-202489,EQ-1013,2023-11-07,179.52
FUEL-202490,EQ-1069,2023-07-29,96.5
FUEL-202492,EQ-1040,2024-03-17,58.45
FUEL-202493,EQ-1113,2023-04-12,59.26
FUEL-202494,EQ-1030,2023-07-30,170.95
FUEL-202495,EQ-1145,2023-11-21,96.5
FUEL-202496,EQ-1057,2024-02-19,154.91
FUEL-202498,EQ-1021,2023-05-08,153.4
FUEL-202499,EQ-1030,2024-03-13,174.42
FUEL-202500,EQ-1007,2023-01-06,38.88
FUEL-202501,EQ-1014,2023-02-11,148.17
FUEL-202502,EQ-1103,2024-04-24,92.85
FUEL-202503,EQ-1093,2023-12-31,161.04
FUEL-202504,EQ-1114,2023-03-14,71.55
FUEL-202505,EQ-1131,2023-08-18,161.65
FUEL-202506,EQ-1053,2023-03-03,96.5
FUEL-202507,EQ-1142,2023-02-10,26.7
FUEL-202508,EQ-1015,2023-10-30,82.57
FUEL-202509,EQ-1129,2024-05-15,91.79
FUEL-202510,EQ-1096,2024-05-15,172.09
FUEL-202511,EQ-1087,2023-12-19,147.46
FUEL-202512,EQ-1122,2024-05-04,105.24
FUEL-202513,EQ-1050,2023-05-19,101.12
FUEL-202514,EQ-1080,2023-10-31,151.83
FUEL-202515,EQ-1096,2024-01-08,98.75
FUEL-202516,EQ-1137,2023-08-06,106.33
FUEL-202517,EQ-1100,2023-06-18,96.5
FUEL-202518,EQ-1031,2023-03-09,37.51
FUEL-202519,EQ-1067,2023-10-20,149.62
FUEL-202520,EQ-1126,2023-08-31,102.98
FUEL-202521,EQ-1109,2023-03-09,32.53
FUEL-202522,EQ-1035,2024-01-31,96.5
FUEL-202523,EQ-1135,2023-05-14,104.39
FUEL-202524,EQ-1008,2023-05-26,151.22
FUEL-202525,EQ-1068,2023-10-26,41.33
FUEL-202526,EQ-1020,2023-12-26,64.64
FUEL-202527,EQ-1082,2023-06-30,55.93
FUEL-202528,EQ-1016,2023-12-23,147.44
FUEL-202529,EQ-1012,2023-03-28,44.49
FUEL-202530,EQ-1004,2023-09-11,19.57
FUEL-202531,EQ-1058,2023-04-07,114.79
FUEL-202532,EQ-1126,2023-10-14,62.83
FUEL-202533,EQ-1115,2023-02-28,140.45
FUEL-202534,EQ-1111,2023-10-04,166.76
FUEL-202535,EQ-1044,2024-04-05,112.35
FUEL-202536,EQ-1073,2023-05-20,152.18
FUEL-202537,EQ-1069,2023-10-09,96.5
FUEL-202538,EQ-1042,2023-10-27,59.74
FUEL-202539,EQ-1120,2024-05-01,106.67
FUEL-202540,EQ-1137,2023-01-23,93.21
FUEL-202541,EQ-1112,2023-07-20,103.51
FUEL-202542,EQ-1147,2023-02-21,102.36
FUEL-202543,EQ-1029,2023-10-26,63.76
FUEL-202544,EQ-1029,2023-02-04,22.53
FUEL-202545,EQ-1004,2023-08-05,99.34
FUEL-202546,EQ-1007,2024-01-25,26.63
FUEL-202547,EQ-1095,2023-01-19,61.52
FUEL-202548,EQ-1073,2023-11-10,96.5
FUEL-202549,EQ-1028,2023-09-01,96.5
FUEL-202550,EQ-1116,2023-07-07,62.61
FUEL-202551,EQ-1038,2024-05-05,46.94
FUEL-202552,EQ-1133,2023-09-11,35.51
FUEL-202553,EQ-1039,2024-02-26,95.9
FUEL-202554,EQ-1011,2023-01-29,134.95
FUEL-202555,EQ-1064,2023-04-19,96.5
FUEL-202556,EQ-1054,2023-06-13,150.13
FUEL-202557,EQ-1044,2024-03-15,55.83
FUEL-202558,EQ-1062,2023-04-23,96.5
FUEL-202559,EQ-1055,2023-04-03,167.47
FUEL-202560,EQ-1090,2023-09-28,19.18
FUEL-202561,EQ-1129,2024-02-15,109.76
FUEL-202562,EQ-1036,2023-05-28,113.93
FUEL-202563,EQ-1057,2023-07-02,39.58
FUEL-202564,EQ-1056,2023-10-29,115.01
FUEL-202565,EQ-1059,2023-07-28,59.49
FUEL-202566,EQ-1079,2023-05-26,167.03
FUEL-202567,EQ-1125,2023-03-17,102.94
FUEL-202568,EQ-1051,2023-09-06,157.89
FUEL-202569,EQ-1126,2023-10-05,157.72
FUEL-202570,EQ-1099,2023-06-18,129.62
FUEL-202571,EQ-1096,2023-08-16,96.5
FUEL-202572,EQ-1122,2023-02-24,51.81
FUEL-202573,EQ-1058,2024-02-09,76.37
FUEL-202574,EQ-1004,2023-03-04,135.51
FUEL-202575,EQ-1066,2023-02-12,124.21
FUEL-202576,EQ-1032,2023-09-03,104.11
FUEL-202577,EQ-1044,2024-03-11,79.99
FUEL-202578,EQ-1142,2023-12-23,96.5
FUEL-202579,EQ-1105,2024-02-18,115.74
FUEL-202580,EQ-1115,2023-06-10,69.78
FUEL-202581,EQ-1020,2023-02-14,101.79
FUEL-202582,EQ-1048,2023-06-13,46.41
FUEL-202583,EQ-1099,2023-11-07,24.1
FUEL-202584,EQ-1020,2024-03-08,96.5
FUEL-202585,EQ-1101,2024-03-04,165.74
FUEL-202586,EQ-1018,2024-02-27,176.83
FUEL-202587,EQ-1086,2023-02-17,167.52
FUEL-202588,EQ-1085,2023-11-06,92.95
FUEL-202589,EQ-1038,2023-08-10,96.5
FUEL-202590,EQ-1072,2023-08-22,151.48
FUEL-202591,EQ-1129,2024-01-31,48.2
FUEL-202592,EQ-1068,2023-11-14,96.5
FUEL-202593,EQ-1093,2023-04-19,117.82
FUEL-202594,EQ-1002,2023-06-09,54.3
FUEL-202595,EQ-1107,2023-03-05,96.5
FUEL-202596,EQ-1125,2023-03-17,43.28
FUEL-202597,EQ-1032,2024-03-09,96.5
FUEL-202598,EQ-1092,2024-01-23,148.29
FUEL-202600,EQ-1117,2024-03-02,20.47
FUEL-202601,EQ-1079,2023-06-21,38.04
FUEL-202602,EQ-1054,2023-07-16,94.46
FUEL-202604,EQ-1117,2024-04-10,166.88
FUEL-202605,EQ-1131,2023-04-24,138.26
FUEL-202606,EQ-1054,2023-01-08,99.56
FUEL-202607,EQ-1098,2023-04-25,123.5
FUEL-202608,EQ-1123,2023-07-10,20.39
FUEL-202609,EQ-1054,2024-02-08,87.87
FUEL-202610,EQ-1133,2023-03-06,158.59
FUEL-202611,EQ-1086,2023-09-29,151.01
FUEL-202612,EQ-1033,2023-03-15,38.28
FUEL-202613,EQ-1001,2023-07-05,135.12
FUEL-202614,EQ-1103,2023-02-25,43.46
FUEL-202615,EQ-1007,2023-10-05,47.99
FUEL-202616,EQ-1145,2023-01-14,100.32
FUEL-202617,EQ-1038,2024-02-27,72.02
FUEL-202618,EQ-1026,2023-08-17,39.32
FUEL-202619,EQ-1125,2024-05-04,128.98
FUEL-202620,EQ-1116,2023-07-13,126.79
FUEL-202621,EQ-1010,2023-04-04,116.4
FUEL-202622,EQ-1071,2024-01-02,63.58
FUEL-202623,EQ-1115,2023-12-09,99.43
FUEL-202624,EQ-1092,2024-04-19,95.04
FUEL-202625,EQ-1067,2023-03-30,159.48
FUEL-202626,EQ-1040,2023-02-04,37.19
FUEL-202627,EQ-1126,2023-08-21,138.23
FUEL-202628,EQ-1049,2023-01-20,17.93
FUEL-202629,EQ-1007,2023-11-23,97.93
FUEL-202630,EQ-1079,2023-02-01,96.5
FUEL-202631,EQ-1109,2024-03-02,103.19
FUEL-202632,EQ-1072,2023-05-22,131.5
FUEL-202633,EQ-1110,2023-03-13,132.61
FUEL-202634,EQ-1082,2023-02-02,165.83
FUEL-202635,EQ-1050,2023-05-09,34.69
FUEL-202636,EQ-1036,2023-05-01,141.59
FUEL-202637,EQ-1001,2023-10-18,147.94
FUEL-202638,EQ-1121,2023-07-24,68.45
FUEL-202639,EQ-1076,2024-04-29,79.81
FUEL-202640,EQ-1001,2023-04-16,20.29
FUEL-202641,EQ-1063,2023-08-29,96.5
FUEL-202642,EQ-1023,2023-08-11,59.31
FUEL-202643,EQ-1098,2023-11-26,111.35
FUEL-202644,EQ-1071,2023-10-21,122.39
FUEL-202645,EQ-1021,2023-07-06,40.1
FUEL-202646,EQ-1044,2023-03-13,32.7
FUEL-202647,EQ-1066,2024-01-04,21.3
FUEL-202648,EQ-1098,2023-01-13,96.5
FUEL-202649,EQ-1022,2023-12-30,55.49
FUEL-202650,EQ-1050,2023-05-08,124.88
FUEL-202651,EQ-1048,2023-04-02,30.73
FUEL-202652,EQ-1077,2023-10-27,98.22
FUEL-202653,EQ-1141,2023-02-28,138.96
FUEL-202654,EQ-1124,2023-12-20,176.39
FUEL-202655,EQ-1007,2023-05-08,37.96
FUEL-202656,EQ-1112,2024-03-14,39.4
FUEL-202657,EQ-1140,2023-10-27,96.5
FUEL-202658,EQ-1104,2023-09-07,142.92
FUEL-202659,EQ-1004,2023-04-04,139.53
FUEL-202660,EQ-1107,2023-06-05,19.74
FUEL-202661,EQ-1103,2023-06-24,111.03
FUEL-202662,EQ-1016,2023-03-14,118.89
FUEL-202663,EQ-1044,2023-07-15,149.15
FUEL-202664,EQ-1074,2023-09-13,173.48
FUEL-202665,EQ-1018,2023-11-07,96.5
FUEL-202666,EQ-1070,2023-05-17,22.02
FUEL-202667,EQ-1034,2024-04-22,35.52
FUEL-202668,EQ-1034,2023-02-25,135.34
FUEL-202669,EQ-1074,2023-02-04,76.89
FUEL-202670,EQ-1053,2023-02-16,99.5
FUEL-202671,EQ-1130,2023-03-23,53.96
FUEL-202672,EQ-1087,2023-03-25,45.56
FUEL-202673,EQ-1057,2023-02-10,89.6
FUEL-202674,EQ-1002,2023-05-12,170.27
FUEL-202675,EQ-1058,2023-02-10,151.24
FUEL-202676,EQ-1149,2023-06-25,72.23
FUEL-202677,EQ-1019,2024-04-20,101.11
FUEL-202679,EQ-1115,2023-08-01,23.61
FUEL-202680,EQ-1025,2023-09-30,138.05
FUEL-202681,EQ-1139,2023-04-11,96.5
FUEL-202682,EQ-1029,2023-07-13,96.5
FUEL-202683,EQ-1106,2023-10-04,32.27
FUEL-202684,EQ-1147,2023-08-26,96.5
FUEL-202685,EQ-1125,2023-03-18,164.58
FUEL-202686,EQ-1089,2023-11-26,162.91
FUEL-202687,EQ-1005,2023-01-26,37.24
FUEL-202688,EQ-1117,2023-08-16,49.66
FUEL-202689,EQ-1023,2023-12-24,100.33
FUEL-202690,EQ-1071,2024-02-02,108.49
FUEL-202691,EQ-1061,2023-01-27,164.3
FUEL-202692,EQ-1068,2023-07-31,82.83
FUEL-202693,EQ-1031,2023-03-01,109.63
FUEL-202694,EQ-1015,2024-04-21,68.07
FUEL-202695,EQ-1121,2024-04-01,46.5
FUEL-202696,EQ-1017,2023-12-01,176.16
FUEL-202697,EQ-1058,2023-11-29,19.69
FUEL-202698,EQ-1048,2023-06-26,124.34
FUEL-202699,EQ-1011,2023-01-16,44.99
FUEL-202700,EQ-1069,2023-09-25,96.5
FUEL-202701,EQ-1083,2024-04-10,30.22
FUEL-202702,EQ-1014,2024-04-24,115.29
FUEL-202703,EQ-1096,2023-04-26,105.23
FUEL-202704,EQ-1029,2023-11-14,16.49
FUEL-202705,EQ-1113,2023-04-30,168.82
FUEL-202706,EQ-1009,2023-09-23,96.5
FUEL-202707,EQ-1116,2023-09-11,25.53
FUEL-202708,EQ-1077,2023-07-23,51.66
FUEL-202709,EQ-1015,2024-03-31,107.19
FUEL-202710,EQ-1113,2023-06-08,113.23
FUEL-202711,EQ-1016,2023-04-01,144.0
FUEL-202712,EQ-1126,2023-10-18,96.5
FUEL-202713,EQ-1085,2023-10-10,110.31
FUEL-202714,EQ-1043,2023-08-16,46.23
FUEL-202715,EQ-1038,2023-05-21,136.21
FUEL-202716,EQ-1018,2023-03-11,175.12
FUEL-202717,EQ-1080,2023-01-19,65.92
FUEL-202718,EQ-1033,2023-12-11,151.43
FUEL-202719,EQ-1066,2023-11-16,108.43
FUEL-202720,EQ-1024,2023-02-27,89.49
FUEL-202721,EQ-1045,2024-03-30,146.12
FUEL-202722,EQ-1117,2023-11-26,138.06
FUEL-202723,EQ-1099,2023-08-14,141.38
FUEL-202724,EQ-1124,2024-03-07,114.61
FUEL-202725,EQ-1007,2024-01-01,62.95
FUEL-202726,EQ-1136,2023-09-13,176.79
FUEL-202727,EQ-1131,2024-03-12,135.18
FUEL-202728,EQ-1046,2023-06-10,66.53
FUEL-202729,EQ-1057,2023-03-03,27.83
FUEL-202730,EQ-1107,2023-09-14,20.66
FUEL-202731,EQ-1074,2023-09-08,125.78
FUEL-202732,EQ-1076,2023-01-18,140.08
FUEL-202733,EQ-1027,2023-09-21,114.82
FUEL-202734,EQ-1005,2023-10-04,89.52
FUEL-202735,EQ-1027,2023-02-07,135.93
FUEL-202736,EQ-1052,2024-05-10,24.35
FUEL-202737,EQ-1101,2024-03-06,176.94
FUEL-202738,EQ-1148,2024-02-17,28.54
FUEL-202739,EQ-1006,2023-09-01,81.81
FUEL-202740,EQ-1028,2023-10-24,26.09
FUEL-202741,EQ-1044,2023-07-25,82.15
FUEL-202742,EQ-1093,2023-10-25,33.31
FUEL-202743,EQ-1035,2023-08-20,117.47
FUEL-202745,EQ-1109,2023-09-01,38.85
FUEL-202746,EQ-1124,2023-09-24,96.5
FUEL-202747,EQ-1076,2023-10-05,96.5
FUEL-202748,EQ-1027,2023-03-06,96.5
FUEL-202749,EQ-1069,2023-05-17,130.69
FUEL-202750,EQ-1093,2023-09-27,175.04
FUEL-202751,EQ-1126,2023-10-12,50.46
FUEL-202752,EQ-1144,2023-12-17,97.74
FUEL-202753,EQ-1068,2023-03-23,25.98
FUEL-202754,EQ-1001,2023-10-28,77.3
FUEL-202755,EQ-1089,2023-04-08,118.37
FUEL-202756,EQ-1119,2023-04-27,41.73
FUEL-202757,EQ-1106,2024-01-30,71.15
FUEL-202758,EQ-1035,2023-09-06,96.5
FUEL-202759,EQ-1117,2023-02-07,86.94
FUEL-202760,EQ-1123,2023-09-28,96.5
FUEL-202761,EQ-1080,2023-07-16,79.9
FUEL-202762,EQ-1011,2024-01-06,48.38
FUEL-202763,EQ-1090,2024-03-21,17.34
FUEL-202764,EQ-1141,2023-02-06,128.29
FUEL-202765,EQ-1052,2023-11-25,93.35
FUEL-202766,EQ-1005,2023-06-21,84.2
FUEL-202767,EQ-1040,2023-09-04,24.18
FUEL-202768,EQ-1132,2023-04-15,101.68
FUEL-202769,EQ-1013,2024-02-13,69.17
FUEL-202770,EQ-1078,2023-01-22,96.7
FUEL-202771,EQ-1081,2023-12-11,31.43
FUEL-202772,EQ-1094,2024-03-04,110.37
FUEL-202773,EQ-1063,2024-03-19,66.25
FUEL-202774,EQ-1070,2024-01-02,68.35
FUEL-202775,EQ-1019,2023-12-31,85.46
FUEL-202776,EQ-1084,2024-04-10,64.89
FUEL-202777,EQ-1071,2024-04-06,25.73
FUEL-202778,EQ-1077,2023-09-25,135.23
FUEL-202779,EQ-1142,2023-07-15,34.22
FUEL-202780,EQ-1019,2024-03-10,60.42
FUEL-202781,EQ-1023,2023-03-29,59.06
FUEL-202782,EQ-1121,2024-02-16,23.55
FUEL-202783,EQ-1009,2023-10-04,132.88
FUEL-202784,EQ-1081,2024-01-08,50.95
FUEL-202785,EQ-1021,2023-11-01,111.17
FUEL-202786,EQ-1085,2023-04-28,157.43
FUEL-202787,EQ-1106,2023-07-26,83.05
FUEL-202788,EQ-1011,2024-03-07,65.12
FUEL-202789,EQ-1017,2024-03-02,143.97
FUEL-202790,EQ-1023,2024-03-17,167.97
FUEL-202791,EQ-1114,2023-12-10,96.5
FUEL-202792,EQ-1091,2023-03-11,99.3
FUEL-202793,EQ-1006,2023-12-29,131.09
FUEL-202794,EQ-1027,2024-05-11,60.63
FUEL-202795,EQ-1024,2024-03-19,49.47
FUEL-202796,EQ-1077,2023-05-15,115.37
FUEL-202797,EQ-1094,2023-05-18,178.41
FUEL-202798,EQ-1114,2023-06-18,95.69
FUEL-202799,EQ-1014,2023-06-27,143.97
FUEL-202800,EQ-1037,2023-11-15,22.16
FUEL-202801,EQ-1105,2023-04-02,120.18
FUEL-202802,EQ-1023,2023-04-10,96.5
FUEL-202803,EQ-1126,2023-05-13,16.48
FUEL-202804,EQ-1107,2024-04-20,96.5
FUEL-202805,EQ-1127,2023-08-27,69.54
FUEL-202806,EQ-1035,2023-12-20,179.87
FUEL-202807,EQ-1016,2024-01-13,158.55
FUEL-202808,EQ-1001,2023-10-24,113.42
FUEL-202809,EQ-1015,2023-07-03,81.96
FUEL-202810,EQ-1034,2024-01-08,19.16
FUEL-202811,EQ-1119,2024-02-20,82.7
FUEL-202812,EQ-1122,2023-08-03,135.75
FUEL-202813,EQ-1108,2024-04-25,25.95
FUEL-202814,EQ-1120,2023-12-02,142.03
FUEL-202815,EQ-1134,2023-06-23,96.5
FUEL-202816,EQ-1051,2023-05-13,124.56
FUEL-202817,EQ-1013,2023-04-30,160.61
FUEL-202818,EQ-1058,2023-12-01,55.31
FUEL-202819,EQ-1124,2023-05-26,49.42
FUEL-202820,EQ-1047,2023-09-17,53.36
FUEL-202821,EQ-1020,2024-05-12,80.88
FUEL-202822,EQ-1012,2023-08-09,63.67
FUEL-202823,EQ-1103,2023-10-19,44.11
FUEL-202824,EQ-1036,2023-06-23,25.3
FUEL-202825,EQ-1037,2024-04-01,75.66
FUEL-202826,EQ-1049,2023-08-08,144.62
FUEL-202827,EQ-1026,2023-06-25,150.18
FUEL-202828,EQ-1060,2023-03-08,96.5
FUEL-202829,EQ-1048,2024-03-19,118.97
FUEL-202830,EQ-1145,2023-10-03,63.66
FUEL-202831,EQ-1036,2023-04-26,89.13
FUEL-202832,EQ-1080,2023-05-08,96.5
FUEL-202833,EQ-1101,2023-05-10,86.72
FUEL-202834,EQ-1050,2023-02-26,46.65
FUEL-202835,EQ-1020,2023-06-09,71.53
FUEL-202836,EQ-1110,2023-05-09,163.62
FUEL-202837,EQ-1046,2024-05-14,100.48
FUEL-202838,EQ-1041,2023-11-08,98.18
FUEL-202839,EQ-1073,2023-06-15,118.57
FUEL-202840,EQ-1111,2024-02-18,96.5
FUEL-202841,EQ-1007,2024-01-13,21.91
FUEL-202842,EQ-1120,2023-03-16,161.29
FUEL-202843,EQ-1119,2024-05-07,176.69
FUEL-202844,EQ-1023,2024-05-13,174.78
FUEL-202845,EQ-1056,2023-03-21,159.12
FUEL-202846,EQ-1056,2023-09-15,111.47
FUEL-202847,EQ-1046,2023-12-30,63.84
FUEL-202848,EQ-1046,2023-03-22,140.37
FUEL-202849,EQ-1031,2023-05-27,71.56
FUEL-202850,EQ-1128,2024-05-01,31.2
FUEL-202851,EQ-1135,2023-10-17,56.59
FUEL-202852,EQ-1147,2023-06-28,149.57
FUEL-202853,EQ-1031,2024-01-21,96.5
FUEL-202854,EQ-1136,2024-02-24,152.78
FUEL-202855,EQ-1109,2023-02-21,38.0
FUEL-202856,EQ-1023,2024-01-24,145.93
FUEL-202857,EQ-1132,2023-11-22,38.31
FUEL-202858,EQ-1128,2023-02-18,140.13
FUEL-202859,EQ-1139,2023-10-08,96.5
FUEL-202860,EQ-1065,2023-09-25,23.76
FUEL-202861,EQ-1138,2024-04-22,49.46
FUEL-202862,EQ-1063,2024-05-02,116.39
FUEL-202863,EQ-1053,2023-07-17,167.91
FUEL-202865,EQ-1054,2023-03-18,24.4
FUEL-202866,EQ-1123,2024-04-05,21.57
FUEL-202867,EQ-1103,2023-08-02,16.86
FUEL-202868,EQ-1034,2024-01-31,169.57
FUEL-202869,EQ-1132,2023-09-20,116.81
FUEL-202870,EQ-1016,2023-09-11,48.87
FUEL-202871,EQ-1013,2023-06-29,164.88
FUEL-202872,EQ-1048,2024-03-23,93.46
FUEL-202873,EQ-1036,2023-10-12,167.65
FUEL-202874,EQ-1147,2023-05-09,70.53
FUEL-202875,EQ-1134,2023-03-16,91.06
FUEL-202876,EQ-1009,2024-04-18,126.54
FUEL-202877,EQ-1101,2023-06-09,119.57
FUEL-202878,EQ-1086,2023-10-19,134.19
FUEL-202879,EQ-1138,2023-10-25,140.47
FUEL-202880,EQ-1042,2023-01-11,93.51
FUEL-202881,EQ-1090,2024-05-01,174.29
FUEL-202882,EQ-1046,2024-01-27,140.26
FUEL-202883,EQ-1049,2023-01-27,158.41
FUEL-202884,EQ-1012,2023-12-06,56.23
FUEL-202885,EQ-1029,2024-03-05,21.55
FUEL-202886,EQ-1032,2023-09-19,173.35
FUEL-202887,EQ-1098,2023-01-12,136.4
FUEL-202888,EQ-1029,2024-04-22,128.46
FUEL-202889,EQ-1075,2024-01-01,126.3
FUEL-202890,EQ-1099,2023-12-11,35.09
FUEL-202891,EQ-1070,2023-03-25,96.5
FUEL-202892,EQ-1064,2023-07-20,63.92
FUEL-202893,EQ-1019,2023-02-01,90.39
FUEL-202894,EQ-1065,2023-11-14,115.75
FUEL-202895,EQ-1130,2023-03-08,118.11
FUEL-202896,EQ-1072,2024-05-04,54.2
FUEL-202897,EQ-1052,2023-09-30,20.74
FUEL-202898,EQ-1115,2023-03-13,111.46
FUEL-202899,EQ-1065,2023-03-02,68.99
FUEL-202900,EQ-1037,2024-04-25,18.32
FUEL-202901,EQ-1093,2024-04-10,96.5
FUEL-202902,EQ-1141,2023-04-11,15.36
FUEL-202903,EQ-1052,2023-01-28,82.56
FUEL-202904,EQ-1066,2023-03-17,73.23
FUEL-202905,EQ-1125,2023-11-09,143.99
FUEL-202907,EQ-1095,2023-07-26,43.06
FUEL-202908,EQ-1024,2023-06-29,96.5
FUEL-202909,EQ-1072,2023-01-29,31.72
FUEL-202910,EQ-1131,2023-10-29,39.08
FUEL-202911,EQ-1052,2023-12-09,44.32
FUEL-202912,EQ-1028,2024-01-09,152.17
FUEL-202913,EQ-1122,2023-08-06,24.08
FUEL-202914,EQ-1035,2023-02-02,96.5
FUEL-202915,EQ-1030,2023-03-04,61.71
FUEL-202917,EQ-1069,2023-05-10,55.83
FUEL-202918,EQ-1118,2023-01-02,150.63
FUEL-202919,EQ-1046,2023-11-17,87.51
FUEL-202920,EQ-1006,2023-11-02,129.38
FUEL-202921,EQ-1016,2023-09-12,126.93
FUEL-202922,EQ-1030,2023-07-11,117.12
FUEL-202923,EQ-1000,2024-03-24,159.27
FUEL-202924,EQ-1133,2024-05-05,130.98
FUEL-202925,EQ-1046,2024-03-30,96.5
FUEL-202926,EQ-1001,2023-08-06,79.33
FUEL-202927,EQ-1068,2024-04-26,109.28
FUEL-202928,EQ-1049,2023-02-23,104.73
FUEL-202929,EQ-1093,2023-07-05,95.46
FUEL-202930,EQ-1125,2023-08-15,53.89
FUEL-202931,EQ-1038,2024-01-01,119.67
FUEL-202932,EQ-1083,2024-04-16,96.5
FUEL-202933,EQ-1050,2023-12-27,39.7
FUEL-202934,EQ-1040,2023-01-10,38.97
FUEL-202935,EQ-1115,2024-01-28,88.37
FUEL-202936,EQ-1052,2023-12-22,106.92
FUEL-202937,EQ-1149,2023-11-12,53.6
FUEL-202938,EQ-1015,2023-04-08,170.94
FUEL-202939,EQ-1130,2023-07-09,96.5
FUEL-202940,EQ-1061,2024-02-10,105.58
FUEL-202941,EQ-1114,2023-12-25,160.0
FUEL-202942,EQ-1111,2023-12-29,69.41
FUEL-202943,EQ-1073,2024-04-18,173.42
FUEL-202944,EQ-1094,2023-07-11,160.2
FUEL-202945,EQ-1082,2023-12-22,106.41
FUEL-202946,EQ-1110,2023-05-20,20.25
FUEL-202947,EQ-1138,2023-08-29,167.47
FUEL-202948,EQ-1064,2024-01-09,96.5
FUEL-202949,EQ-1027,2023-03-18,44.47
FUEL-202950,EQ-1104,2023-11-27,89.95
FUEL-202951,EQ-1003,2024-02-27,89.83
FUEL-202952,EQ-1110,2023-03-16,126.25
FUEL-202953,EQ-1093,2023-06-20,99.79
FUEL-202954,EQ-1028,2023-03-25,96.5
FUEL-202955,EQ-1091,2023-08-03,56.59
FUEL-202956,EQ-1123,2024-02-13,161.25
FUEL-202957,EQ-1115,2024-03-15,52.49
FUEL-202958,EQ-1045,2023-05-27,128.57
FUEL-202959,EQ-1139,2023-10-29,95.32
FUEL-202960,EQ-1019,2023-12-19,104.69
FUEL-202961,EQ-1149,2023-12-17,69.98
FUEL-202962,EQ-1127,2023-12-22,96.5
FUEL-202963,EQ-1055,2024-01-24,144.21
FUEL-202964,EQ-1064,2024-03-20,122.56
FUEL-202965,EQ-1056,2023-03-08,83.36
FUEL-202966,EQ-1035,2023-04-07,96.5
FUEL-202967,EQ-1093,2024-05-10,170.73
FUEL-202968,EQ-1141,2024-01-10,95.3
FUEL-202969,EQ-1058,2023-06-17,152.16
FUEL-202970,EQ-1149,2024-04-23,100.38
FUEL-202971,EQ-1003,2023-06-15,64.67
FUEL-202972,EQ-1046,2023-08-25,147.78
FUEL-202973,EQ-1122,2023-01-31,96.5
FUEL-202974,EQ-1069,2024-04-19,164.09
FUEL-202975,EQ-1069,2023-08-15,160.68
FUEL-202976,EQ-1130,2023-01-10,47.87
FUEL-202977,EQ-1116,2023-08-09,96.37
FUEL-202978,EQ-1144,2023-08-28,88.89
FUEL-202979,EQ-1025,2023-01-11,84.66
FUEL-202980,EQ-1046,2024-04-09,96.5
FUEL-202981,EQ-1038,2023-03-07,120.71
FUEL-202982,EQ-1017,2023-10-12,96.5
FUEL-202983,EQ-1078,2023-02-10,29.64
FUEL-202984,EQ-1105,2023-10-13,49.42
FUEL-202985,EQ-1099,2023-10-18,96.5
FUEL-202986,EQ-1089,2023-04-13,109.06
FUEL-202987,EQ-1054,2023-01-22,145.32
FUEL-202988,EQ-1059,2023-05-19,92.45
FUEL-202989,EQ-1043,2023-07-18,52.15
FUEL-202990,EQ-1096,2023-03-09,19.84
FUEL-202991,EQ-1046,2023-09-04,130.71
FUEL-202992,EQ-1035,2024-04-11,179.91
FUEL-202993,EQ-1028,2023-07-14,32.11
FUEL-202994,EQ-1126,2023-09-17,46.02
FUEL-202995,EQ-1116,2024-04-26,131.25
FUEL-202996,EQ-1051,2024-03-26,66.14
FUEL-202997,EQ-1067,2023-01-06,105.52
FUEL-202998,EQ-1056,2023-02-12,17.14
FUEL-202999,EQ-1119,2023-06-06,16.6
FUEL-203000,EQ-1001,2023-01-14,23.32
FUEL-203001,EQ-1034,2024-02-03,163.62
FUEL-203002,EQ-1002,2023-05-14,178.71
FUEL-203003,EQ-1051,2023-07-26,96.5
FUEL-203004,EQ-1060,2023-03-14,127.15
FUEL-203005,EQ-1113,2023-06-15,124.12
FUEL-203006,EQ-1078,2023-04-23,108.07
FUEL-203007,EQ-1111,2023-12-01,166.16
FUEL-203008,EQ-1120,2024-03-31,96.5
FUEL-203009,EQ-1044,2023-08-23,56.62
FUEL-203010,EQ-1004,2023-09-10,30.73
FUEL-203011,EQ-1122,2023-06-28,96.5
FUEL-203012,EQ-1019,2023-08-03,46.56
FUEL-203013,EQ-1109,2023-06-09,96.5
FUEL-203014,EQ-1044,2023-01-14,169.76
FUEL-203015,EQ-1117,2024-01-09,159.22
FUEL-203016,EQ-1073,2024-03-04,47.53
FUEL-203017,EQ-1125,2023-03-25,145.01
FUEL-203018,EQ-1133,2023-12-01,96.5
FUEL-203019,EQ-1072,2023-08-03,51.39
FUEL-203020,EQ-1042,2023-02-21,114.82
FUEL-203021,EQ-1124,2023-08-04,71.59
FUEL-203022,EQ-1072,2023-08-31,173.07
FUEL-203023,EQ-1114,2023-07-01,71.84
FUEL-203024,EQ-1064,2023-02-06,96.5
FUEL-203025,EQ-1120,2023-11-24,128.87
FUEL-203026,EQ-1000,2023-04-06,126.91
FUEL-203027,EQ-1115,2024-04-02,101.67
FUEL-203028,EQ-1136,2023-11-08,20.01
FUEL-203029,EQ-1090,2023-03-13,33.03
FUEL-203030,EQ-1006,2024-02-19,121.06
FUEL-203031,EQ-1086,2023-04-07,48.91
FUEL-203032,EQ-1103,2024-01-10,124.04
FUEL-203033,EQ-1041,2024-03-15,129.84
FUEL-203034,EQ-1101,2023-11-05,106.47
FUEL-203035,EQ-1013,2024-01-24,101.21
FUEL-203036,EQ-1146,2024-03-26,89.16
FUEL-203037,EQ-1081,2023-11-23,20.59
FUEL-203038,EQ-1051,2023-04-23,79.7
FUEL-203039,EQ-1032,2023-09-09,26.72
FUEL-203040,EQ-1057,2024-05-01,55.24
FUEL-203041,EQ-1083,2023-08-19,26.89
FUEL-203042,EQ-1007,2023-08-02,16.86
FUEL-203043,EQ-1124,2024-01-21,29.16
FUEL-203044,EQ-1127,2023-02-19,152.89
FUEL-203045,EQ-1121,2023-11-10,80.44
FUEL-203046,EQ-1050,2023-01-13,23.28
FUEL-203047,EQ-1118,2023-03-27,133.29
FUEL-203048,EQ-1128,2024-02-01,75.96
FUEL-203049,EQ-1091,2024-04-20,37.07
FUEL-203050,EQ-1052,2024-01-09,38.52
FUEL-203051,EQ-1149,2024-02-01,16.06
FUEL-203052,EQ-1028,2024-09-04,172.6
FUEL-203053,EQ-1135,2023-11-09,42.9
FUEL-203054,EQ-1099,2023-09-13,96.08
FUEL-203055,EQ-1079,2023-06-23,90.57
FUEL-203056,EQ-1005,2023-07-29,96.5
FUEL-203057,EQ-1109,2023-06-05,145.35
FUEL-203058,EQ-1011,2023-03-19,86.05
FUEL-203059,EQ-1101,2024-01-23,129.37
FUEL-203060,EQ-1118,2024-04-25,130.13
FUEL-203061,EQ-1098,2023-07-28,172.49
FUEL-203062,EQ-1066,2024-05-05,120.9
FUEL-203063,EQ-1064,2023-01-30,121.03
FUEL-203064,EQ-1042,2023-06-28,72.25
FUEL-203065,EQ-1095,2023-08-08,125.3
FUEL-203066,EQ-1031,2023-11-19,96.5
FUEL-203067,EQ-1068,2023-08-10,71.05
FUEL-203068,EQ-1013,2023-03-19,164.5
FUEL-203069,EQ-1051,2024-03-09,20.62
FUEL-203070,EQ-1115,2023-09-26,96.5
FUEL-203072,EQ-1044,2023-12-13,83.58
FUEL-203073,EQ-1029,2023-06-21,46.49
FUEL-203074,EQ-1077,2023-05-01,38.3
FUEL-203075,EQ-1042,2023-05-16,101.27
FUEL-203076,EQ-1025,2023-11-11,47.91
FUEL-203077,EQ-1058,2023-04-15,19.15
FUEL-203078,EQ-1049,2023-02-14,53.91
FUEL-203079,EQ-1104,2023-05-16,94.18
FUEL-203080,EQ-1145,2023-10-02,96.5
FUEL-203081,EQ-1050,2023-06-19,177.87
FUEL-203082,EQ-1091,2023-06-24,96.5
FUEL-203083,EQ-1121,2023-07-01,137.75
FUEL-203084,EQ-1004,2023-10-15,47.37
FUEL-203085,EQ-1107,2023-07-02,96.5
FUEL-203086,EQ-1051,2023-01-28,144.83
FUEL-203087,EQ-1142,2023-12-01,102.91
FUEL-203088,EQ-1049,2024-02-07,158.38
FUEL-203089,EQ-1079,2024-02-20,134.24
FUEL-203090,EQ-1126,2023-10-24,68.22
FUEL-203091,EQ-1106,2023-12-27,76.9
FUEL-203092,EQ-1068,2023-02-27,104.74
FUEL-203093,EQ-1149,2024-04-17,99.57
FUEL-203094,EQ-1145,2023-07-16,116.15
FUEL-203095,EQ-1098,2023-10-01,123.68
FUEL-203096,EQ-1104,2023-08-12,120.6
FUEL-203097,EQ-1077,2023-09-27,159.3
FUEL-203098,EQ-1006,2023-03-05,37.89
FUEL-203099,EQ-1096,2024-04-17,103.19
FUEL-203100,EQ-1082,2023-10-24,102.93
FUEL-203101,EQ-1088,2023-03-10,165.9
FUEL-203102,EQ-1046,2023-08-15,38.96
FUEL-203103,EQ-1001,2024-04-21,81.56
FUEL-203104,EQ-1025,2023-02-18,165.4
FUEL-203105,EQ-1015,2024-02-08,47.02
FUEL-203106,EQ-1125,2023-12-21,22.87
FUEL-203107,EQ-1144,2024-01-10,38.38
FUEL-203108,EQ-1118,2023-03-28,118.37
FUEL-203109,EQ-1057,2023-10-08,17.6
FUEL-203110,EQ-1085,2023-10-03,78.25
FUEL-203111,EQ-1109,2023-03-13,162.01
FUEL-203113,EQ-1053,2023-09-14,16.53
FUEL-203114,EQ-1056,2023-11-25,18.52
FUEL-203115,EQ-1050,2023-02-06,41.4
FUEL-203116,EQ-1055,2023-04-14,122.87
FUEL-203117,EQ-1149,2024-04-21,54.8
FUEL-203118,EQ-1135,2023-12-15,96.5
FUEL-203119,EQ-1097,2023-08-22,149.89
FUEL-203120,EQ-1004,2023-10-24,66.53
FUEL-203121,EQ-1058,2023-06-11,110.39
FUEL-203122,EQ-1085,2023-10-14,74.53
FUEL-203123,EQ-1003,2023-03-02,51.63
FUEL-203124,EQ-1099,2023-06-03,141.19
FUEL-203125,EQ-1099,2023-08-27,48.48
FUEL-203126,EQ-1104,2023-10-14,38.88
FUEL-203127,EQ-1126,2024-03-06,21.38
FUEL-203128,EQ-1111,2023-10-04,167.03
FUEL-203129,EQ-1050,2023-10-08,49.34
FUEL-203130,EQ-1076,2023-11-28,96.5
FUEL-203131,EQ-1130,2023-11-11,160.83
FUEL-203132,EQ-1051,2024-01-04,64.73
FUEL-203133,EQ-1007,2023-06-18,151.41
FUEL-203134,EQ-1101,2023-08-19,139.88
FUEL-203135,EQ-1138,2024-04-21,47.1
FUEL-203136,EQ-1030,2023-01-05,151.26
FUEL-203137,EQ-1085,2023-02-25,96.5
FUEL-203139,EQ-1069,2024-03-22,154.9
FUEL-203140,EQ-1092,2023-10-21,27.92
FUEL-203141,EQ-1127,2024-01-10,61.71
FUEL-203142,EQ-1083,2023-10-04,96.13
FUEL-203143,EQ-1079,2023-08-08,77.48
FUEL-203144,EQ-1028,2024-02-07,112.21
FUEL-203145,EQ-1066,2023-12-10,129.51
FUEL-203146,EQ-1126,2023-03-06,159.59
FUEL-203147,EQ-1128,2023-01-06,124.26
FUEL-203148,EQ-1009,2023-12-06,96.5
FUEL-203149,EQ-1032,2024-02-02,125.59
FUEL-203150,EQ-1146,2023-12-22,77.23
FUEL-203151,EQ-1000,2023-10-28,139.47
FUEL-203152,EQ-1018,2023-07-16,103.09
FUEL-203153,EQ-1136,2024-01-03,169.64
FUEL-203154,EQ-1130,2023-09-01,52.56
FUEL-203155,EQ-1135,2024-04-18,108.71
FUEL-203156,EQ-1081,2023-06-04,150.84
FUEL-203157,EQ-1112,2024-04-02,122.26
FUEL-203158,EQ-1018,2023-07-06,124.72
FUEL-203159,EQ-1138,2024-03-27,101.9
FUEL-203160,EQ-1096,2024-02-16,152.79
FUEL-203161,EQ-1002,2023-01-30,159.66
FUEL-203162,EQ-1018,2023-08-04,85.1
FUEL-203163,EQ-1008,2024-03-25,63.57
FUEL-203164,EQ-1026,2024-01-06,117.64
FUEL-203165,EQ-1040,2024-04-02,148.24
FUEL-203166,EQ-1072,2024-02-20,40.56
FUEL-203167,EQ-1082,2023-09-11,49.01
FUEL-203168,EQ-1127,2023-06-30,143.59
FUEL-203169,EQ-1053,2023-10-08,87.46
FUEL-203170,EQ-1088,2023-08-10,149.8
FUEL-203171,EQ-1079,2023-11-28,96.5
FUEL-203172,EQ-1034,2023-06-18,68.42
FUEL-203173,EQ-1071,2023-08-03,86.59
FUEL-203174,EQ-1003,2023-08-10,118.55
FUEL-203175,EQ-1046,2024-02-08,111.4
FUEL-203176,EQ-1127,2023-06-10,133.4
FUEL-203177,EQ-1101,2024-01-21,177.15
FUEL-203178,EQ-1079,2024-04-27,90.64
FUEL-203179,EQ-1019,2023-10-22,79.78
FUEL-203180,EQ-1067,2023-01-20,98.86
FUEL-203181,EQ-1026,2024-02-29,96.5
FUEL-203182,EQ-1063,2024-05-08,81.94
FUEL-203183,EQ-1124,2023-04-08,61.04
FUEL-203184,EQ-1056,2023-03-08,57.52
FUEL-203185,EQ-1144,2023-04-24,171.82
FUEL-203186,EQ-1025,2023-09-22,131.76
FUEL-203187,EQ-1106,2024-04-19,15.75
FUEL-203188,EQ-1035,2024-02-20,96.5
FUEL-203189,EQ-1088,2024-01-13,110.48
FUEL-203190,EQ-1104,2023-03-17,145.86
FUEL-203191,EQ-1140,2023-04-01,81.98
FUEL-203192,EQ-1139,2023-08-22,96.5
FUEL-203193,EQ-1126,2024-01-30,27.12
FUEL-203194,EQ-1106,2024-03-18,37.28
FUEL-203195,EQ-1118,2023-09-06,148.36
FUEL-203196,EQ-1043,2023-12-14,127.34
FUEL-203197,EQ-1120,2023-03-23,78.08
FUEL-203199,EQ-1076,2023-08-14,106.61
FUEL-203200,EQ-1119,2023-06-23,44.71
FUEL-203201,EQ-1075,2023-06-26,178.9
FUEL-203202,EQ-1016,2023-11-23,96.5
FUEL-203203,EQ-1047,2023-03-15,57.38
FUEL-203204,EQ-1122,2023-08-23,88.05
FUEL-203205,EQ-1138,2023-04-29,104.77
FUEL-203206,EQ-1124,2023-11-21,53.34
FUEL-203207,EQ-1026,2024-03-20,80.58
FUEL-203208,EQ-1071,2023-08-20,77.34
FUEL-203209,EQ-1063,2023-09-23,88.68
FUEL-203210,EQ-1102,2024-04-22,20.47
FUEL-203211,EQ-1079,2024-05-15,21.43
FUEL-203212,EQ-1035,2023-04-19,144.41
FUEL-203213,EQ-1099,2023-12-08,76.98
FUEL-203214,EQ-1033,2023-02-07,45.02
FUEL-203215,EQ-1106,2023-12-13,123.04
FUEL-203216,EQ-1065,2024-02-22,32.1
FUEL-203217,EQ-1136,2023-06-19,50.07
FUEL-203218,EQ-1082,2023-11-20,108.95
FUEL-203219,EQ-1105,2023-02-05,149.1
FUEL-203220,EQ-1076,2024-01-16,96.5
FUEL-203221,EQ-1133,2023-01-28,83.68
FUEL-203222,EQ-1086,2023-10-10,62.55
FUEL-203223,EQ-1001,2024-01-13,67.95
FUEL-203224,EQ-1002,2024-03-01,92.96
FUEL-203225,EQ-1144,2023-08-12,145.09
FUEL-203226,EQ-1123,2023-02-24,64.11
FUEL-203227,EQ-1006,2023-12-04,122.87
FUEL-203228,EQ-1001,2024-04-26,91.6
FUEL-203229,EQ-1109,2024-04-11,18.87
FUEL-203230,EQ-1022,2023-03-16,93.33
FUEL-203232,EQ-1116,2023-03-05,26.61
FUEL-203233,EQ-1074,2023-11-20,121.07
FUEL-203234,EQ-1047,2023-07-14,96.5
FUEL-203235,EQ-1006,2024-01-08,158.54
FUEL-203236,EQ-1037,2023-03-24,96.5
FUEL-203237,EQ-1104,2023-09-10,16.87
FUEL-203238,EQ-1017,2023-07-24,172.17
FUEL-203239,EQ-1032,2024-03-21,28.54
FUEL-203240,EQ-1024,2024-05-14,90.45
FUEL-203241,EQ-1119,2023-03-16,57.18
FUEL-203242,EQ-1029,2024-01-06,21.08
FUEL-203243,EQ-1100,2024-02-21,85.26
FUEL-203244,EQ-1123,2023-02-14,166.78
FUEL-203245,EQ-1013,2023-05-11,51.66
FUEL-203246,EQ-1051,2024-01-30,114.15
FUEL-203247,EQ-1130,2023-01-03,151.42
FUEL-203248,EQ-1144,2023-08-11,26.14
FUEL-203249,EQ-1110,2023-07-11,117.97
FUEL-203250,EQ-1044,2023-09-04,116.8
FUEL-203252,EQ-1049,2023-04-19,96.5
FUEL-203253,EQ-1026,2023-05-31,172.97
FUEL-203254,EQ-1138,2023-12-13,41.27
FUEL-203255,EQ-1043,2023-06-01,96.5
FUEL-203256,EQ-1049,2023-08-18,134.67
FUEL-203257,EQ-1145,2024-03-16,98.64
FUEL-203258,EQ-1070,2023-12-29,89.54
FUEL-203259,EQ-1047,2024-03-10,57.06
FUEL-203260,EQ-1096,2023-08-26,93.3
FUEL-203261,EQ-1018,2023-11-04,33.29
FUEL-203262,EQ-1080,2023-01-28,87.5
FUEL-203263,EQ-1017,2023-04-22,60.4
FUEL-203264,EQ-1061,2024-02-16,148.88
FUEL-203265,EQ-1118,2023-03-10,152.99
FUEL-203266,EQ-1141,2023-08-18,161.63
FUEL-203267,EQ-1132,2023-03-17,146.28
FUEL-203268,EQ-1093,2023-12-13,68.08
FUEL-203269,EQ-1097,2023-02-08,101.81
FUEL-203270,EQ-1102,2023-07-01,106.16
FUEL-203271,EQ-1139,2023-12-13,96.5
FUEL-203272,EQ-1102,2023-02-12,94.21
FUEL-203273,EQ-1047,2023-11-24,96.5
FUEL-203274,EQ-1137,2024-02-11,96.5
FUEL-203275,EQ-1006,2024-04-08,102.39
FUEL-203276,EQ-1062,2023-08-05,96.5
FUEL-203277,EQ-1127,2023-12-06,47.66
FUEL-203278,EQ-1001,2023-12-19,21.93
FUEL-203279,EQ-1069,2024-02-27,18.37
FUEL-203280,EQ-1053,2023-06-19,96.5
FUEL-203281,EQ-1047,2023-01-06,122.69
FUEL-203282,EQ-1027,2024-01-19,68.6
FUEL-203283,EQ-1047,2023-10-29,160.16
FUEL-203284,EQ-1051,2023-11-27,28.82
FUEL-203285,EQ-1044,2023-12-13,48.47
FUEL-203286,EQ-1004,2023-04-22,136.11
FUEL-203287,EQ-1003,2024-04-01,96.92
FUEL-203288,EQ-1058,2023-01-07,88.41
FUEL-203289,EQ-1142,2023-01-07,65.32
FUEL-203290,EQ-1052,2024-04-19,90.9
FUEL-203291,EQ-1076,2023-04-23,22.57
FUEL-203292,EQ-1050,2024-01-15,68.82
FUEL-203293,EQ-1107,2023-01-12,170.46
FUEL-203294,EQ-1028,2023-07-22,153.5
FUEL-203295,EQ-1090,2023-12-15,161.48
FUEL-203296,EQ-1061,2023-01-07,42.86
FUEL-203297,EQ-1060,2023-04-06,37.27
FUEL-203298,EQ-1132,2023-08-26,96.5
FUEL-203299,EQ-1125,2023-06-19,96.5
FUEL-203300,EQ-1047,2023-10-19,145.44
FUEL-203301,EQ-1105,2023-06-30,60.31
FUEL-203302,EQ-1090,2023-11-07,49.8
FUEL-203303,EQ-1009,2023-04-24,42.5
FUEL-203304,EQ-1054,2023-10-06,53.0
FUEL-203305,EQ-1009,2024-03-28,15.24
FUEL-203306,EQ-1007,2024-01-21,96.5
FUEL-203307,EQ-1086,2024-03-21,96.5
FUEL-203308,EQ-1006,2024-01-30,96.5
FUEL-203309,EQ-1044,2023-06-16,96.5
FUEL-203310,EQ-1041,2023-04-25,53.12
FUEL-203311,EQ-1062,2023-01-04,53.98
FUEL-203312,EQ-1008,2024-01-12,45.77
FUEL-203313,EQ-1035,2023-08-23,105.64
FUEL-203314,EQ-1022,2023-04-29,96.5
FUEL-203315,EQ-1127,2023-07-05,152.94
FUEL-203316,EQ-1007,2023-02-22,116.03
FUEL-203317,EQ-1061,2023-12-30,161.47
FUEL-203319,EQ-1129,2023-07-07,96.5
FUEL-203320,EQ-1139,2024-02-03,96.5
FUEL-203321,EQ-1073,2023-11-25,30.34
FUEL-203322,EQ-1094,2023-06-30,158.52
FUEL-203323,EQ-1034,2024-04-21,125.02
FUEL-203324,EQ-1140,2023-10-08,16.45
FUEL-203325,EQ-1017,2023-07-30,118.59
FUEL-203326,EQ-1052,2023-12-17,142.15
FUEL-203327,EQ-1109,2023-06-20,148.84
FUEL-203328,EQ-1058,2023-06-23,128.63
FUEL-203329,EQ-1075,2023-08-22,58.79
FUEL-203330,EQ-1071,2023-07-13,96.5
FUEL-203331,EQ-1128,2023-05-27,65.71
FUEL-203334,EQ-1049,2023-03-16,164.0
FUEL-203335,EQ-1004,2023-02-01,104.27
FUEL-203336,EQ-1079,2023-07-18,179.22
FUEL-203337,EQ-1044,2024-05-08,56.19
FUEL-203338,EQ-1142,2023-04-03,150.83
FUEL-203339,EQ-1019,2023-10-13,110.79
FUEL-203340,EQ-1123,2023-06-15,106.84
FUEL-203341,EQ-1057,2023-08-19,88.37
FUEL-203342,EQ-1028,2024-04-01,61.57
FUEL-203343,EQ-1132,2024-04-04,96.5
FUEL-203344,EQ-1110,2023-04-12,131.91
FUEL-203345,EQ-1113,2024-01-05,70.56
FUEL-203346,EQ-1056,2023-07-24,96.5
FUEL-203347,EQ-1045,2024-04-30,96.5
FUEL-203348,EQ-1078,2023-11-19,154.33
FUEL-203349,EQ-1022,2023-11-25,134.71
FUEL-203350,EQ-1061,2023-12-13,73.0
FUEL-203351,EQ-1037,2023-06-25,34.34
FUEL-203352,EQ-1056,2023-06-06,96.5
FUEL-203353,EQ-1097,2024-04-29,24.89
FUEL-203354,EQ-1064,2023-12-21,123.49
FUEL-203355,EQ-1035,2024-01-03,152.22
FUEL-203357,EQ-1122,2023-07-22,121.11
FUEL-203358,EQ-1060,2024-02-04,172.03
FUEL-203359,EQ-1117,2023-10-28,126.47
FUEL-203360,EQ-1117,2023-01-31,17.2
FUEL-203361,EQ-1006,2023-02-18,125.91
FUEL-203362,EQ-1073,2024-09-04,96.5
FUEL-203363,EQ-1147,2023-05-19,149.55
FUEL-203364,EQ-1125,2023-03-04,175.39
FUEL-203365,EQ-1023,2023-07-08,78.67
FUEL-203366,EQ-1086,2023-11-28,141.34
FUEL-203367,EQ-1106,2024-04-21,123.85
FUEL-203368,EQ-1124,2024-02-24,173.9
FUEL-203369,EQ-1019,2024-02-19,142.09
FUEL-203370,EQ-1048,2024-05-12,95.69
FUEL-203371,EQ-1013,2023-08-12,168.0
FUEL-203372,EQ-1146,2024-01-17,29.76
FUEL-203373,EQ-1061,2023-01-21,175.51
FUEL-203374,EQ-1085,2024-02-01,85.74
FUEL-203375,EQ-1072,2024-09-03,96.5
FUEL-203376,EQ-1081,2023-09-04,96.5
FUEL-203378,EQ-1125,2023-05-24,88.13
FUEL-203379,EQ-1067,2023-06-02,36.42
FUEL-203380,EQ-1138,2023-11-29,90.87
FUEL-203381,EQ-1062,2023-10-02,114.1
FUEL-203382,EQ-1144,2023-01-23,80.45
FUEL-203383,EQ-1027,2023-01-02,144.05
FUEL-203384,EQ-1031,2023-11-05,157.18
FUEL-203385,EQ-1111,2023-11-02,146.99
FUEL-203386,EQ-1014,2023-11-04,114.28
FUEL-203387,EQ-1029,2023-12-18,96.5
FUEL-203388,EQ-1130,2024-03-06,125.83
FUEL-203390,EQ-1109,2023-01-19,127.77
FUEL-203391,EQ-1053,2023-10-10,127.06
FUEL-203392,EQ-1034,2023-08-27,25.67
FUEL-203393,EQ-1139,2024-03-12,96.5
FUEL-203394,EQ-1102,2023-07-04,142.16
FUEL-203395,EQ-1119,2023-10-07,56.94
FUEL-203396,EQ-1128,2023-04-18,36.46
FUEL-203397,EQ-1085,2023-08-07,142.52
FUEL-203398,EQ-1062,2023-07-25,96.5
FUEL-203399,EQ-1016,2023-10-18,96.5
FUEL-203400,EQ-1055,2023-09-26,96.5
FUEL-203402,EQ-1002,2024-01-21,67.93
FUEL-203403,EQ-1142,2023-05-31,25.43
FUEL-203404,EQ-1113,2024-04-29,31.18
FUEL-203405,EQ-1133,2024-01-17,34.4
FUEL-203406,EQ-1098,2023-11-02,126.25
FUEL-203407,EQ-1104,2024-01-25,96.5
FUEL-203408,EQ-1047,2023-06-17,16.19
FUEL-203409,EQ-1061,2024-04-16,138.08
FUEL-203410,EQ-1074,2023-05-01,132.44
FUEL-203411,EQ-1059,2023-06-09,106.9
FUEL-203412,EQ-1149,2023-06-20,118.95
FUEL-203413,EQ-1041,2023-02-22,31.27
FUEL-203414,EQ-1010,2023-01-21,149.94
FUEL-203416,EQ-1130,2023-03-15,96.5
FUEL-203417,EQ-1086,2023-11-11,88.22
FUEL-203418,EQ-1056,2023-11-07,96.5
FUEL-203419,EQ-1091,2023-01-07,76.83
FUEL-203420,EQ-1028,2023-05-17,145.28
FUEL-203421,EQ-1092,2024-04-29,171.45
FUEL-203422,EQ-1120,2023-02-01,144.03
FUEL-203423,EQ-1121,2023-04-10,92.84
FUEL-203424,EQ-1123,2024-05-15,64.64
FUEL-203425,EQ-1139,2023-09-11,61.89
FUEL-203426,EQ-1012,2023-10-19,168.27
FUEL-203427,EQ-1116,2023-09-19,44.57
FUEL-203428,EQ-1007,2024-05-04,156.47
FUEL-203429,EQ-1093,2023-11-24,30.83
FUEL-203430,EQ-1071,2024-05-12,150.31
FUEL-203431,EQ-1106,2024-04-23,117.36
FUEL-203432,EQ-1097,2023-06-30,96.5
FUEL-203433,EQ-1017,2024-02-21,141.4
FUEL-203434,EQ-1052,2023-03-30,172.47
FUEL-203435,EQ-1090,2023-03-29,114.32
FUEL-203436,EQ-1130,2023-12-31,20.23
FUEL-203437,EQ-1102,2023-04-04,96.42
FUEL-203438,EQ-1019,2023-08-27,96.5
FUEL-203439,EQ-1045,2023-04-12,120.81
FUEL-203440,EQ-1124,2023-01-10,74.2
FUEL-203441,EQ-1097,2024-04-03,106.98
FUEL-203442,EQ-1018,2024-01-10,166.06
FUEL-203443,EQ-1021,2023-09-21,127.77
FUEL-203444,EQ-1065,2023-05-18,55.2
FUEL-203445,EQ-1007,2024-02-27,132.77
FUEL-203446,EQ-1035,2024-05-14,132.8
FUEL-203447,EQ-1029,2024-03-14,166.46
FUEL-203448,EQ-1006,2023-07-30,116.21
FUEL-203449,EQ-1128,2024-04-25,162.64
FUEL-203450,EQ-1048,2023-04-08,148.86
FUEL-203452,EQ-1041,2023-10-12,168.34
FUEL-203453,EQ-1038,2024-03-06,105.74
FUEL-203454,EQ-1028,2023-03-02,36.15
FUEL-203455,EQ-1081,2023-02-03,43.46
FUEL-203456,EQ-1076,2023-04-03,96.09
FUEL-203457,EQ-1121,2023-01-11,95.03
FUEL-203458,EQ-1065,2023-03-20,140.2
FUEL-203459,EQ-1090,2024-02-23,96.5
FUEL-203460,EQ-1082,2023-05-16,137.57
FUEL-203461,EQ-1037,2023-11-08,81.52
FUEL-203462,EQ-1027,2024-03-19,116.12
FUEL-203464,EQ-1008,2024-04-12,67.3
FUEL-203465,EQ-1029,2024-03-26,61.24
FUEL-203466,EQ-1090,2024-04-07,162.76
FUEL-203467,EQ-1147,2023-02-19,96.04
FUEL-203468,EQ-1092,2024-04-27,133.42
FUEL-203469,EQ-1005,2023-09-12,96.5
FUEL-203470,EQ-1049,2024-02-04,96.5
FUEL-203471,EQ-1077,2023-06-14,62.55
FUEL-203472,EQ-1008,2023-05-16,63.13
FUEL-203473,EQ-1003,2024-03-25,55.21
FUEL-203474,EQ-1084,2023-02-26,31.03
FUEL-203475,EQ-1145,2023-04-10,135.65
FUEL-203476,EQ-1013,2023-12-14,95.79
FUEL-203477,EQ-1105,2023-12-17,53.66
FUEL-203478,EQ-1006,2024-02-08,96.5
FUEL-203479,EQ-1008,2024-05-15,41.01
FUEL-203481,EQ-1102,2023-11-15,130.86
FUEL-203482,EQ-1140,2024-04-02,166.8
FUEL-203484,EQ-1029,2023-08-22,149.76
FUEL-203485,EQ-1111,2023-03-04,135.01
FUEL-203486,EQ-1079,2023-02-25,146.52
FUEL-203487,EQ-1123,2024-04-01,102.93
FUEL-203488,EQ-1055,2023-03-16,173.49
FUEL-203489,EQ-1093,2023-06-30,79.44
FUEL-203490,EQ-1008,2024-02-15,28.83
FUEL-203491,EQ-1027,2023-01-22,135.2
FUEL-203492,EQ-1091,2023-08-10,54.24
FUEL-203493,EQ-1045,2023-08-05,36.68
FUEL-203494,EQ-1057,2023-04-10,96.5
FUEL-203495,EQ-1089,2023-03-04,127.06
FUEL-203496,EQ-1047,2024-03-05,56.99
FUEL-203497,EQ-1038,2023-06-27,63.84
FUEL-203498,EQ-1046,2023-03-22,139.82
FUEL-203499,EQ-1043,2023-11-16,88.01
FUEL-203500,EQ-1030,2024-01-09,171.62
