Usage_ID,Equipment_ID,Operator_ID,Usage_Date,Hours_Used
USG-100001,EQ-1036,OP-200,2023-11-11,3.47
USG-100002,EQ-1134,OP-208,2024-05-03,11.88
USG-100003,EQ-1099,OP-205,2023-11-22,9.35
USG-100004,EQ-1017,OP-213,2024-01-31,2.9
USG-100005,EQ-1086,OP-222,2024-03-01,8.8
USG-100006,EQ-1034,OP-258,2023-01-19,6.77
USG-100007,EQ-1010,OP-239,2023-09-21,6.47
USG-100008,EQ-1048,OP-206,2024-03-19,9.89
USG-100009,EQ-1102,OP-249,2023-06-23,6.72
USG-100010,EQ-1132,OP-210,2024-01-08,11.95
USG-100011,EQ-1075,OP-210,2023-06-17,7.83
USG-100012,EQ-1113,OP-205,2024-01-08,11.98
USG-100013,EQ-1014,OP-251,2023-07-06,3.18
USG-100014,EQ-1112,OP-208,2023-05-01,5.52
USG-100015,EQ-1039,OP-247,2023-07-10,6.77
USG-100016,EQ-1093,OP-235,2023-05-08,6.77
USG-100017,EQ-1132,OP-271,2023-03-02,6.19
USG-100018,EQ-1073,OP-262,2023-04-13,6.25
USG-100019,EQ-1113,OP-240,2023-12-08,6.77
USG-100020,EQ-1076,OP-222,2024-02-11,11.84
USG-100021,EQ-1060,OP-203,2023-07-04,9.94
USG-100022,EQ-1022,OP-250,2024-01-03,9.58
USG-100023,EQ-1018,OP-240,2023-11-25,6.93
USG-100024,EQ-1141,OP-223,2024-01-29,11.06
USG-100025,EQ-1031,OP-238,2023-03-26,3.87
USG-100026,EQ-1132,OP-210,2023-05-09,4.38
USG-100027,EQ-1136,OP-221,2023-10-31,8.42
USG-100028,EQ-1086,OP-272,2023-01-22,6.77
USG-100029,EQ-1147,OP-226,2024-01-28,1.82
USG-100030,EQ-1139,OP-238,2023-09-05,5.76
USG-100031,EQ-1015,OP-253,2023-09-05,3.01
USG-100032,EQ-1081,OP-244,2024-05-14,6.91
USG-100033,EQ-1061,OP-234,2023-08-19,4.55
USG-100034,EQ-1107,OP-220,2024-02-21,4.78
USG-100035,EQ-1127,OP-259,2023-09-13,2.45
USG-100036,EQ-1117,OP-227,2023-10-26,6.77
USG-100038,EQ-1103,OP-251,2023-01-27,7.31
USG-100039,EQ-1129,OP-270,2023-05-24,7.92
USG-100040,EQ-1024,OP-243,2023-10-13,3.59
USG-100041,EQ-1128,OP-204,2023-03-12,6.95
USG-100042,EQ-1131,OP-278,2023-06-13,9.26
USG-100043,EQ-1086,OP-265,2023-09-30,6.49
USG-100045,EQ-1121,OP-274,2023-10-23,6.77
USG-100046,EQ-1134,OP-279,2024-02-01,8.65
USG-100047,EQ-1028,OP-256,2023-06-10,3.64
USG-100048,EQ-1120,OP-207,2023-12-28,4.91
USG-100049,EQ-1134,OP-222,2023-08-24,5.22
USG-100050,EQ-1067,OP-224,2024-05-05,3.86
USG-100051,EQ-1076,OP-226,2023-12-20,5.16
USG-100052,EQ-1070,OP-273,2023-12-13,5.64
USG-100053,EQ-1037,OP-236,2024-05-04,6.14
USG-100054,EQ-1122,OP-268,2023-05-19,2.94
USG-100055,EQ-1061,OP-267,2023-04-26,6.77
USG-100056,EQ-1120,OP-217,2023-01-03,3.16
USG-100057,EQ-1121,OP-225,2024-01-23,8.28
USG-100058,EQ-1022,OP-229,2023-10-01,1.89
USG-100059,EQ-1106,OP-222,2024-04-23,5.67
USG-100060,EQ-1074,OP-201,2023-06-02,11.82
USG-100061,EQ-1139,OP-217,2024-03-11,9.99
USG-100062,EQ-1117,OP-223,2023-01-08,7.46
USG-100063,EQ-1044,OP-251,2024-02-28,5.71
USG-100064,EQ-1035,OP-231,2023-01-04,9.41
USG-100065,EQ-1077,OP-273,2023-01-06,3.98
USG-100066,EQ-1119,OP-251,2023-12-18,8.89
USG-100067,EQ-1030,OP-237,2023-07-08,2.9
USG-100068,EQ-1095,OP-270,2024-04-12,8.47
USG-100069,EQ-1063,OP-276,2024-03-23,7.05
USG-100070,EQ-1144,OP-270,2024-04-07,3.07
USG-100071,EQ-1133,OP-226,2024-01-03,6.86
USG-100072,EQ-1116,OP-253,2023-08-22,8.56
USG-100073,EQ-1005,OP-200,2024-01-17,6.77
USG-100074,EQ-1016,OP-207,2024-04-23,6.46
USG-100075,EQ-1046,OP-253,2023-07-11,10.63
USG-100076,EQ-1096,OP-269,2023-03-10,3.37
USG-100077,EQ-1135,OP-228,2024-03-03,6.77
USG-100078,EQ-1139,OP-248,2024-02-26,3.13
USG-100079,EQ-1028,OP-253,2023-11-11,1.66
USG-100080,EQ-1025,OP-257,2023-11-03,4.07
USG-100081,EQ-1112,OP-227,2024-01-22,6.77
USG-100082,EQ-1074,OP-273,2023-06-13,10.09
USG-100083,EQ-1036,OP-266,2023-04-24,7.35
USG-100084,EQ-1044,OP-254,2023-10-12,11.39
USG-100085,EQ-1134,OP-253,2023-07-29,9.42
USG-100086,EQ-1057,OP-218,2024-02-17,6.77
USG-100087,EQ-1106,OP-217,2023-07-18,8.29
USG-100088,EQ-1094,OP-224,2023-01-27,7.83
USG-100089,EQ-1048,OP-275,2024-01-06,3.69
USG-100090,EQ-1077,OP-201,2023-04-19,2.73
USG-100091,EQ-1122,OP-277,2023-12-27,7.3
USG-100092,EQ-1097,OP-245,2023-06-07,6.72
USG-100093,EQ-1120,OP-240,2024-04-13,1.98
USG-100094,EQ-1037,OP-UNKNOWN,2023-10-11,5.88
USG-100095,EQ-1084,OP-272,2024-03-02,11.41
USG-100096,EQ-1125,OP-262,2023-08-24,3.28
USG-100097,EQ-1125,OP-269,2023-11-25,10.31
USG-100098,EQ-1012,OP-252,2023-03-12,8.93
USG-100100,EQ-1004,OP-UNKNOWN,2023-10-10,6.77
USG-100101,EQ-1137,OP-202,2023-09-15,9.96
USG-100102,EQ-1027,OP-267,2023-03-18,4.15
USG-100103,EQ-1101,OP-251,2023-08-24,3.87
USG-100104,EQ-1020,OP-204,2023-02-17,6.5
USG-100105,EQ-1043,OP-255,2023-11-27,10.51
USG-100106,EQ-1135,OP-229,2023-04-19,7.45
USG-100107,EQ-1019,OP-235,2024-04-05,3.38
USG-100108,EQ-1004,OP-275,2023-03-15,5.68
USG-100109,EQ-1041,OP-272,2024-03-03,7.18
USG-100110,EQ-1035,OP-210,2023-09-14,2.53
USG-100111,EQ-1019,OP-278,2024-05-03,4.93
USG-100112,EQ-1115,OP-245,2023-10-11,8.64
USG-100113,EQ-1021,OP-237,2024-02-13,6.77
USG-100114,EQ-1097,OP-219,2024-01-14,2.46
USG-100115,EQ-1113,OP-234,2023-02-22,6.21
USG-100116,EQ-1104,OP-211,2023-07-01,9.74
USG-100118,EQ-1146,OP-248,2023-03-28,6.68
USG-100119,EQ-1111,OP-238,2023-09-05,11.41
USG-100121,EQ-1097,OP-242,2023-08-14,10.52
USG-100122,EQ-1034,OP-277,2024-04-30,3.37
USG-100123,EQ-1081,OP-262,2024-05-10,5.45
USG-100124,EQ-1100,OP-272,2023-04-13,8.66
USG-100125,EQ-1118,OP-226,2023-08-13,2.23
USG-100126,EQ-1104,OP-217,2023-11-21,3.12
USG-100127,EQ-1096,OP-276,2023-09-03,11.2
USG-100128,EQ-1107,OP-246,2023-12-26,8.2
USG-100129,EQ-1063,OP-245,2023-03-27,6.77
USG-100130,EQ-1102,OP-242,2024-05-09,2.54
USG-100131,EQ-1132,OP-273,2023-04-24,9.61
USG-100133,EQ-1036,OP-243,2023-08-22,5.16
USG-100134,EQ-1115,OP-238,2023-01-23,10.42
USG-100135,EQ-1042,OP-231,2023-09-22,7.38
USG-100136,EQ-1059,OP-223,2023-04-06,1.81
USG-100137,EQ-1050,OP-254,2023-07-19,4.42
USG-100138,EQ-1016,OP-268,2023-04-06,2.7
USG-100139,EQ-1125,OP-240,2023-11-02,2.7
USG-100140,EQ-1117,OP-238,2024-04-15,2.91
USG-100141,EQ-1078,OP-247,2023-12-22,7.76
USG-100142,EQ-1108,OP-268,2023-12-22,3.32
USG-100143,EQ-1073,OP-240,2024-03-07,6.77
USG-100144,EQ-1002,OP-224,2024-02-22,8.36
USG-100145,EQ-1125,OP-256,2023-09-08,9.86
USG-100146,EQ-1008,OP-268,2023-05-28,9.3
USG-100147,EQ-1140,OP-273,2023-02-28,11.9
USG-100148,EQ-1010,OP-256,2023-10-07,9.23
USG-100149,EQ-1063,OP-204,2023-08-19,2.41
USG-100150,EQ-1030,OP-230,2023-04-18,5.18
USG-100151,EQ-1109,OP-217,2024-02-06,2.12
USG-100152,EQ-1071,OP-221,2023-06-15,7.51
USG-100153,EQ-1131,OP-212,2023-03-11,11.15
USG-100154,EQ-1032,OP-216,2023-05-08,4.1
USG-100155,EQ-1100,OP-273,2023-11-20,6.25
USG-100156,EQ-1023,OP-235,2023-12-22,11.48
USG-100157,EQ-1000,OP-211,2024-01-10,8.82
USG-100158,EQ-1136,OP-254,2024-02-27,10.2
USG-100159,EQ-1147,OP-262,2024-02-08,2.01
USG-100160,EQ-1117,OP-UNKNOWN,2024-04-20,1.51
USG-100161,EQ-1051,OP-216,2024-03-27,11.29
USG-100162,EQ-1092,OP-247,2023-12-07,5.66
USG-100164,EQ-1132,OP-201,2023-01-05,11.88
USG-100166,EQ-1076,OP-217,2023-11-25,7.07
USG-100169,EQ-1109,OP-217,2023-05-07,7.31
USG-100170,EQ-1072,OP-203,2024-03-10,3.66
USG-100171,EQ-1048,OP-237,2023-11-27,11.52
USG-100172,EQ-1028,OP-276,2023-02-06,11.86
USG-100173,EQ-1033,OP-272,2023-08-04,9.51
USG-100174,EQ-1018,OP-UNKNOWN,2023-04-02,11.19
USG-100175,EQ-1101,OP-264,2024-01-28,2.37
USG-100176,EQ-1039,OP-239,2023-02-10,9.98
USG-100177,EQ-1100,OP-208,2023-06-08,10.39
USG-100178,EQ-1022,OP-214,2023-08-21,6.77
USG-100179,EQ-1044,OP-217,2023-12-26,5.14
USG-100180,EQ-1066,OP-216,2024-01-19,10.81
USG-100181,EQ-1007,OP-254,2023-05-20,11.74
USG-100182,EQ-1127,OP-246,2023-01-29,5.36
USG-100183,EQ-1026,OP-214,2023-04-27,6.77
USG-100184,EQ-1003,OP-260,2023-07-06,11.28
USG-100185,EQ-1141,OP-253,2023-04-25,9.06
USG-100186,EQ-1019,OP-215,2023-09-15,6.77
USG-100187,EQ-1132,OP-251,2023-02-05,9.62
USG-100188,EQ-1022,OP-201,2023-07-08,4.69
USG-100189,EQ-1118,OP-263,2024-01-31,7.24
USG-100190,EQ-1038,OP-UNKNOWN,2023-07-29,8.18
USG-100191,EQ-1002,OP-200,2024-01-24,9.14
USG-100192,EQ-1135,OP-253,2023-09-09,2.99
USG-100193,EQ-1011,OP-266,2023-07-31,11.73
USG-100194,EQ-1024,OP-250,2023-02-08,6.77
USG-100195,EQ-1033,OP-233,2024-03-11,8.86
USG-100196,EQ-1081,OP-229,2023-02-08,9.59
USG-100197,EQ-1027,OP-259,2023-06-10,11.63
USG-100198,EQ-1078,OP-215,2023-02-16,10.18
USG-100200,EQ-1076,OP-222,2023-01-16,7.34
USG-100201,EQ-1024,OP-217,2023-04-03,11.82
USG-100202,EQ-1102,OP-210,2023-10-26,2.29
USG-100203,EQ-1050,OP-256,2024-02-19,10.21
USG-100204,EQ-1010,OP-206,2023-03-28,9.11
USG-100205,EQ-1097,OP-222,2023-07-01,4.44
USG-100206,EQ-1008,OP-278,2023-05-06,10.77
USG-100207,EQ-1022,OP-217,2023-08-03,7.02
USG-100208,EQ-1139,OP-248,2024-02-05,9.71
USG-100209,EQ-1144,OP-249,2023-05-19,3.8
USG-100210,EQ-1071,OP-260,2023-09-29,3.94
USG-100211,EQ-1063,OP-234,2023-10-01,2.09
USG-100212,EQ-1056,OP-249,2023-07-01,3.32
USG-100213,EQ-1081,OP-245,2024-04-12,5.19
USG-100214,EQ-1036,OP-224,2024-03-04,6.67
USG-100215,EQ-1125,OP-207,2023-04-30,6.77
USG-100216,EQ-1084,OP-225,2024-02-17,11.15
USG-100217,EQ-1082,OP-218,2023-10-28,2.66
USG-100218,EQ-1093,OP-247,2023-12-27,2.56
USG-100219,EQ-1034,OP-255,2024-02-10,4.83
USG-100220,EQ-1143,OP-278,2024-02-07,10.05
USG-100221,EQ-1075,OP-200,2024-04-30,10.43
USG-100222,EQ-1145,OP-277,2023-06-12,3.82
USG-100223,EQ-1127,OP-209,2023-05-02,8.18
USG-100224,EQ-1085,OP-233,2023-04-18,6.77
USG-100225,EQ-1027,OP-206,2023-07-17,3.25
USG-100226,EQ-1096,OP-248,2023-02-21,7.57
USG-100227,EQ-1057,OP-209,2024-02-14,4.85
USG-100228,EQ-1018,OP-248,2023-03-24,10.93
USG-100229,EQ-1123,OP-255,2024-04-27,6.06
USG-100230,EQ-1084,OP-224,2023-07-29,9.16
USG-100231,EQ-1072,OP-212,2023-01-26,6.65
USG-100232,EQ-1000,OP-237,2024-02-26,3.6
USG-100233,EQ-1043,OP-210,2023-08-31,5.67
USG-100234,EQ-1067,OP-269,2023-07-18,5.38
USG-100235,EQ-1067,OP-233,2023-04-26,3.09
USG-100236,EQ-1024,OP-244,2024-02-18,7.69
USG-100237,EQ-1099,OP-253,2024-05-09,6.49
USG-100238,EQ-1121,OP-250,2024-04-07,6.77
USG-100239,EQ-1132,OP-279,2023-03-17,3.32
USG-100240,EQ-1054,OP-216,2023-01-22,6.07
USG-100241,EQ-1037,OP-233,2023-06-13,2.2
USG-100242,EQ-1101,OP-235,2023-09-24,9.76
USG-100243,EQ-1133,OP-214,2023-08-01,7.62
USG-100245,EQ-1105,OP-262,2023-10-20,6.77
USG-100246,EQ-1036,OP-251,2023-01-20,8.75
USG-100247,EQ-1121,OP-247,2023-01-11,4.76
USG-100248,EQ-1025,OP-229,2023-03-10,9.63
USG-100249,EQ-1106,OP-211,2023-04-07,5.78
USG-100250,EQ-1132,OP-207,2023-09-21,6.77
USG-100251,EQ-1103,OP-267,2024-03-26,10.69
USG-100252,EQ-1014,OP-258,2023-01-26,4.38
USG-100253,EQ-1129,OP-215,2023-12-15,7.74
USG-100254,EQ-1121,OP-244,2023-06-26,9.36
USG-100255,EQ-1072,OP-206,2023-03-25,3.75
USG-100256,EQ-1057,OP-234,2023-11-30,6.77
USG-100257,EQ-1002,OP-216,2023-11-28,3.85
USG-100258,EQ-1078,OP-235,2023-08-05,6.32
USG-100259,EQ-1077,OP-279,2023-07-23,6.77
USG-100260,EQ-1095,OP-276,2023-11-08,6.56
USG-100261,EQ-1070,OP-235,2023-05-14,8.34
USG-100262,EQ-1132,OP-207,2024-02-17,5.74
USG-100263,EQ-1035,OP-263,2023-06-01,5.58
USG-100264,EQ-1146,OP-243,2024-01-07,8.2
USG-100265,EQ-1091,OP-221,2024-03-06,4.58
USG-100266,EQ-1066,OP-271,2024-01-26,10.95
USG-100267,EQ-1056,OP-239,2023-08-04,4.24
USG-100268,EQ-1030,OP-274,2023-10-25,6.77
USG-100269,EQ-1128,OP-248,2023-09-29,6.77
USG-100270,EQ-1035,OP-243,2023-07-29,11.86
USG-100271,EQ-1046,OP-262,2023-06-20,8.16
USG-100273,EQ-1111,OP-251,2023-08-08,1.9
USG-100274,EQ-1095,OP-241,2024-01-23,8.61
USG-100275,EQ-1063,OP-244,2023-06-09,7.68
USG-100276,EQ-1011,OP-237,2023-08-22,5.05
USG-100277,EQ-1034,OP-262,2023-07-03,11.02
USG-100278,EQ-1004,OP-216,2023-04-19,3.27
USG-100279,EQ-1009,OP-232,2024-01-30,6.77
USG-100280,EQ-1027,OP-202,2023-01-25,5.49
USG-100281,EQ-1121,OP-226,2023-12-22,6.77
USG-100282,EQ-1025,OP-234,2023-11-15,10.22
USG-100283,EQ-1030,OP-213,2023-09-12,4.26
USG-100284,EQ-1051,OP-252,2023-06-01,11.06
USG-100285,EQ-1123,OP-200,2023-01-07,10.27
USG-100286,EQ-1038,OP-265,2023-02-08,4.19
USG-100287,EQ-1075,OP-206,2023-02-21,10.45
USG-100288,EQ-1080,OP-214,2023-02-18,1.6
USG-100289,EQ-1043,OP-256,2024-05-04,2.48
USG-100290,EQ-1046,OP-251,2024-05-07,8.74
USG-100291,EQ-1107,OP-221,2023-02-27,11.81
USG-100292,EQ-1026,OP-275,2023-09-05,3.4
USG-100293,EQ-1091,OP-216,2023-09-05,5.82
USG-100294,EQ-1066,OP-201,2023-12-27,9.31
USG-100295,EQ-1057,OP-243,2023-09-23,2.5
USG-100296,EQ-1063,OP-249,2023-03-18,11.87
USG-100297,EQ-1040,OP-260,2024-03-12,9.39
USG-100298,EQ-1084,OP-206,2023-09-17,5.73
USG-100300,EQ-1004,OP-252,2023-01-19,6.77
USG-100301,EQ-1077,OP-271,2023-04-16,5.08
USG-100302,EQ-1057,OP-242,2023-10-14,9.02
USG-100303,EQ-1115,OP-228,2023-01-02,11.63
USG-100304,EQ-1133,OP-213,2023-01-24,10.13
USG-100305,EQ-1104,OP-278,2023-04-11,5.63
USG-100306,EQ-1048,OP-213,2024-01-23,10.29
USG-100307,EQ-1115,OP-275,2024-05-04,1.55
USG-100308,EQ-1141,OP-274,2023-09-05,11.06
USG-100309,EQ-1044,OP-216,2023-02-23,10.77
USG-100310,EQ-1098,OP-277,2024-04-13,5.68
USG-100311,EQ-1075,OP-217,2023-03-12,9.36
USG-100312,EQ-1140,OP-270,2023-11-20,9.0
USG-100313,EQ-1033,OP-222,2023-09-15,8.96
USG-100314,EQ-1143,OP-273,2024-04-27,9.35
USG-100315,EQ-1073,OP-254,2024-02-18,5.5
USG-100316,EQ-1014,OP-220,2023-05-27,2.15
USG-100317,EQ-1052,OP-204,2023-07-03,10.61
USG-100318,EQ-1057,OP-271,2023-07-19,9.89
USG-100319,EQ-1012,OP-249,2023-08-02,4.78
USG-100320,EQ-1003,OP-225,2023-11-14,6.15
USG-100321,EQ-1094,OP-269,2024-01-14,11.63
USG-100322,EQ-1045,OP-209,2023-04-06,2.75
USG-100323,EQ-1071,OP-216,2023-03-24,4.97
USG-100324,EQ-1039,OP-241,2023-11-02,7.96
USG-100325,EQ-1125,OP-270,2023-07-03,7.02
USG-100326,EQ-1133,OP-264,2023-03-23,2.47
USG-100327,EQ-1054,OP-242,2023-07-04,7.99
USG-100328,EQ-1143,OP-201,2023-02-28,11.0
USG-100329,EQ-1062,OP-241,2023-07-15,5.55
USG-100330,EQ-1072,OP-266,2024-02-25,6.84
USG-100331,EQ-1075,OP-224,2023-06-14,3.26
USG-100332,EQ-1137,OP-208,2023-04-18,10.58
USG-100333,EQ-1026,OP-255,2023-11-28,6.77
USG-100335,EQ-1142,OP-229,2024-04-11,8.12
USG-100336,EQ-1004,OP-215,2023-01-10,2.16
USG-100337,EQ-1011,OP-209,2023-07-03,9.76
USG-100338,EQ-1022,OP-256,2023-07-15,6.48
USG-100339,EQ-1034,OP-269,2023-06-01,8.61
USG-100340,EQ-1095,OP-201,2023-10-11,1.94
USG-100341,EQ-1100,OP-210,2023-06-06,9.12
USG-100342,EQ-1131,OP-223,2023-04-24,2.7
USG-100343,EQ-1145,OP-270,2023-08-25,6.77
USG-100344,EQ-1064,OP-274,2023-09-07,8.55
USG-100345,EQ-1072,OP-224,2023-06-12,8.42
USG-100346,EQ-1039,OP-246,2024-02-18,1.55
USG-100347,EQ-1056,OP-255,2023-05-22,9.2
USG-100348,EQ-1118,OP-239,2023-09-07,7.87
USG-100349,EQ-1035,OP-225,2023-05-15,9.14
USG-100350,EQ-1129,OP-274,2023-10-24,11.02
USG-100351,EQ-1139,OP-269,2023-08-30,5.62
USG-100353,EQ-1042,OP-217,2023-08-17,7.44
USG-100354,EQ-1037,OP-261,2024-04-25,6.62
USG-100355,EQ-1094,OP-226,2023-09-23,6.43
USG-100356,EQ-1011,OP-241,2023-02-22,10.21
USG-100357,EQ-1067,OP-272,2023-03-31,7.67
USG-100358,EQ-1019,OP-248,2024-05-13,5.21
USG-100359,EQ-1124,OP-277,2023-01-04,3.24
USG-100360,EQ-1071,OP-223,2023-03-22,2.74
USG-100361,EQ-1084,OP-261,2023-12-12,3.19
USG-100362,EQ-1005,OP-216,2023-10-21,6.88
USG-100363,EQ-1037,OP-233,2024-04-17,7.79
USG-100365,EQ-1043,OP-252,2023-11-04,9.56
USG-100366,EQ-1130,OP-243,2024-04-17,3.91
USG-100367,EQ-1027,OP-UNKNOWN,2023-09-25,5.91
USG-100368,EQ-1024,OP-278,2023-04-11,6.78
USG-100369,EQ-1123,OP-277,2023-10-04,9.64
USG-100370,EQ-1133,OP-205,2023-12-24,9.92
USG-100371,EQ-1097,OP-273,2023-02-20,9.54
USG-100372,EQ-1021,OP-269,2023-07-29,6.77
USG-100373,EQ-1001,OP-215,2023-09-24,8.72
USG-100374,EQ-1092,OP-254,2023-11-30,7.13
USG-100375,EQ-1070,OP-250,2024-01-22,7.35
USG-100376,EQ-1143,OP-232,2023-06-07,5.68
USG-100377,EQ-1030,OP-257,2024-02-05,3.75
USG-100378,EQ-1086,OP-278,2023-12-23,6.77
USG-100379,EQ-1001,OP-218,2023-08-30,2.17
USG-100380,EQ-1020,OP-249,2024-04-21,6.97
USG-100381,EQ-1014,OP-222,2023-11-24,6.77
USG-100382,EQ-1132,OP-204,2024-02-06,3.93
USG-100383,EQ-1009,OP-200,2024-05-14,9.69
USG-100384,EQ-1101,OP-225,2023-09-23,11.15
USG-100385,EQ-1143,OP-244,2023-06-27,7.87
USG-100386,EQ-1103,OP-233,2023-03-31,2.26
USG-100387,EQ-1029,OP-232,2024-03-24,4.13
USG-100388,EQ-1096,OP-231,2024-01-23,8.66
USG-100389,EQ-1007,OP-233,2023-02-04,3.81
USG-100390,EQ-1080,OP-245,2023-09-22,4.27
USG-100391,EQ-1102,OP-243,2023-02-08,4.8
USG-100392,EQ-1146,OP-224,2023-09-13,4.04
USG-100393,EQ-1058,OP-231,2024-03-04,2.62
USG-100394,EQ-1126,OP-269,2024-05-05,8.02
USG-100395,EQ-1147,OP-262,2023-04-04,4.44
USG-100396,EQ-1147,OP-267,2024-02-14,1.84
USG-100397,EQ-1044,OP-215,2023-12-24,1.59
USG-100398,EQ-1097,OP-241,2023-07-05,7.26
USG-100399,EQ-1120,OP-243,2023-07-07,5.9
USG-100400,EQ-1093,OP-235,2023-08-19,7.55
USG-100401,EQ-1025,OP-230,2023-10-12,3.03
USG-100402,EQ-1038,OP-201,2023-04-01,10.88
USG-100403,EQ-1136,OP-262,2023-06-03,2.0
USG-100404,EQ-1041,OP-232,2023-09-01,9.32
USG-100405,EQ-1092,OP-232,2023-06-26,10.61
USG-100406,EQ-1050,OP-268,2023-03-31,4.91
USG-100407,EQ-1114,OP-248,2023-11-11,3.02
USG-100408,EQ-1086,OP-278,2023-10-20,2.33
USG-100409,EQ-1080,OP-237,2023-12-30,4.35
USG-100410,EQ-1092,OP-266,2024-05-09,10.47
USG-100411,EQ-1060,OP-210,2023-04-18,2.17
USG-100412,EQ-1140,OP-250,2023-09-26,4.26
USG-100413,EQ-1099,OP-231,2024-01-13,2.88
USG-100414,EQ-1007,OP-245,2024-03-16,6.41
USG-100415,EQ-1069,OP-217,2024-05-11,7.7
USG-100416,EQ-1144,OP-268,2023-06-08,3.88
USG-100417,EQ-1078,OP-233,2023-03-21,6.77
USG-100418,EQ-1034,OP-260,2023-01-10,11.44
USG-100419,EQ-1002,OP-237,2023-11-02,6.77
USG-100420,EQ-1105,OP-255,2023-07-22,8.28
USG-100421,EQ-1056,OP-254,2023-11-17,11.05
USG-100422,EQ-1069,OP-268,2024-02-19,2.22
USG-100423,EQ-1028,OP-279,2023-08-20,3.47
USG-100425,EQ-1002,OP-219,2023-01-08,4.77
USG-100427,EQ-1100,OP-260,2023-04-03,10.08
USG-100428,EQ-1031,OP-231,2023-07-17,9.24
USG-100429,EQ-1117,OP-212,2023-09-24,5.59
USG-100430,EQ-1082,OP-205,2024-01-17,4.16
USG-100431,EQ-1050,OP-206,2024-03-18,3.98
USG-100433,EQ-1121,OP-219,2023-07-10,6.75
USG-100434,EQ-1086,OP-207,2023-01-31,7.13
USG-100435,EQ-1124,OP-271,2024-02-08,10.86
USG-100436,EQ-1005,OP-245,2024-01-06,6.6
USG-100437,EQ-1075,OP-262,2023-04-08,4.9
USG-100438,EQ-1141,OP-267,2023-03-21,7.19
USG-100439,EQ-1129,OP-223,2024-03-28,9.65
USG-100440,EQ-1016,OP-268,2024-02-24,6.72
USG-100442,EQ-1045,OP-225,2023-02-24,7.5
USG-100443,EQ-1125,OP-275,2023-05-12,9.04
USG-100445,EQ-1106,OP-207,2024-02-26,9.21
USG-100447,EQ-1063,OP-222,2023-10-13,2.61
USG-100449,EQ-1040,OP-276,2023-08-15,7.28
USG-100450,EQ-1095,OP-255,2024-02-27,7.41
USG-100451,EQ-1140,OP-232,2023-07-04,5.67
USG-100452,EQ-1072,OP-266,2023-03-11,4.65
USG-100453,EQ-1080,OP-235,2024-04-15,11.22
USG-100454,EQ-1009,OP-219,2023-03-12,4.12
USG-100455,EQ-1076,OP-251,2023-10-19,9.1
USG-100456,EQ-1044,OP-273,2024-02-24,4.65
USG-100457,EQ-1147,OP-207,2024-04-16,10.08
USG-100458,EQ-1030,OP-229,2024-01-18,1.62
USG-100459,EQ-1097,OP-267,2023-01-22,4.93
USG-100460,EQ-1039,OP-250,2024-05-12,6.8
USG-100461,EQ-1074,OP-218,2023-03-09,9.33
USG-100462,EQ-1067,OP-264,2023-08-11,2.92
USG-100463,EQ-1124,OP-273,2023-04-11,7.0
USG-100464,EQ-1068,OP-241,2023-12-17,8.55
USG-100465,EQ-1089,OP-244,2023-11-01,3.28
USG-100466,EQ-1113,OP-256,2023-01-23,8.7
USG-100467,EQ-1021,OP-206,2023-05-05,10.62
USG-100468,EQ-1003,OP-214,2023-06-06,6.77
USG-100469,EQ-1137,OP-269,2023-09-25,8.04
USG-100470,EQ-1004,OP-267,2023-01-23,6.77
USG-100471,EQ-1069,OP-201,2023-02-04,10.45
USG-100472,EQ-1027,OP-UNKNOWN,2024-03-20,11.79
USG-100473,EQ-1025,OP-262,2024-03-19,3.59
USG-100474,EQ-1143,OP-202,2023-01-21,5.0
USG-100475,EQ-1040,OP-UNKNOWN,2023-12-17,3.98
USG-100476,EQ-1128,OP-207,2023-11-17,12.0
USG-100477,EQ-1142,OP-228,2023-03-19,2.94
USG-100478,EQ-1133,OP-278,2024-03-22,4.02
USG-100479,EQ-1079,OP-242,2023-08-18,2.96
USG-100480,EQ-1051,OP-239,2023-12-19,2.92
USG-100481,EQ-1037,OP-272,2024-04-14,6.77
USG-100482,EQ-1030,OP-218,2024-08-01,11.72
USG-100483,EQ-1077,OP-235,2023-03-19,3.44
USG-100484,EQ-1068,OP-278,2023-04-29,1.77
USG-100485,EQ-1122,OP-277,2023-08-29,10.45
USG-100486,EQ-1035,OP-228,2023-01-17,11.22
USG-100487,EQ-1056,OP-225,2024-01-23,11.52
USG-100488,EQ-1125,OP-258,2024-03-30,1.94
USG-100489,EQ-1097,OP-250,2023-11-10,7.13
USG-100490,EQ-1009,OP-257,2023-08-22,6.77
USG-100491,EQ-1132,OP-205,2023-10-13,11.61
USG-100492,EQ-1112,OP-238,2024-02-01,5.94
USG-100493,EQ-1013,OP-218,2023-08-26,9.09
USG-100494,EQ-1149,OP-269,2023-03-11,1.76
USG-100495,EQ-1051,OP-211,2023-05-09,8.97
USG-100496,EQ-1031,OP-257,2023-11-21,5.53
USG-100497,EQ-1130,OP-220,2023-07-13,6.77
USG-100498,EQ-1085,OP-219,2023-03-25,8.98
USG-100499,EQ-1079,OP-257,2023-05-28,2.88
USG-100500,EQ-1064,OP-UNKNOWN,2023-09-12,1.56
USG-100501,EQ-1060,OP-260,2023-08-21,6.77
USG-100502,EQ-1062,OP-235,2023-11-14,3.68
USG-100503,EQ-1014,OP-204,2023-03-16,10.3
USG-100504,EQ-1022,OP-253,2023-04-02,8.44
USG-100505,EQ-1146,OP-222,2024-05-09,11.28
USG-100506,EQ-1076,OP-248,2024-02-24,7.28
USG-100507,EQ-1034,OP-235,2023-06-18,8.81
USG-100508,EQ-1027,OP-267,2023-02-14,11.31
USG-100509,EQ-1073,OP-240,2023-05-13,5.22
USG-100510,EQ-1144,OP-263,2023-09-10,3.94
USG-100511,EQ-1049,OP-UNKNOWN,2023-01-13,9.24
USG-100512,EQ-1106,OP-242,2023-06-29,1.62
USG-100513,EQ-1072,OP-208,2023-06-07,9.55
USG-100514,EQ-1085,OP-272,2023-11-12,3.54
USG-100515,EQ-1122,OP-204,2023-11-27,6.34
USG-100516,EQ-1085,OP-252,2024-04-20,4.64
USG-100517,EQ-1080,OP-202,2023-04-17,11.12
USG-100518,EQ-1016,OP-235,2024-06-03,8.08
USG-100520,EQ-1008,OP-211,2023-09-12,10.21
USG-100521,EQ-1134,OP-214,2023-07-11,11.09
USG-100522,EQ-1006,OP-264,2023-03-20,9.19
USG-100523,EQ-1083,OP-212,2024-02-25,11.92
USG-100524,EQ-1009,OP-266,2023-01-03,8.71
USG-100525,EQ-1022,OP-205,2023-02-22,4.78
USG-100526,EQ-1079,OP-226,2023-06-14,7.09
USG-100528,EQ-1138,OP-240,2023-05-19,4.47
USG-100529,EQ-1018,OP-243,2023-10-04,6.44
USG-100530,EQ-1027,OP-211,2023-08-07,10.86
USG-100531,EQ-1114,OP-239,2023-06-20,8.54
USG-100532,EQ-1119,OP-211,2024-02-21,2.52
USG-100533,EQ-1119,OP-228,2023-03-15,11.09
USG-100534,EQ-1084,OP-241,2023-08-21,6.77
USG-100535,EQ-1122,OP-221,2023-05-25,2.84
USG-100536,EQ-1027,OP-209,2024-02-10,7.7
USG-100537,EQ-1062,OP-261,2023-07-16,8.79
USG-100538,EQ-1111,OP-243,2023-10-06,8.53
USG-100539,EQ-1146,OP-214,2023-10-31,2.53
USG-100541,EQ-1126,OP-207,2023-02-16,7.6
USG-100542,EQ-1000,OP-219,2023-08-20,7.57
USG-100543,EQ-1081,OP-238,2024-04-15,11.82
USG-100544,EQ-1022,OP-278,2023-09-19,4.59
USG-100545,EQ-1140,OP-200,2023-12-27,2.65
USG-100546,EQ-1007,OP-275,2023-07-21,5.76
USG-100547,EQ-1054,OP-260,2023-03-13,11.21
USG-100548,EQ-1039,OP-216,2023-10-03,3.01
USG-100549,EQ-1111,OP-217,2023-02-13,10.53
USG-100550,EQ-1108,OP-258,2023-09-18,5.54
USG-100551,EQ-1108,OP-273,2023-09-13,6.77
USG-100552,EQ-1139,OP-204,2024-05-15,5.37
USG-100553,EQ-1020,OP-267,2024-03-15,6.38
USG-100554,EQ-1022,OP-209,2023-12-17,4.78
USG-100555,EQ-1087,OP-201,2023-08-29,7.53
USG-100556,EQ-1090,OP-237,2023-05-29,7.78
USG-100557,EQ-1144,OP-260,2023-10-24,6.77
USG-100558,EQ-1006,OP-210,2023-03-06,4.42
USG-100559,EQ-1071,OP-232,2023-01-08,11.06
USG-100560,EQ-1114,OP-222,2023-05-14,3.4
USG-100561,EQ-1008,OP-210,2024-05-10,3.12
USG-100562,EQ-1105,OP-230,2023-12-05,3.71
USG-100563,EQ-1088,OP-233,2024-01-22,6.77
USG-100564,EQ-1121,OP-268,2023-04-30,6.48
USG-100565,EQ-1111,OP-UNKNOWN,2024-04-19,4.81
USG-100566,EQ-1010,OP-268,2023-11-23,7.91
USG-100568,EQ-1061,OP-275,2024-01-30,8.75
USG-100569,EQ-1140,OP-UNKNOWN,2023-01-05,6.77
USG-100570,EQ-1026,OP-244,2023-04-23,1.86
USG-100571,EQ-1014,OP-227,2024-05-01,11.56
USG-100572,EQ-1033,OP-272,2024-02-16,8.8
USG-100573,EQ-1119,OP-209,2023-11-24,9.58
USG-100574,EQ-1082,OP-209,2023-05-22,4.99
USG-100575,EQ-1067,OP-208,2023-09-09,5.62
USG-100576,EQ-1027,OP-255,2023-04-22,6.14
USG-100577,EQ-1008,OP-273,2024-01-08,10.91
USG-100578,EQ-1000,OP-249,2023-05-17,5.61
USG-100580,EQ-1098,OP-261,2023-03-04,5.27
USG-100581,EQ-1102,OP-211,2023-07-07,2.34
USG-100582,EQ-1074,OP-222,2023-11-10,3.51
USG-100584,EQ-1049,OP-275,2023-05-03,6.77
USG-100585,EQ-1078,OP-257,2024-05-09,6.77
USG-100586,EQ-1010,OP-227,2024-02-18,11.37
USG-100587,EQ-1137,OP-274,2023-04-30,6.77
USG-100588,EQ-1004,OP-279,2023-01-24,1.65
USG-100589,EQ-1078,OP-212,2023-08-22,2.17
USG-100590,EQ-1029,OP-278,2023-04-23,5.04
USG-100591,EQ-1102,OP-273,2023-10-07,9.83
USG-100592,EQ-1044,OP-215,2023-05-21,8.81
USG-100593,EQ-1112,OP-274,2023-01-21,8.14
USG-100595,EQ-1072,OP-260,2023-12-21,4.34
USG-100596,EQ-1061,OP-278,2023-12-21,6.75
USG-100597,EQ-1077,OP-200,2023-10-13,7.07
USG-100598,EQ-1092,OP-269,2023-09-17,8.42
USG-100599,EQ-1049,OP-219,2023-12-17,6.72
USG-100600,EQ-1011,OP-246,2023-05-26,7.98
USG-100601,EQ-1116,OP-206,2024-04-18,1.81
USG-100602,EQ-1018,OP-256,2023-10-31,9.34
USG-100604,EQ-1056,OP-274,2023-09-06,3.77
USG-100605,EQ-1045,OP-217,2023-08-23,11.74
USG-100606,EQ-1032,OP-272,2023-01-31,6.39
USG-100607,EQ-1087,OP-237,2023-11-06,11.5
USG-100608,EQ-1147,OP-229,2023-02-14,10.55
USG-100609,EQ-1121,OP-235,2023-01-08,4.09
USG-100610,EQ-1148,OP-275,2024-04-29,1.55
USG-100611,EQ-1010,OP-264,2023-01-18,10.0
USG-100612,EQ-1025,OP-230,2023-02-12,6.77
USG-100613,EQ-1055,OP-237,2023-05-03,6.54
USG-100614,EQ-1117,OP-274,2023-01-13,2.96
USG-100615,EQ-1047,OP-247,2023-11-17,10.53
USG-100616,EQ-1085,OP-237,2023-08-07,7.93
USG-100617,EQ-1053,OP-210,2023-11-14,2.08
USG-100618,EQ-1093,OP-214,2023-07-16,5.34
USG-100619,EQ-1143,OP-271,2023-12-30,5.02
USG-100620,EQ-1122,OP-274,2024-03-22,9.32
USG-100621,EQ-1090,OP-264,2023-12-15,6.77
USG-100622,EQ-1115,OP-267,2024-02-29,8.62
USG-100623,EQ-1074,OP-247,2024-02-14,11.77
USG-100625,EQ-1027,OP-214,2023-12-23,3.64
USG-100626,EQ-1005,OP-269,2024-04-22,6.16
USG-100627,EQ-1074,OP-202,2024-03-22,6.96
USG-100628,EQ-1148,OP-241,2023-09-06,10.34
USG-100629,EQ-1077,OP-239,2023-03-29,5.4
USG-100630,EQ-1012,OP-236,2023-08-22,3.19
USG-100631,EQ-1046,OP-219,2023-03-24,6.77
USG-100632,EQ-1032,OP-247,2023-04-05,8.49
USG-100633,EQ-1037,OP-269,2024-05-14,11.16
USG-100634,EQ-1127,OP-258,2024-04-20,6.77
USG-100635,EQ-1129,OP-237,2023-08-31,9.42
USG-100636,EQ-1037,OP-256,2023-06-23,10.95
USG-100637,EQ-1141,OP-203,2023-07-25,5.25
USG-100638,EQ-1049,OP-228,2024-02-05,1.74
USG-100639,EQ-1114,OP-211,2024-05-14,4.84
USG-100640,EQ-1014,OP-246,2023-07-23,5.38
USG-100641,EQ-1072,OP-239,2024-05-15,3.76
USG-100642,EQ-1106,OP-236,2023-03-25,5.95
USG-100643,EQ-1035,OP-276,2023-02-14,11.88
USG-100644,EQ-1085,OP-275,2024-01-23,6.77
USG-100645,EQ-1069,OP-271,2023-08-25,2.94
USG-100646,EQ-1097,OP-262,2023-01-22,7.64
USG-100647,EQ-1118,OP-200,2023-03-20,10.26
USG-100648,EQ-1073,OP-262,2024-04-09,2.75
USG-100649,EQ-1017,OP-246,2023-10-25,4.21
USG-100650,EQ-1030,OP-273,2023-01-09,2.11
USG-100651,EQ-1034,OP-206,2023-05-20,11.53
USG-100652,EQ-1074,OP-209,2023-09-21,9.53
USG-100653,EQ-1042,OP-240,2024-02-28,4.35
USG-100654,EQ-1092,OP-274,2023-06-30,6.77
USG-100655,EQ-1095,OP-252,2023-06-24,3.79
USG-100656,EQ-1048,OP-271,2023-11-11,10.38
USG-100657,EQ-1029,OP-209,2023-03-01,6.53
USG-100658,EQ-1092,OP-256,2024-03-31,11.69
USG-100659,EQ-1077,OP-215,2023-04-24,8.72
USG-100660,EQ-1053,OP-210,2023-08-06,2.32
USG-100661,EQ-1110,OP-213,2023-01-17,2.12
USG-100662,EQ-1064,OP-238,2023-08-12,2.8
USG-100664,EQ-1089,OP-264,2024-02-04,7.49
USG-100665,EQ-1148,OP-267,2023-04-22,3.3
USG-100666,EQ-1001,OP-212,2024-04-18,8.93
USG-100667,EQ-1047,OP-213,2023-04-03,5.95
USG-100668,EQ-1104,OP-240,2023-03-05,6.71
USG-100669,EQ-1073,OP-205,2023-02-12,4.48
USG-100670,EQ-1079,OP-256,2023-04-26,10.48
USG-100671,EQ-1017,OP-260,2024-04-25,11.99
USG-100672,EQ-1026,OP-266,2023-12-04,5.65
USG-100673,EQ-1026,OP-221,2023-02-03,3.6
USG-100674,EQ-1103,OP-254,2024-01-07,9.54
USG-100675,EQ-1102,OP-277,2024-05-01,4.43
USG-100676,EQ-1027,OP-262,2023-09-12,1.81
USG-100677,EQ-1017,OP-203,2024-05-12,4.93
USG-100678,EQ-1024,OP-266,2024-01-28,4.58
USG-100679,EQ-1129,OP-243,2024-02-19,11.5
USG-100680,EQ-1110,OP-215,2023-07-16,6.15
USG-100681,EQ-1045,OP-238,2024-03-28,2.91
USG-100682,EQ-1124,OP-272,2023-12-12,7.16
USG-100683,EQ-1143,OP-264,2023-01-29,11.69
USG-100684,EQ-1090,OP-236,2023-06-14,2.85
USG-100687,EQ-1043,OP-UNKNOWN,2023-06-16,5.94
USG-100688,EQ-1107,OP-260,2023-10-29,7.49
USG-100689,EQ-1025,OP-212,2023-12-20,6.78
USG-100690,EQ-1086,OP-238,2023-07-06,8.17
USG-100691,EQ-1019,OP-268,2023-04-20,6.77
USG-100692,EQ-1102,OP-279,2024-01-16,7.57
USG-100693,EQ-1069,OP-267,2023-09-01,2.3
USG-100694,EQ-1129,OP-255,2023-12-06,5.72
USG-100695,EQ-1116,OP-270,2023-04-03,6.92
USG-100696,EQ-1127,OP-259,2023-05-18,7.95
USG-100697,EQ-1111,OP-207,2023-09-25,4.02
USG-100698,EQ-1076,OP-252,2023-06-13,8.16
USG-100699,EQ-1068,OP-220,2023-05-12,4.0
USG-100700,EQ-1007,OP-239,2023-08-26,5.93
USG-100701,EQ-1051,OP-217,2023-01-15,8.42
USG-100702,EQ-1010,OP-262,2024-05-02,2.38
USG-100703,EQ-1016,OP-252,2024-04-04,2.45
USG-100704,EQ-1035,OP-273,2024-01-12,8.47
USG-100705,EQ-1134,OP-211,2023-05-02,4.79
USG-100706,EQ-1099,OP-230,2024-04-23,3.34
USG-100707,EQ-1112,OP-275,2023-01-29,11.46
USG-100708,EQ-1108,OP-231,2024-05-08,3.02
USG-100709,EQ-1094,OP-202,2023-11-27,10.34
USG-100710,EQ-1013,OP-230,2023-05-10,11.56
USG-100711,EQ-1031,OP-230,2024-03-15,6.77
USG-100712,EQ-1065,OP-230,2023-06-02,11.12
USG-100714,EQ-1085,OP-212,2024-02-27,2.2
USG-100715,EQ-1140,OP-258,2023-12-22,6.77
USG-100716,EQ-1113,OP-217,2023-01-02,4.79
USG-100717,EQ-1040,OP-216,2024-03-09,11.36
USG-100718,EQ-1034,OP-275,2024-02-28,2.39
USG-100719,EQ-1100,OP-273,2023-04-25,6.77
USG-100720,EQ-1058,OP-259,2023-04-12,2.02
USG-100721,EQ-1066,OP-247,2023-03-29,9.05
USG-100722,EQ-1116,OP-263,2023-03-02,11.43
USG-100723,EQ-1068,OP-263,2023-07-15,7.8
USG-100724,EQ-1072,OP-224,2023-08-03,1.8
USG-100725,EQ-1060,OP-231,2023-07-09,2.4
USG-100726,EQ-1082,OP-250,2023-12-18,5.94
USG-100727,EQ-1018,OP-207,2023-01-27,11.04
USG-100728,EQ-1011,OP-UNKNOWN,2023-09-16,5.64
USG-100729,EQ-1143,OP-222,2023-05-14,5.06
USG-100730,EQ-1022,OP-267,2023-08-10,1.96
USG-100731,EQ-1071,OP-255,2023-05-25,10.21
USG-100732,EQ-1132,OP-221,2023-06-11,11.48
USG-100733,EQ-1112,OP-219,2023-01-28,6.77
USG-100734,EQ-1119,OP-263,2023-01-21,7.39
USG-100735,EQ-1028,OP-218,2023-03-05,4.48
USG-100736,EQ-1130,OP-272,2024-04-01,11.98
USG-100738,EQ-1031,OP-275,2024-04-20,3.11
USG-100739,EQ-1122,OP-234,2023-11-01,1.96
USG-100740,EQ-1115,OP-272,2023-03-08,6.77
USG-100741,EQ-1082,OP-209,2023-10-08,5.69
USG-100742,EQ-1102,OP-226,2023-03-25,8.3
USG-100743,EQ-1039,OP-262,2024-02-15,4.76
USG-100744,EQ-1033,OP-212,2024-03-02,6.18
USG-100745,EQ-1068,OP-254,2023-02-16,7.95
USG-100746,EQ-1109,OP-265,2023-06-24,8.3
USG-100747,EQ-1126,OP-267,2023-02-12,11.03
USG-100748,EQ-1038,OP-238,2024-03-06,7.47
USG-100749,EQ-1011,OP-265,2023-08-06,9.06
USG-100750,EQ-1090,OP-210,2024-01-29,8.45
USG-100751,EQ-1046,OP-205,2023-02-12,4.8
USG-100752,EQ-1115,OP-233,2023-06-24,3.47
USG-100753,EQ-1066,OP-213,2023-08-11,6.77
USG-100754,EQ-1043,OP-258,2023-12-21,9.31
USG-100755,EQ-1077,OP-278,2023-07-04,8.59
USG-100757,EQ-1006,OP-218,2023-11-29,10.51
USG-100758,EQ-1022,OP-259,2023-03-17,6.77
USG-100759,EQ-1039,OP-256,2024-05-08,6.77
USG-100760,EQ-1062,OP-272,2024-02-29,6.77
USG-100762,EQ-1074,OP-251,2023-09-06,11.32
USG-100763,EQ-1124,OP-207,2023-09-28,7.31
USG-100764,EQ-1106,OP-214,2023-09-11,6.21
USG-100765,EQ-1041,OP-224,2023-08-29,3.81
USG-100766,EQ-1086,OP-259,2023-03-09,5.6
USG-100767,EQ-1092,OP-220,2023-11-15,2.41
USG-100769,EQ-1053,OP-202,2023-07-03,3.17
USG-100770,EQ-1128,OP-208,2023-06-22,2.77
USG-100771,EQ-1066,OP-245,2024-01-29,4.31
USG-100772,EQ-1131,OP-213,2023-12-28,9.89
USG-100773,EQ-1028,OP-278,2023-11-09,10.15
USG-100774,EQ-1026,OP-215,2024-03-21,9.15
USG-100775,EQ-1129,OP-212,2023-03-20,2.95
USG-100776,EQ-1112,OP-200,2023-05-06,4.51
USG-100777,EQ-1068,OP-253,2023-07-04,9.41
USG-100778,EQ-1058,OP-254,2023-07-31,11.49
USG-100779,EQ-1092,OP-256,2023-03-16,6.93
USG-100780,EQ-1086,OP-221,2023-08-11,8.43
USG-100781,EQ-1147,OP-266,2024-05-13,8.65
USG-100782,EQ-1077,OP-240,2024-04-10,10.95
USG-100783,EQ-1037,OP-257,2023-11-26,9.78
USG-100784,EQ-1088,OP-251,2024-02-02,1.89
USG-100785,EQ-1032,OP-269,2023-05-26,4.78
USG-100786,EQ-1040,OP-269,2023-10-31,4.69
USG-100787,EQ-1129,OP-207,2024-03-06,5.22
USG-100788,EQ-1031,OP-273,2024-01-13,3.98
USG-100789,EQ-1148,OP-268,2024-03-08,4.49
USG-100790,EQ-1146,OP-248,2023-09-24,6.92
USG-100791,EQ-1092,OP-218,2023-12-31,2.47
USG-100792,EQ-1033,OP-257,2023-02-09,7.68
USG-100793,EQ-1101,OP-274,2023-09-13,8.73
USG-100794,EQ-1106,OP-218,2023-09-16,2.86
USG-100795,EQ-1135,OP-227,2023-08-22,11.41
USG-100796,EQ-1030,OP-252,2023-02-26,1.92
USG-100797,EQ-1095,OP-247,2023-06-05,6.77
USG-100798,EQ-1107,OP-239,2024-03-31,9.27
USG-100800,EQ-1096,OP-277,2023-03-09,6.34
USG-100801,EQ-1114,OP-241,2023-02-15,5.8
USG-100802,EQ-1101,OP-205,2024-05-05,4.41
USG-100803,EQ-1042,OP-273,2023-11-19,7.39
USG-100804,EQ-1143,OP-279,2023-10-05,6.77
USG-100805,EQ-1048,OP-264,2024-04-04,7.08
USG-100806,EQ-1070,OP-231,2024-02-29,6.16
USG-100807,EQ-1082,OP-205,2023-09-09,6.77
USG-100808,EQ-1106,OP-267,2023-06-12,11.79
USG-100810,EQ-1083,OP-207,2023-06-02,5.83
USG-100811,EQ-1096,OP-215,2023-01-27,7.65
USG-100812,EQ-1129,OP-214,2023-05-18,5.77
USG-100813,EQ-1104,OP-202,2023-05-18,2.57
USG-100815,EQ-1095,OP-221,2024-02-05,11.59
USG-100816,EQ-1010,OP-UNKNOWN,2023-08-26,8.36
USG-100817,EQ-1015,OP-261,2023-05-20,5.49
USG-100818,EQ-1054,OP-265,2023-05-25,7.41
USG-100819,EQ-1101,OP-217,2024-01-07,6.04
USG-100820,EQ-1081,OP-243,2023-11-22,6.25
USG-100821,EQ-1082,OP-258,2024-05-06,6.77
USG-100822,EQ-1000,OP-200,2024-06-04,7.34
USG-100823,EQ-1125,OP-268,2023-02-11,2.31
USG-100824,EQ-1113,OP-245,2024-05-12,5.26
USG-100825,EQ-1002,OP-247,2024-04-24,6.77
USG-100827,EQ-1059,OP-246,2023-01-19,8.92
USG-100828,EQ-1050,OP-250,2023-02-26,6.69
USG-100829,EQ-1144,OP-277,2023-10-17,9.33
USG-100830,EQ-1145,OP-266,2024-01-09,8.62
USG-100831,EQ-1136,OP-271,2024-03-28,8.23
USG-100832,EQ-1013,OP-241,2023-08-10,2.78
USG-100833,EQ-1126,OP-205,2024-03-28,6.77
USG-100834,EQ-1136,OP-200,2023-07-20,7.5
USG-100835,EQ-1057,OP-254,2024-05-05,3.23
USG-100836,EQ-1024,OP-255,2024-02-18,11.32
USG-100837,EQ-1063,OP-230,2024-05-05,6.77
USG-100838,EQ-1060,OP-276,2023-11-14,6.19
USG-100839,EQ-1015,OP-248,2023-06-10,9.72
USG-100840,EQ-1113,OP-278,2023-11-17,2.09
USG-100841,EQ-1097,OP-279,2024-01-21,9.77
USG-100842,EQ-1116,OP-254,2024-03-26,8.33
USG-100843,EQ-1006,OP-242,2023-10-28,7.75
USG-100844,EQ-1049,OP-216,2023-11-23,6.55
USG-100845,EQ-1047,OP-205,2023-01-31,6.89
USG-100846,EQ-1091,OP-269,2024-02-02,7.83
USG-100847,EQ-1002,OP-218,2023-01-30,7.37
USG-100848,EQ-1088,OP-225,2023-11-24,5.09
USG-100849,EQ-1119,OP-242,2024-03-12,7.97
USG-100850,EQ-1041,OP-205,2023-09-11,6.77
USG-100851,EQ-1058,OP-227,2023-05-03,10.05
USG-100852,EQ-1096,OP-223,2024-02-27,2.27
USG-100853,EQ-1029,OP-256,2023-04-10,5.28
USG-100854,EQ-1050,OP-222,2023-04-23,5.07
USG-100855,EQ-1045,OP-222,2024-03-07,10.23
USG-100856,EQ-1028,OP-226,2023-06-06,5.41
USG-100857,EQ-1134,OP-279,2024-03-27,2.74
USG-100858,EQ-1033,OP-224,2023-09-30,7.8
USG-100859,EQ-1062,OP-278,2023-10-28,9.79
USG-100860,EQ-1013,OP-235,2024-03-22,7.63
USG-100861,EQ-1020,OP-278,2023-02-03,10.77
USG-100862,EQ-1095,OP-259,2023-04-02,8.79
USG-100863,EQ-1126,OP-274,2023-07-25,8.32
USG-100864,EQ-1051,OP-230,2023-07-22,5.46
USG-100865,EQ-1095,OP-210,2023-03-10,6.95
USG-100866,EQ-1010,OP-279,2023-06-22,5.79
USG-100867,EQ-1081,OP-203,2023-04-02,2.3
USG-100868,EQ-1075,OP-265,2023-10-07,11.23
USG-100869,EQ-1018,OP-269,2023-04-13,4.13
USG-100870,EQ-1070,OP-277,2023-03-12,9.27
USG-100871,EQ-1002,OP-236,2024-02-26,11.43
USG-100872,EQ-1003,OP-265,2024-01-25,3.89
USG-100873,EQ-1053,OP-266,2023-10-28,9.09
USG-100874,EQ-1021,OP-224,2023-08-08,3.7
USG-100875,EQ-1142,OP-217,2023-10-23,9.25
USG-100876,EQ-1090,OP-253,2023-08-06,9.68
USG-100877,EQ-1083,OP-272,2024-07-02,11.76
USG-100878,EQ-1145,OP-277,2024-04-12,11.79
USG-100879,EQ-1100,OP-249,2023-04-07,11.6
USG-100880,EQ-1077,OP-213,2023-12-12,6.77
USG-100881,EQ-1125,OP-225,2023-02-05,3.66
USG-100882,EQ-1134,OP-207,2023-07-08,10.53
USG-100883,EQ-1040,OP-216,2023-10-02,5.58
USG-100884,EQ-1052,OP-226,2023-06-08,6.49
USG-100885,EQ-1079,OP-264,2024-01-02,1.58
USG-100886,EQ-1016,OP-277,2024-02-18,7.48
USG-100887,EQ-1118,OP-211,2023-05-28,5.14
USG-100888,EQ-1076,OP-222,2023-08-01,9.2
USG-100889,EQ-1046,OP-212,2023-07-21,6.77
USG-100890,EQ-1040,OP-268,2023-05-30,6.77
USG-100891,EQ-1055,OP-252,2024-01-26,2.3
USG-100892,EQ-1083,OP-221,2023-05-10,6.77
USG-100893,EQ-1118,OP-251,2024-03-14,6.77
USG-100894,EQ-1034,OP-259,2023-09-06,8.4
USG-100895,EQ-1112,OP-235,2024-03-06,7.87
USG-100896,EQ-1031,OP-250,2023-03-28,8.61
USG-100897,EQ-1091,OP-204,2024-04-02,8.82
USG-100898,EQ-1133,OP-213,2023-07-19,7.78
USG-100899,EQ-1096,OP-231,2023-07-11,1.67
USG-100900,EQ-1003,OP-224,2023-12-15,10.76
USG-100901,EQ-1042,OP-205,2023-08-01,4.89
USG-100902,EQ-1053,OP-250,2024-04-25,2.61
USG-100903,EQ-1003,OP-240,2023-01-07,2.19
USG-100904,EQ-1094,OP-227,2023-07-30,11.82
USG-100905,EQ-1137,OP-272,2023-03-29,4.91
USG-100906,EQ-1099,OP-217,2023-06-20,8.72
USG-100907,EQ-1123,OP-202,2023-11-08,6.87
USG-100908,EQ-1128,OP-201,2023-04-30,2.8
USG-100909,EQ-1109,OP-279,2023-02-10,4.61
USG-100910,EQ-1052,OP-230,2024-04-17,6.16
USG-100911,EQ-1034,OP-205,2023-09-24,10.03
USG-100912,EQ-1058,OP-242,2023-06-25,11.02
USG-100913,EQ-1063,OP-228,2023-11-08,3.43
USG-100914,EQ-1016,OP-208,2024-05-03,2.99
USG-100915,EQ-1023,OP-270,2024-03-01,6.83
USG-100916,EQ-1119,OP-225,2023-05-06,4.68
USG-100917,EQ-1051,OP-261,2023-02-10,5.47
USG-100918,EQ-1108,OP-255,2024-01-25,6.56
USG-100919,EQ-1109,OP-238,2023-11-01,3.34
USG-100920,EQ-1078,OP-248,2023-10-15,6.77
USG-100921,EQ-1120,OP-224,2023-03-01,9.12
USG-100922,EQ-1106,OP-247,2023-07-16,7.68
USG-100923,EQ-1009,OP-215,2023-07-17,9.51
USG-100924,EQ-1089,OP-262,2023-11-22,8.33
USG-100925,EQ-1063,OP-204,2024-04-16,8.6
USG-100926,EQ-1037,OP-258,2024-04-28,7.82
USG-100928,EQ-1020,OP-224,2024-03-24,4.16
USG-100929,EQ-1136,OP-248,2023-10-28,10.7
USG-100930,EQ-1022,OP-273,2024-02-02,4.32
USG-100931,EQ-1101,OP-200,2023-03-28,6.77
USG-100932,EQ-1106,OP-236,2024-01-11,3.46
USG-100933,EQ-1124,OP-214,2023-08-19,3.61
USG-100934,EQ-1049,OP-252,2023-08-14,10.62
USG-100935,EQ-1075,OP-215,2023-05-22,6.77
USG-100936,EQ-1124,OP-212,2023-01-05,1.58
USG-100937,EQ-1010,OP-266,2024-10-02,11.86
USG-100938,EQ-1124,OP-243,2023-11-06,10.85
USG-100939,EQ-1061,OP-251,2023-07-13,10.67
USG-100940,EQ-1000,OP-251,2024-01-07,1.77
USG-100941,EQ-1135,OP-231,2023-07-08,10.63
USG-100942,EQ-1048,OP-UNKNOWN,2023-11-23,1.67
USG-100943,EQ-1011,OP-241,2023-12-14,5.7
USG-100944,EQ-1020,OP-260,2023-12-04,9.21
USG-100945,EQ-1049,OP-266,2024-03-24,6.8
USG-100946,EQ-1022,OP-270,2024-03-23,11.53
USG-100947,EQ-1138,OP-227,2023-03-29,2.44
USG-100948,EQ-1007,OP-241,2024-04-07,9.05
USG-100949,EQ-1031,OP-268,2023-11-21,8.76
USG-100950,EQ-1147,OP-276,2023-02-03,9.03
USG-100951,EQ-1097,OP-271,2024-05-09,3.85
USG-100952,EQ-1022,OP-243,2024-01-15,11.39
USG-100953,EQ-1032,OP-248,2023-10-23,7.7
USG-100954,EQ-1099,OP-240,2024-01-30,9.86
USG-100955,EQ-1056,OP-201,2023-10-03,10.07
USG-100956,EQ-1056,OP-258,2023-03-17,8.49
USG-100957,EQ-1008,OP-239,2023-09-15,11.97
USG-100958,EQ-1122,OP-227,2023-09-11,2.12
USG-100959,EQ-1039,OP-226,2024-03-10,8.85
USG-100960,EQ-1045,OP-250,2023-06-03,10.41
USG-100961,EQ-1140,OP-254,2023-12-14,5.61
USG-100962,EQ-1072,OP-224,2023-12-25,2.87
USG-100963,EQ-1148,OP-206,2024-03-11,8.37
USG-100964,EQ-1113,OP-237,2024-04-04,9.36
USG-100965,EQ-1002,OP-273,2023-02-22,3.05
USG-100966,EQ-1109,OP-221,2024-04-19,6.48
USG-100967,EQ-1030,OP-243,2023-10-31,9.09
USG-100968,EQ-1030,OP-262,2023-06-04,8.35
USG-100969,EQ-1022,OP-248,2023-05-21,1.62
USG-100970,EQ-1031,OP-265,2023-04-26,7.51
USG-100971,EQ-1024,OP-223,2023-07-16,6.05
USG-100972,EQ-1025,OP-268,2023-04-05,5.63
USG-100973,EQ-1135,OP-266,2024-03-04,9.8
USG-100974,EQ-1053,OP-215,2023-04-03,1.56
USG-100975,EQ-1080,OP-216,2023-10-22,7.41
USG-100976,EQ-1008,OP-215,2023-09-17,3.3
USG-100977,EQ-1000,OP-205,2024-04-29,4.58
USG-100978,EQ-1035,OP-240,2023-09-25,7.86
USG-100979,EQ-1025,OP-205,2023-02-05,10.49
USG-100980,EQ-1034,OP-227,2023-10-30,8.03
USG-100981,EQ-1065,OP-220,2023-07-24,8.6
USG-100982,EQ-1036,OP-209,2023-11-19,8.82
USG-100983,EQ-1095,OP-265,2023-11-06,4.82
USG-100984,EQ-1097,OP-277,2023-05-07,2.65
USG-100985,EQ-1016,OP-211,2023-07-05,3.04
USG-100986,EQ-1070,OP-UNKNOWN,2023-07-13,11.49
USG-100987,EQ-1031,OP-239,2023-10-29,7.05
USG-100988,EQ-1072,OP-277,2023-02-20,11.44
USG-100989,EQ-1088,OP-268,2023-10-10,6.51
USG-100990,EQ-1002,OP-219,2023-12-03,9.22
USG-100991,EQ-1094,OP-231,2023-12-14,3.42
USG-100992,EQ-1119,OP-235,2024-05-02,10.75
USG-100993,EQ-1078,OP-211,2024-04-30,10.38
USG-100994,EQ-1019,OP-211,2023-03-26,4.5
USG-100995,EQ-1002,OP-254,2023-12-13,6.54
USG-100996,EQ-1136,OP-251,2023-01-08,9.33
USG-100997,EQ-1136,OP-231,2024-01-14,11.99
USG-100998,EQ-1010,OP-221,2023-12-12,10.99
USG-100999,EQ-1093,OP-265,2023-06-30,5.48
USG-101000,EQ-1028,OP-231,2024-03-01,2.74
USG-101001,EQ-1075,OP-200,2024-01-13,11.19
USG-101002,EQ-1131,OP-204,2024-04-23,6.63
USG-101003,EQ-1117,OP-245,2023-02-24,3.45
USG-101004,EQ-1025,OP-225,2023-02-13,5.81
USG-101005,EQ-1001,OP-232,2023-04-26,5.33
USG-101006,EQ-1137,OP-213,2023-08-13,2.97
USG-101007,EQ-1001,OP-225,2023-02-26,6.77
USG-101008,EQ-1084,OP-220,2023-12-08,8.49
USG-101009,EQ-1107,OP-263,2024-02-14,9.39
USG-101011,EQ-1128,OP-UNKNOWN,2023-12-17,5.09
USG-101012,EQ-1002,OP-237,2023-05-25,4.1
USG-101014,EQ-1109,OP-213,2023-12-25,3.48
USG-101015,EQ-1038,OP-216,2023-07-25,11.26
USG-101016,EQ-1051,OP-206,2023-07-14,8.15
USG-101017,EQ-1086,OP-207,2023-09-19,6.77
USG-101018,EQ-1093,OP-244,2023-12-31,2.0
USG-101019,EQ-1013,OP-241,2023-04-19,7.87
USG-101020,EQ-1064,OP-246,2023-06-21,1.64
USG-101021,EQ-1033,OP-246,2024-01-16,5.4
USG-101024,EQ-1121,OP-225,2023-10-01,6.77
USG-101025,EQ-1140,OP-271,2024-05-14,8.11
USG-101026,EQ-1111,OP-253,2023-09-26,1.73
USG-101027,EQ-1033,OP-272,2023-02-01,9.28
USG-101028,EQ-1136,OP-209,2023-03-26,7.41
USG-101029,EQ-1069,OP-200,2023-03-23,1.59
USG-101030,EQ-1131,OP-267,2023-05-13,8.94
USG-101031,EQ-1043,OP-268,2023-05-02,11.39
USG-101032,EQ-1034,OP-206,2023-11-25,3.7
USG-101034,EQ-1104,OP-237,2023-06-16,1.61
USG-101035,EQ-1071,OP-202,2023-10-03,11.36
USG-101036,EQ-1097,OP-232,2024-03-21,3.66
USG-101037,EQ-1083,OP-274,2023-11-19,3.13
USG-101038,EQ-1111,OP-261,2023-02-17,10.06
USG-101039,EQ-1145,OP-223,2023-11-28,10.8
USG-101040,EQ-1048,OP-209,2023-08-07,11.69
USG-101043,EQ-1002,OP-213,2023-10-05,8.93
USG-101044,EQ-1122,OP-256,2024-02-22,3.12
USG-101045,EQ-1068,OP-215,2023-01-11,4.62
USG-101046,EQ-1106,OP-228,2023-01-13,5.21
USG-101047,EQ-1098,OP-214,2023-09-09,2.57
USG-101048,EQ-1091,OP-242,2023-03-02,2.39
USG-101049,EQ-1038,OP-267,2023-06-21,3.08
USG-101050,EQ-1077,OP-236,2023-06-28,6.74
USG-101051,EQ-1067,OP-209,2024-08-02,3.06
USG-101052,EQ-1081,OP-257,2024-01-05,10.05
USG-101054,EQ-1081,OP-261,2023-12-22,8.18
USG-101055,EQ-1062,OP-270,2023-09-12,7.13
USG-101056,EQ-1021,OP-253,2023-09-27,9.36
USG-101057,EQ-1060,OP-226,2024-11-03,11.55
USG-101058,EQ-1015,OP-246,2024-03-10,2.96
USG-101059,EQ-1141,OP-253,2023-05-05,9.34
USG-101060,EQ-1036,OP-203,2023-12-23,8.86
USG-101061,EQ-1018,OP-276,2024-03-21,2.98
USG-101062,EQ-1003,OP-253,2023-03-18,2.97
USG-101063,EQ-1076,OP-243,2023-08-16,4.51
USG-101064,EQ-1008,OP-222,2023-09-15,5.95
USG-101065,EQ-1116,OP-233,2024-04-15,3.89
USG-101066,EQ-1069,OP-266,2023-07-13,3.72
USG-101067,EQ-1056,OP-271,2023-11-06,6.42
USG-101068,EQ-1103,OP-221,2023-01-28,3.54
USG-101069,EQ-1019,OP-242,2023-01-15,2.62
USG-101070,EQ-1002,OP-239,2023-04-07,1.84
USG-101071,EQ-1145,OP-272,2024-02-09,6.77
USG-101072,EQ-1079,OP-UNKNOWN,2023-07-02,6.75
USG-101073,EQ-1100,OP-216,2023-12-26,10.91
USG-101074,EQ-1128,OP-219,2023-01-13,7.66
USG-101075,EQ-1074,OP-259,2023-02-10,9.04
USG-101076,EQ-1036,OP-220,2024-05-08,7.89
USG-101077,EQ-1087,OP-216,2023-06-23,11.37
USG-101078,EQ-1099,OP-278,2023-11-07,8.09
USG-101079,EQ-1003,OP-239,2023-10-08,10.9
USG-101080,EQ-1116,OP-237,2023-03-24,5.21
USG-101081,EQ-1117,OP-260,2024-05-15,8.33
USG-101082,EQ-1031,OP-262,2023-01-21,5.79
USG-101083,EQ-1033,OP-265,2024-03-08,2.38
USG-101084,EQ-1115,OP-205,2023-11-14,6.77
USG-101088,EQ-1102,OP-240,2023-06-25,8.87
USG-101089,EQ-1071,OP-269,2023-03-21,3.74
USG-101090,EQ-1097,OP-246,2024-02-09,2.07
USG-101091,EQ-1108,OP-222,2023-02-12,2.36
USG-101092,EQ-1115,OP-267,2023-04-20,10.22
USG-101093,EQ-1109,OP-238,2023-03-26,6.56
USG-101094,EQ-1041,OP-255,2023-07-01,10.14
USG-101095,EQ-1050,OP-274,2023-11-12,10.15
USG-101096,EQ-1081,OP-UNKNOWN,2024-04-04,10.58
USG-101097,EQ-1104,OP-200,2023-08-19,8.16
USG-101098,EQ-1148,OP-227,2024-01-17,7.23
USG-101099,EQ-1096,OP-226,2024-05-02,11.53
USG-101100,EQ-1093,OP-UNKNOWN,2024-04-04,2.81
USG-101101,EQ-1116,OP-245,2023-06-30,11.73
USG-101102,EQ-1045,OP-247,2023-04-01,6.08
USG-101103,EQ-1111,OP-279,2024-04-25,11.95
USG-101104,EQ-1026,OP-202,2023-11-12,9.37
USG-101105,EQ-1139,OP-256,2023-09-15,6.77
USG-101106,EQ-1107,OP-258,2023-10-10,6.43
USG-101107,EQ-1118,OP-250,2023-01-04,6.83
USG-101108,EQ-1067,OP-253,2023-12-11,5.85
USG-101110,EQ-1110,OP-250,2023-04-09,2.04
USG-101111,EQ-1109,OP-249,2024-05-15,4.84
USG-101113,EQ-1066,OP-220,2024-04-30,1.77
USG-101115,EQ-1033,OP-245,2023-04-06,4.62
USG-101116,EQ-1062,OP-248,2024-01-30,6.77
USG-101118,EQ-1072,OP-223,2023-02-17,11.08
USG-101119,EQ-1025,OP-202,2023-07-31,2.3
USG-101120,EQ-1096,OP-257,2024-02-18,10.99
USG-101121,EQ-1008,OP-243,2023-06-27,7.24
USG-101122,EQ-1065,OP-224,2023-07-11,6.77
USG-101123,EQ-1039,OP-246,2023-02-28,6.77
USG-101124,EQ-1021,OP-216,2023-05-18,2.47
USG-101125,EQ-1075,OP-263,2023-08-12,3.53
USG-101126,EQ-1071,OP-213,2023-10-26,3.24
USG-101127,EQ-1124,OP-257,2023-08-05,4.85
USG-101128,EQ-1098,OP-272,2023-06-30,2.17
USG-101129,EQ-1008,OP-232,2023-10-28,10.71
USG-101130,EQ-1135,OP-203,2023-02-28,9.8
USG-101131,EQ-1018,OP-247,2023-07-10,1.6
USG-101132,EQ-1084,OP-272,2024-02-12,2.2
USG-101133,EQ-1054,OP-213,2023-10-15,10.78
USG-101134,EQ-1019,OP-253,2023-12-16,4.86
USG-101136,EQ-1060,OP-236,2023-01-10,11.87
USG-101137,EQ-1072,OP-251,2023-01-19,1.91
USG-101138,EQ-1017,OP-253,2024-01-06,5.13
USG-101139,EQ-1080,OP-206,2023-07-21,6.68
USG-101140,EQ-1031,OP-279,2023-02-22,6.77
USG-101142,EQ-1137,OP-206,2023-05-13,6.77
USG-101143,EQ-1077,OP-242,2023-12-19,4.33
USG-101144,EQ-1035,OP-215,2023-03-06,7.63
USG-101145,EQ-1105,OP-215,2023-09-25,8.44
USG-101147,EQ-1062,OP-226,2023-12-22,2.13
USG-101149,EQ-1131,OP-239,2023-12-29,6.8
USG-101150,EQ-1056,OP-249,2024-05-14,3.63
USG-101151,EQ-1017,OP-221,2023-12-18,8.31
USG-101152,EQ-1027,OP-230,2023-01-09,1.8
USG-101153,EQ-1115,OP-215,2024-04-19,3.73
USG-101154,EQ-1110,OP-206,2023-08-14,8.31
USG-101155,EQ-1108,OP-224,2023-07-26,7.88
USG-101157,EQ-1061,OP-212,2023-05-22,9.02
USG-101158,EQ-1025,OP-234,2023-09-11,5.15
USG-101159,EQ-1073,OP-212,2023-04-05,6.51
USG-101160,EQ-1061,OP-208,2023-03-27,2.99
USG-101162,EQ-1002,OP-260,2023-10-26,6.46
USG-101163,EQ-1004,OP-237,2024-03-03,9.43
USG-101164,EQ-1025,OP-242,2023-08-20,7.23
USG-101165,EQ-1064,OP-201,2024-02-28,10.86
USG-101166,EQ-1123,OP-266,2024-01-08,5.81
USG-101167,EQ-1036,OP-203,2023-05-06,6.02
USG-101169,EQ-1115,OP-267,2023-03-31,10.82
USG-101170,EQ-1106,OP-235,2023-06-08,8.87
USG-101171,EQ-1031,OP-258,2023-10-18,4.53
USG-101172,EQ-1127,OP-218,2023-08-27,4.54
USG-101173,EQ-1041,OP-236,2023-02-03,6.77
USG-101174,EQ-1072,OP-215,2023-01-28,6.77
USG-101175,EQ-1000,OP-217,2023-06-29,6.77
USG-101176,EQ-1143,OP-211,2024-01-01,3.57
USG-101177,EQ-1020,OP-204,2023-08-31,8.62
USG-101178,EQ-1102,OP-212,2024-04-02,4.76
USG-101179,EQ-1082,OP-217,2023-12-16,5.87
USG-101180,EQ-1078,OP-272,2024-04-19,5.45
USG-101181,EQ-1111,OP-267,2023-08-15,8.69
USG-101182,EQ-1090,OP-253,2024-05-07,6.77
USG-101183,EQ-1107,OP-217,2023-11-11,7.59
USG-101184,EQ-1139,OP-237,2023-01-28,5.73
USG-101186,EQ-1024,OP-272,2023-09-04,2.78
USG-101187,EQ-1130,OP-206,2023-12-26,9.27
USG-101188,EQ-1057,OP-219,2023-06-04,11.33
USG-101189,EQ-1051,OP-200,2023-03-20,2.52
USG-101190,EQ-1121,OP-264,2023-08-16,4.65
USG-101191,EQ-1047,OP-269,2023-05-14,10.52
USG-101192,EQ-1110,OP-202,2023-04-05,4.03
USG-101193,EQ-1139,OP-261,2023-05-29,7.68
USG-101194,EQ-1070,OP-213,2023-08-26,1.79
USG-101195,EQ-1144,OP-274,2023-05-06,8.4
USG-101196,EQ-1090,OP-259,2024-03-27,11.81
USG-101197,EQ-1128,OP-267,2023-07-19,3.09
USG-101198,EQ-1144,OP-217,2023-05-23,11.2
USG-101199,EQ-1123,OP-260,2023-11-07,11.24
USG-101200,EQ-1134,OP-241,2023-10-29,7.98
USG-101202,EQ-1059,OP-230,2023-02-23,10.87
USG-101203,EQ-1107,OP-207,2023-11-10,6.77
USG-101204,EQ-1113,OP-277,2023-11-20,4.87
USG-101205,EQ-1096,OP-273,2023-10-12,6.09
USG-101206,EQ-1051,OP-255,2024-02-21,2.4
USG-101207,EQ-1024,OP-217,2024-02-04,7.47
USG-101208,EQ-1087,OP-267,2023-09-12,10.19
USG-101209,EQ-1091,OP-271,2024-03-12,6.77
USG-101210,EQ-1096,OP-272,2023-02-10,2.56
USG-101211,EQ-1013,OP-242,2023-01-12,11.18
USG-101212,EQ-1091,OP-220,2024-05-10,4.03
USG-101213,EQ-1128,OP-279,2023-01-30,7.62
USG-101214,EQ-1067,OP-204,2023-06-23,10.82
USG-101215,EQ-1052,OP-242,2024-04-18,2.15
USG-101216,EQ-1144,OP-204,2023-06-27,7.78
USG-101217,EQ-1020,OP-261,2024-04-29,2.59
USG-101218,EQ-1057,OP-255,2023-09-02,11.7
USG-101219,EQ-1014,OP-225,2023-10-01,8.68
USG-101221,EQ-1030,OP-247,2023-06-30,2.11
USG-101222,EQ-1002,OP-268,2023-10-18,10.67
USG-101223,EQ-1014,OP-216,2023-08-13,6.77
USG-101224,EQ-1062,OP-216,2023-11-07,8.39
USG-101225,EQ-1139,OP-245,2024-04-04,8.99
USG-101226,EQ-1141,OP-231,2023-09-27,7.18
USG-101227,EQ-1088,OP-279,2023-09-06,2.94
USG-101228,EQ-1059,OP-270,2023-04-18,9.77
USG-101230,EQ-1098,OP-210,2023-01-31,6.7
USG-101231,EQ-1098,OP-228,2023-04-16,7.09
USG-101232,EQ-1008,OP-244,2024-04-24,10.88
USG-101233,EQ-1067,OP-275,2023-04-21,10.21
USG-101235,EQ-1136,OP-273,2024-01-04,3.21
USG-101236,EQ-1060,OP-201,2023-05-24,2.4
USG-101237,EQ-1138,OP-273,2023-07-22,4.32
USG-101238,EQ-1003,OP-272,2023-12-05,3.38
USG-101239,EQ-1112,OP-UNKNOWN,2023-01-19,10.37
USG-101240,EQ-1014,OP-210,2023-05-22,11.51
USG-101241,EQ-1066,OP-235,2023-05-13,8.12
USG-101242,EQ-1012,OP-204,2023-04-05,7.59
USG-101243,EQ-1058,OP-233,2024-05-14,10.5
USG-101244,EQ-1011,OP-244,2023-02-25,6.87
USG-101245,EQ-1083,OP-253,2023-02-06,3.0
USG-101246,EQ-1092,OP-252,2024-04-04,11.72
USG-101247,EQ-1041,OP-237,2024-04-21,2.62
USG-101248,EQ-1080,OP-265,2024-02-06,3.76
USG-101249,EQ-1008,OP-219,2023-07-15,11.53
USG-101250,EQ-1057,OP-273,2023-11-19,9.2
USG-101251,EQ-1135,OP-277,2023-08-30,4.83
USG-101252,EQ-1147,OP-231,2023-06-18,5.3
USG-101253,EQ-1029,OP-256,2024-01-11,2.34
USG-101254,EQ-1019,OP-261,2023-11-06,3.91
USG-101255,EQ-1032,OP-231,2024-02-02,8.49
USG-101256,EQ-1073,OP-215,2023-02-11,3.06
USG-101257,EQ-1050,OP-258,2023-01-08,9.54
USG-101258,EQ-1120,OP-216,2024-03-21,8.75
USG-101259,EQ-1033,OP-267,2024-04-15,2.84
USG-101260,EQ-1061,OP-215,2023-06-22,7.71
USG-101261,EQ-1011,OP-245,2024-05-01,6.22
USG-101262,EQ-1074,OP-217,2024-01-11,11.12
USG-101263,EQ-1021,OP-200,2023-10-31,6.26
USG-101264,EQ-1045,OP-275,2023-05-24,4.62
USG-101265,EQ-1144,OP-267,2023-10-24,4.5
USG-101266,EQ-1045,OP-205,2024-02-21,9.18
USG-101268,EQ-1112,OP-221,2023-05-28,7.86
USG-101269,EQ-1059,OP-218,2023-02-19,9.43
USG-101270,EQ-1010,OP-269,2023-10-03,6.77
USG-101271,EQ-1006,OP-236,2024-04-27,6.17
USG-101272,EQ-1116,OP-214,2024-01-02,6.17
USG-101273,EQ-1067,OP-217,2023-05-23,5.21
USG-101274,EQ-1056,OP-241,2023-03-22,8.12
USG-101275,EQ-1018,OP-240,2024-04-01,11.29
USG-101276,EQ-1081,OP-271,2023-12-05,11.47
USG-101277,EQ-1062,OP-248,2024-03-22,4.29
USG-101278,EQ-1047,OP-236,2023-03-09,11.48
USG-101279,EQ-1054,OP-UNKNOWN,2023-02-04,8.95
USG-101280,EQ-1067,OP-274,2023-05-01,8.4
USG-101281,EQ-1076,OP-237,2023-12-09,5.62
USG-101282,EQ-1123,OP-228,2023-02-27,9.52
USG-101283,EQ-1114,OP-254,2023-03-01,8.44
USG-101284,EQ-1101,OP-261,2024-03-06,5.83
USG-101285,EQ-1074,OP-227,2024-03-31,7.4
USG-101286,EQ-1081,OP-256,2023-08-06,4.32
USG-101287,EQ-1086,OP-205,2023-06-07,10.69
USG-101288,EQ-1028,OP-278,2023-11-09,1.71
USG-101289,EQ-1097,OP-242,2024-04-12,2.17
USG-101290,EQ-1053,OP-225,2023-03-22,9.04
USG-101291,EQ-1041,OP-242,2023-07-31,11.37
USG-101292,EQ-1005,OP-267,2023-02-22,1.94
USG-101293,EQ-1006,OP-231,2023-01-18,9.73
USG-101295,EQ-1106,OP-269,2023-11-06,7.68
USG-101296,EQ-1079,OP-254,2023-09-20,6.32
USG-101298,EQ-1136,OP-248,2023-01-09,11.49
USG-101299,EQ-1027,OP-273,2024-05-14,6.19
USG-101300,EQ-1027,OP-242,2023-03-15,2.5
USG-101301,EQ-1125,OP-210,2023-03-14,7.0
USG-101302,EQ-1059,OP-263,2023-05-10,10.26
USG-101303,EQ-1144,OP-200,2023-05-18,9.84
USG-101304,EQ-1080,OP-230,2023-06-14,7.33
USG-101305,EQ-1020,OP-254,2023-12-25,1.64
USG-101306,EQ-1031,OP-256,2024-03-21,6.77
USG-101307,EQ-1043,OP-267,2023-09-07,5.89
USG-101309,EQ-1095,OP-221,2023-03-14,9.93
USG-101310,EQ-1095,OP-232,2023-08-30,11.23
USG-101311,EQ-1034,OP-260,2023-01-06,6.44
USG-101312,EQ-1001,OP-224,2023-04-13,4.98
USG-101313,EQ-1119,OP-208,2023-06-29,5.12
USG-101315,EQ-1143,OP-225,2023-02-09,3.77
USG-101316,EQ-1144,OP-266,2023-10-28,7.54
USG-101317,EQ-1070,OP-278,2023-12-09,1.53
USG-101318,EQ-1055,OP-278,2023-03-17,1.5
USG-101319,EQ-1013,OP-256,2023-08-06,6.75
USG-101320,EQ-1143,OP-249,2023-12-28,6.98
USG-101321,EQ-1054,OP-235,2023-12-31,6.14
USG-101322,EQ-1064,OP-271,2024-04-05,1.77
USG-101323,EQ-1119,OP-244,2024-01-08,10.7
USG-101324,EQ-1048,OP-222,2024-04-22,6.77
USG-101325,EQ-1134,OP-275,2023-06-08,11.12
USG-101326,EQ-1003,OP-204,2023-11-28,1.96
USG-101327,EQ-1064,OP-207,2024-05-12,6.77
USG-101328,EQ-1120,OP-258,2023-09-09,8.3
USG-101329,EQ-1026,OP-203,2023-11-10,9.23
USG-101330,EQ-1033,OP-215,2023-01-29,4.8
USG-101331,EQ-1071,OP-224,2023-12-02,6.77
USG-101332,EQ-1081,OP-221,2024-04-08,5.35
USG-101334,EQ-1044,OP-235,2023-11-08,3.32
USG-101336,EQ-1118,OP-211,2023-04-04,7.71
USG-101337,EQ-1043,OP-227,2023-11-23,9.1
USG-101338,EQ-1048,OP-216,2023-06-08,3.37
USG-101339,EQ-1080,OP-224,2023-05-20,4.6
USG-101340,EQ-1067,OP-245,2023-10-24,6.99
USG-101341,EQ-1043,OP-274,2023-07-17,11.93
USG-101342,EQ-1073,OP-264,2023-10-10,2.45
USG-101343,EQ-1066,OP-233,2023-01-17,8.13
USG-101344,EQ-1119,OP-247,2023-10-16,1.86
USG-101345,EQ-1091,OP-201,2023-03-23,8.3
USG-101346,EQ-1091,OP-259,2023-10-07,6.77
USG-101347,EQ-1116,OP-255,2024-01-10,4.15
USG-101348,EQ-1086,OP-251,2023-06-03,3.96
USG-101349,EQ-1129,OP-254,2024-02-01,7.73
USG-101350,EQ-1042,OP-276,2024-05-09,11.49
USG-101351,EQ-1035,OP-242,2024-02-08,4.75
USG-101352,EQ-1088,OP-221,2023-08-24,10.77
USG-101354,EQ-1095,OP-UNKNOWN,2023-03-23,8.71
USG-101355,EQ-1120,OP-259,2023-12-28,5.57
USG-101356,EQ-1034,OP-241,2024-04-04,10.66
USG-101357,EQ-1136,OP-262,2023-12-09,3.83
USG-101358,EQ-1060,OP-243,2023-09-14,9.39
USG-101359,EQ-1058,OP-224,2023-01-23,5.07
USG-101360,EQ-1108,OP-239,2023-07-18,4.24
USG-101362,EQ-1103,OP-201,2023-03-24,5.53
USG-101363,EQ-1124,OP-251,2023-08-05,4.22
USG-101364,EQ-1115,OP-260,2023-12-31,5.33
USG-101365,EQ-1108,OP-249,2024-03-21,5.04
USG-101366,EQ-1066,OP-278,2024-01-08,6.38
USG-101367,EQ-1125,OP-206,2024-03-31,5.97
USG-101368,EQ-1006,OP-222,2023-05-31,6.77
USG-101369,EQ-1009,OP-245,2024-10-01,4.11
USG-101370,EQ-1024,OP-218,2023-11-21,5.13
USG-101371,EQ-1062,OP-267,2023-10-19,6.77
USG-101372,EQ-1037,OP-212,2023-07-15,5.05
USG-101373,EQ-1077,OP-202,2023-04-05,8.36
USG-101374,EQ-1110,OP-224,2023-10-20,6.9
USG-101375,EQ-1062,OP-206,2023-07-11,11.32
USG-101376,EQ-1047,OP-205,2023-11-06,4.49
USG-101378,EQ-1081,OP-228,2023-01-10,7.92
USG-101379,EQ-1117,OP-276,2023-06-18,7.36
USG-101380,EQ-1081,OP-256,2023-03-19,3.71
USG-101381,EQ-1099,OP-204,2023-12-05,8.13
USG-101382,EQ-1088,OP-267,2023-07-09,6.24
USG-101383,EQ-1039,OP-221,2023-11-16,11.96
USG-101384,EQ-1072,OP-262,2023-05-01,5.47
USG-101385,EQ-1031,OP-227,2023-04-19,3.38
USG-101386,EQ-1102,OP-245,2024-01-20,4.43
USG-101387,EQ-1027,OP-240,2023-09-15,10.52
USG-101388,EQ-1118,OP-257,2023-03-22,4.53
USG-101389,EQ-1085,OP-222,2023-12-16,8.36
USG-101390,EQ-1105,OP-203,2023-11-13,6.79
USG-101391,EQ-1146,OP-202,2023-06-16,8.07
USG-101392,EQ-1094,OP-276,2024-03-28,6.87
USG-101393,EQ-1041,OP-230,2023-03-31,3.6
USG-101394,EQ-1016,OP-226,2023-10-23,7.83
USG-101396,EQ-1040,OP-208,2023-01-04,5.77
USG-101397,EQ-1120,OP-209,2024-02-05,9.02
USG-101398,EQ-1136,OP-256,2023-09-04,6.77
USG-101399,EQ-1010,OP-265,2023-11-19,2.8
USG-101400,EQ-1067,OP-274,2024-01-21,5.35
USG-101401,EQ-1036,OP-261,2023-04-18,8.78
USG-101402,EQ-1125,OP-233,2023-06-25,9.77
USG-101403,EQ-1145,OP-204,2024-01-25,1.77
USG-101404,EQ-1144,OP-237,2023-06-07,8.16
USG-101405,EQ-1112,OP-219,2024-01-16,7.88
USG-101406,EQ-1065,OP-203,2024-03-11,7.63
USG-101407,EQ-1130,OP-266,2023-07-27,11.71
USG-101408,EQ-1128,OP-247,2023-07-13,3.28
USG-101409,EQ-1044,OP-248,2023-01-08,6.77
USG-101410,EQ-1052,OP-235,2023-11-08,8.32
USG-101411,EQ-1117,OP-201,2024-03-06,9.77
USG-101412,EQ-1051,OP-204,2023-07-24,6.83
USG-101413,EQ-1136,OP-268,2024-03-22,6.19
USG-101414,EQ-1062,OP-223,2023-12-20,3.9
USG-101415,EQ-1045,OP-277,2023-05-17,3.5
USG-101416,EQ-1016,OP-216,2023-09-25,4.06
USG-101417,EQ-1122,OP-268,2024-03-27,8.16
USG-101419,EQ-1002,OP-214,2024-01-04,3.55
USG-101420,EQ-1116,OP-232,2024-01-22,8.13
USG-101421,EQ-1123,OP-238,2023-05-16,4.39
USG-101422,EQ-1079,OP-214,2024-05-15,1.57
USG-101423,EQ-1130,OP-220,2023-04-02,4.7
USG-101424,EQ-1113,OP-268,2024-02-26,9.51
USG-101426,EQ-1039,OP-224,2024-01-28,3.16
USG-101427,EQ-1083,OP-260,2023-12-01,9.13
USG-101428,EQ-1067,OP-238,2023-07-09,5.22
USG-101429,EQ-1115,OP-272,2023-07-21,6.77
USG-101430,EQ-1014,OP-245,2023-11-27,9.55
USG-101432,EQ-1097,OP-271,2024-01-14,6.78
USG-101433,EQ-1027,OP-220,2023-06-16,7.73
USG-101434,EQ-1011,OP-249,2023-12-19,4.12
USG-101435,EQ-1096,OP-207,2023-11-24,6.1
USG-101436,EQ-1120,OP-209,2023-06-16,10.16
USG-101437,EQ-1076,OP-271,2023-02-15,7.24
USG-101438,EQ-1142,OP-237,2023-12-20,2.21
USG-101439,EQ-1080,OP-246,2024-04-08,3.76
USG-101440,EQ-1058,OP-242,2023-04-12,4.18
USG-101441,EQ-1005,OP-252,2023-08-07,2.0
USG-101442,EQ-1131,OP-272,2023-08-12,10.67
USG-101443,EQ-1137,OP-273,2023-06-20,7.44
USG-101444,EQ-1028,OP-265,2024-03-09,6.42
USG-101445,EQ-1048,OP-255,2024-02-23,10.75
USG-101446,EQ-1084,OP-273,2023-06-23,9.26
USG-101447,EQ-1005,OP-237,2023-01-04,1.59
USG-101448,EQ-1038,OP-228,2023-10-27,6.31
USG-101449,EQ-1147,OP-273,2023-03-20,4.74
USG-101450,EQ-1136,OP-205,2024-02-04,2.23
USG-101451,EQ-1058,OP-225,2023-06-05,3.95
USG-101452,EQ-1090,OP-256,2023-03-05,6.16
USG-101453,EQ-1053,OP-257,2023-08-13,5.5
USG-101454,EQ-1023,OP-264,2024-04-12,3.21
USG-101455,EQ-1125,OP-245,2024-01-19,3.71
USG-101457,EQ-1102,OP-212,2023-07-01,2.19
USG-101458,EQ-1076,OP-210,2023-11-30,6.45
USG-101459,EQ-1070,OP-241,2023-01-24,7.43
USG-101460,EQ-1039,OP-260,2024-01-26,3.7
USG-101461,EQ-1075,OP-253,2024-02-26,11.33
USG-101462,EQ-1046,OP-214,2024-02-07,4.71
USG-101463,EQ-1067,OP-203,2024-06-02,6.77
USG-101464,EQ-1036,OP-205,2023-10-04,7.01
USG-101465,EQ-1003,OP-228,2023-02-17,6.77
USG-101466,EQ-1118,OP-268,2023-08-14,8.19
USG-101467,EQ-1120,OP-232,2023-03-07,11.55
USG-101468,EQ-1024,OP-273,2023-04-11,9.96
USG-101469,EQ-1021,OP-251,2023-05-25,3.88
USG-101470,EQ-1077,OP-259,2023-12-09,11.87
USG-101471,EQ-1033,OP-247,2023-12-05,10.43
USG-101472,EQ-1098,OP-225,2023-04-04,10.27
USG-101473,EQ-1101,OP-273,2023-09-04,8.1
USG-101474,EQ-1147,OP-227,2023-08-21,2.74
USG-101475,EQ-1131,OP-243,2024-04-01,10.66
USG-101476,EQ-1116,OP-243,2024-01-26,6.77
USG-101477,EQ-1006,OP-216,2023-02-18,2.67
USG-101478,EQ-1075,OP-244,2023-06-07,11.37
USG-101479,EQ-1129,OP-265,2023-04-10,9.65
USG-101480,EQ-1090,OP-219,2023-10-16,9.9
USG-101481,EQ-1058,OP-267,2023-03-27,3.24
USG-101482,EQ-1057,OP-219,2023-10-04,10.51
USG-101483,EQ-1102,OP-266,2024-05-12,4.88
USG-101484,EQ-1076,OP-UNKNOWN,2023-05-09,3.69
USG-101485,EQ-1017,OP-252,2023-03-13,9.53
USG-101486,EQ-1062,OP-220,2023-11-27,4.11
USG-101487,EQ-1057,OP-235,2023-03-13,9.27
USG-101488,EQ-1038,OP-218,2023-12-11,8.19
USG-101489,EQ-1134,OP-276,2023-08-30,10.13
USG-101490,EQ-1116,OP-243,2024-03-24,5.51
USG-101491,EQ-1028,OP-254,2023-10-27,10.59
USG-101492,EQ-1074,OP-213,2023-02-15,7.79
USG-101493,EQ-1126,OP-255,2023-08-04,9.58
USG-101494,EQ-1070,OP-265,2023-06-18,11.82
USG-101495,EQ-1025,OP-262,2023-05-05,6.05
USG-101496,EQ-1124,OP-272,2023-07-12,8.51
USG-101498,EQ-1107,OP-205,2023-06-27,6.34
USG-101499,EQ-1009,OP-255,2023-12-09,3.4
USG-101500,EQ-1084,OP-252,2024-02-15,10.85
USG-101501,EQ-1088,OP-231,2023-05-22,6.77
USG-101502,EQ-1067,OP-220,2023-04-18,8.31
USG-101503,EQ-1089,OP-222,2024-03-08,5.19
USG-101504,EQ-1058,OP-239,2023-02-21,5.76
USG-101505,EQ-1047,OP-225,2023-05-16,5.04
USG-101506,EQ-1092,OP-221,2023-06-15,4.76
USG-101507,EQ-1143,OP-271,2023-10-03,2.3
USG-101508,EQ-1103,OP-218,2024-01-02,2.9
USG-101509,EQ-1075,OP-210,2023-06-15,1.93
USG-101510,EQ-1070,OP-228,2024-03-02,10.69
USG-101511,EQ-1055,OP-237,2023-05-05,6.57
USG-101512,EQ-1142,OP-272,2023-04-09,7.6
USG-101513,EQ-1099,OP-246,2024-02-16,5.33
USG-101514,EQ-1060,OP-245,2023-02-09,10.53
USG-101516,EQ-1137,OP-277,2023-04-27,8.27
USG-101517,EQ-1057,OP-273,2024-03-04,6.72
USG-101518,EQ-1043,OP-257,2023-10-14,6.5
USG-101519,EQ-1016,OP-208,2024-05-03,11.45
USG-101520,EQ-1125,OP-217,2023-07-22,7.15
USG-101521,EQ-1084,OP-265,2024-04-29,11.79
USG-101522,EQ-1001,OP-206,2023-12-31,9.63
USG-101523,EQ-1016,OP-220,2024-01-11,9.62
USG-101525,EQ-1099,OP-248,2023-12-23,3.42
USG-101527,EQ-1020,OP-212,2023-09-26,2.14
USG-101528,EQ-1095,OP-200,2024-05-08,6.77
USG-101529,EQ-1078,OP-272,2023-10-16,6.77
USG-101530,EQ-1127,OP-227,2024-05-14,11.08
USG-101531,EQ-1146,OP-256,2023-12-28,6.83
USG-101532,EQ-1113,OP-204,2024-04-23,11.38
USG-101533,EQ-1079,OP-213,2023-06-28,3.26
USG-101534,EQ-1049,OP-278,2024-04-16,8.41
USG-101535,EQ-1114,OP-270,2023-02-03,4.01
USG-101536,EQ-1048,OP-205,2023-07-03,6.54
USG-101537,EQ-1025,OP-211,2023-12-06,7.41
USG-101538,EQ-1133,OP-269,2023-11-26,6.2
USG-101539,EQ-1109,OP-248,2023-02-12,4.88
USG-101540,EQ-1099,OP-236,2024-01-30,6.77
USG-101541,EQ-1048,OP-239,2024-04-01,7.2
USG-101542,EQ-1012,OP-206,2024-05-09,11.62
USG-101543,EQ-1111,OP-267,2024-03-10,8.84
USG-101544,EQ-1025,OP-223,2024-04-01,9.0
USG-101545,EQ-1146,OP-201,2023-01-24,8.74
USG-101546,EQ-1001,OP-242,2023-04-01,5.4
USG-101547,EQ-1011,OP-276,2023-05-07,11.18
USG-101548,EQ-1079,OP-234,2023-07-29,5.84
USG-101549,EQ-1048,OP-262,2023-05-10,5.65
USG-101550,EQ-1114,OP-228,2023-02-06,10.97
USG-101551,EQ-1046,OP-221,2024-04-28,9.01
USG-101552,EQ-1072,OP-236,2024-03-14,2.75
USG-101553,EQ-1051,OP-271,2024-03-09,11.95
USG-101554,EQ-1027,OP-204,2024-03-02,8.78
USG-101555,EQ-1111,OP-256,2024-01-14,1.93
USG-101556,EQ-1048,OP-240,2023-01-23,5.08
USG-101557,EQ-1044,OP-225,2024-04-06,3.11
USG-101558,EQ-1016,OP-224,2023-06-21,10.65
USG-101559,EQ-1062,OP-236,2023-10-13,4.83
USG-101560,EQ-1016,OP-268,2023-01-09,11.29
USG-101561,EQ-1036,OP-229,2023-01-04,10.04
USG-101562,EQ-1030,OP-204,2023-10-16,6.77
USG-101563,EQ-1121,OP-249,2023-05-25,11.06
USG-101564,EQ-1125,OP-244,2023-11-22,3.11
USG-101565,EQ-1092,OP-236,2023-11-23,5.58
USG-101566,EQ-1041,OP-202,2023-08-10,6.33
USG-101567,EQ-1138,OP-251,2023-03-06,11.39
USG-101568,EQ-1106,OP-257,2023-08-16,5.05
USG-101569,EQ-1034,OP-226,2023-05-06,3.54
USG-101570,EQ-1093,OP-270,2024-03-17,8.26
USG-101571,EQ-1036,OP-269,2023-11-30,11.54
USG-101572,EQ-1105,OP-227,2023-06-22,5.54
USG-101573,EQ-1046,OP-203,2023-12-22,3.31
USG-101574,EQ-1144,OP-251,2023-10-22,5.82
USG-101575,EQ-1033,OP-262,2023-06-11,7.07
USG-101576,EQ-1009,OP-208,2023-02-13,10.63
USG-101577,EQ-1023,OP-245,2023-04-14,4.73
USG-101578,EQ-1080,OP-257,2023-09-01,4.68
USG-101579,EQ-1040,OP-219,2023-03-25,7.99
USG-101580,EQ-1141,OP-235,2023-12-20,2.69
USG-101581,EQ-1113,OP-205,2023-03-11,6.51
USG-101582,EQ-1092,OP-274,2023-10-20,11.69
USG-101583,EQ-1145,OP-243,2023-02-13,6.77
USG-101584,EQ-1076,OP-219,2023-02-26,8.52
USG-101585,EQ-1082,OP-210,2023-07-01,1.67
USG-101586,EQ-1106,OP-246,2024-03-11,11.81
USG-101587,EQ-1006,OP-221,2023-01-27,4.26
USG-101589,EQ-1002,OP-202,2023-06-04,5.49
USG-101590,EQ-1069,OP-242,2023-07-07,9.73
USG-101591,EQ-1087,OP-244,2024-01-04,4.46
USG-101592,EQ-1115,OP-210,2024-02-17,6.84
USG-101593,EQ-1032,OP-213,2023-05-05,3.12
USG-101594,EQ-1022,OP-201,2024-06-01,10.64
USG-101595,EQ-1039,OP-258,2023-11-20,2.61
USG-101597,EQ-1059,OP-210,2023-07-18,6.5
USG-101598,EQ-1126,OP-223,2023-08-29,10.58
USG-101599,EQ-1047,OP-210,2023-04-01,10.72
USG-101600,EQ-1048,OP-209,2023-04-07,11.92
USG-101601,EQ-1075,OP-264,2023-11-24,10.16
USG-101602,EQ-1135,OP-UNKNOWN,2024-03-31,9.42
USG-101603,EQ-1016,OP-207,2023-11-14,8.58
USG-101604,EQ-1114,OP-UNKNOWN,2024-01-17,9.6
USG-101605,EQ-1016,OP-240,2023-08-19,5.39
USG-101606,EQ-1125,OP-224,2023-04-27,6.77
USG-101607,EQ-1119,OP-241,2024-04-17,5.73
USG-101608,EQ-1118,OP-218,2024-01-13,1.76
USG-101609,EQ-1081,OP-219,2023-07-24,10.08
USG-101611,EQ-1005,OP-220,2023-06-05,4.42
USG-101612,EQ-1127,OP-220,2023-09-07,6.77
USG-101613,EQ-1017,OP-261,2023-11-08,11.41
USG-101614,EQ-1106,OP-239,2023-11-20,8.68
USG-101615,EQ-1031,OP-267,2023-05-25,8.73
USG-101616,EQ-1144,OP-208,2023-01-10,3.7
USG-101617,EQ-1059,OP-240,2023-11-21,9.76
USG-101618,EQ-1147,OP-224,2024-04-06,8.14
USG-101619,EQ-1058,OP-278,2023-05-02,7.41
USG-101620,EQ-1080,OP-212,2023-07-16,2.35
USG-101621,EQ-1068,OP-249,2024-02-03,8.98
USG-101622,EQ-1015,OP-228,2023-11-21,8.02
USG-101623,EQ-1069,OP-262,2023-06-10,10.15
USG-101624,EQ-1030,OP-207,2024-01-12,6.79
USG-101625,EQ-1096,OP-201,2023-06-02,1.77
USG-101626,EQ-1107,OP-259,2024-02-02,8.07
USG-101627,EQ-1113,OP-213,2024-04-24,8.92
USG-101628,EQ-1041,OP-241,2024-04-05,6.77
USG-101629,EQ-1122,OP-240,2024-03-01,8.1
USG-101630,EQ-1101,OP-278,2024-03-04,4.9
USG-101631,EQ-1010,OP-207,2024-01-06,2.17
USG-101632,EQ-1038,OP-220,2024-04-26,5.28
USG-101633,EQ-1020,OP-208,2023-09-10,6.77
USG-101635,EQ-1066,OP-207,2023-11-27,6.77
USG-101636,EQ-1057,OP-205,2023-04-23,11.52
USG-101637,EQ-1081,OP-250,2023-01-10,1.75
USG-101638,EQ-1106,OP-205,2023-04-13,7.62
USG-101640,EQ-1072,OP-247,2023-09-19,9.42
USG-101643,EQ-1052,OP-272,2024-01-12,8.58
USG-101644,EQ-1077,OP-206,2023-11-28,10.79
USG-101645,EQ-1130,OP-201,2023-04-21,3.67
USG-101646,EQ-1099,OP-258,2023-07-20,6.66
USG-101647,EQ-1073,OP-231,2023-02-09,10.45
USG-101648,EQ-1002,OP-200,2023-06-05,11.59
USG-101649,EQ-1094,OP-224,2024-05-12,2.3
USG-101650,EQ-1005,OP-204,2024-04-05,6.3
USG-101651,EQ-1052,OP-203,2024-03-26,1.65
USG-101652,EQ-1060,OP-274,2023-12-22,8.88
USG-101653,EQ-1039,OP-250,2023-12-14,6.77
USG-101654,EQ-1119,OP-201,2023-10-23,11.57
USG-101655,EQ-1072,OP-225,2024-02-15,11.61
USG-101656,EQ-1114,OP-205,2024-03-23,7.37
USG-101657,EQ-1059,OP-206,2023-05-27,6.29
USG-101658,EQ-1041,OP-247,2024-01-07,9.22
USG-101659,EQ-1044,OP-247,2023-08-28,3.05
USG-101660,EQ-1126,OP-252,2023-07-04,4.16
USG-101661,EQ-1091,OP-257,2024-01-21,10.84
USG-101662,EQ-1037,OP-269,2023-11-20,9.89
USG-101663,EQ-1052,OP-250,2023-02-11,11.9
USG-101664,EQ-1133,OP-200,2023-05-11,3.23
USG-101665,EQ-1085,OP-241,2024-01-10,11.34
USG-101666,EQ-1100,OP-244,2024-01-19,2.62
USG-101667,EQ-1116,OP-224,2024-02-01,6.8
USG-101668,EQ-1036,OP-239,2023-05-04,3.7
USG-101669,EQ-1048,OP-203,2023-06-01,9.65
USG-101670,EQ-1064,OP-215,2023-08-05,1.61
USG-101671,EQ-1087,OP-226,2023-06-05,6.52
USG-101672,EQ-1010,OP-204,2023-09-13,6.77
USG-101673,EQ-1098,OP-212,2023-08-05,5.19
USG-101674,EQ-1125,OP-248,2023-01-20,2.41
USG-101675,EQ-1023,OP-212,2023-08-21,7.84
USG-101676,EQ-1082,OP-257,2023-04-21,8.68
USG-101677,EQ-1007,OP-256,2023-02-05,8.82
USG-101678,EQ-1137,OP-206,2023-05-10,6.66
USG-101679,EQ-1075,OP-205,2023-05-29,8.71
USG-101680,EQ-1019,OP-262,2023-08-05,9.97
USG-101681,EQ-1096,OP-223,2023-04-25,10.38
USG-101682,EQ-1113,OP-214,2023-02-21,11.78
USG-101683,EQ-1006,OP-246,2024-02-11,6.77
USG-101684,EQ-1094,OP-213,2023-08-03,7.35
USG-101685,EQ-1016,OP-245,2023-09-01,11.02
USG-101686,EQ-1030,OP-211,2023-10-20,8.43
USG-101687,EQ-1142,OP-208,2024-05-12,5.84
USG-101688,EQ-1059,OP-238,2023-03-10,5.4
USG-101689,EQ-1003,OP-234,2023-10-27,10.02
USG-101690,EQ-1062,OP-227,2023-04-07,3.75
USG-101691,EQ-1141,OP-269,2024-03-15,2.83
USG-101692,EQ-1017,OP-209,2023-10-17,5.84
USG-101693,EQ-1057,OP-252,2023-01-31,6.77
USG-101694,EQ-1101,OP-247,2023-07-20,3.86
USG-101695,EQ-1122,OP-265,2024-03-31,8.17
USG-101696,EQ-1133,OP-209,2023-08-10,7.4
USG-101697,EQ-1037,OP-205,2023-07-09,8.33
USG-101698,EQ-1087,OP-268,2023-11-06,11.46
USG-101699,EQ-1098,OP-275,2023-12-22,7.79
USG-101700,EQ-1035,OP-211,2023-12-21,6.93
USG-101701,EQ-1064,OP-234,2024-03-23,4.79
USG-101702,EQ-1061,OP-244,2024-05-12,6.94
USG-101703,EQ-1067,OP-224,2024-01-29,9.92
USG-101704,EQ-1048,OP-246,2023-12-31,9.88
USG-101705,EQ-1044,OP-237,2023-11-23,8.15
USG-101706,EQ-1127,OP-250,2023-09-05,6.32
USG-101707,EQ-1065,OP-232,2023-03-05,11.83
USG-101709,EQ-1130,OP-225,2023-05-17,11.81
USG-101710,EQ-1121,OP-240,2023-03-03,9.48
USG-101711,EQ-1010,OP-235,2023-02-25,9.73
USG-101712,EQ-1108,OP-272,2023-01-31,8.06
USG-101713,EQ-1110,OP-228,2023-11-13,11.24
USG-101714,EQ-1060,OP-270,2023-10-27,9.96
USG-101715,EQ-1052,OP-202,2024-05-03,7.95
USG-101716,EQ-1124,OP-231,2024-03-08,7.9
USG-101717,EQ-1056,OP-200,2023-05-03,10.54
USG-101719,EQ-1098,OP-248,2023-01-12,10.76
USG-101720,EQ-1134,OP-202,2023-09-13,6.14
USG-101721,EQ-1036,OP-276,2024-03-04,9.77
USG-101722,EQ-1080,OP-235,2023-05-08,5.48
USG-101723,EQ-1006,OP-272,2023-05-05,6.77
USG-101724,EQ-1005,OP-244,2023-07-04,9.1
USG-101725,EQ-1022,OP-244,2023-04-28,4.23
USG-101726,EQ-1056,OP-266,2023-11-03,1.88
USG-101727,EQ-1012,OP-211,2023-12-29,8.8
USG-101728,EQ-1020,OP-232,2023-08-20,6.08
USG-101729,EQ-1047,OP-239,2023-03-27,2.47
USG-101730,EQ-1045,OP-260,2024-04-27,1.68
USG-101731,EQ-1019,OP-212,2023-05-18,2.8
USG-101732,EQ-1094,OP-219,2023-10-01,1.59
USG-101733,EQ-1069,OP-202,2023-09-14,6.77
USG-101734,EQ-1012,OP-216,2023-05-04,7.53
USG-101735,EQ-1062,OP-214,2024-01-01,9.42
USG-101736,EQ-1096,OP-236,2023-08-24,9.42
USG-101737,EQ-1103,OP-259,2024-05-07,9.76
USG-101738,EQ-1103,OP-267,2024-04-24,6.75
USG-101739,EQ-1052,OP-247,2024-03-07,5.83
USG-101740,EQ-1095,OP-262,2023-04-12,9.64
USG-101741,EQ-1115,OP-217,2023-11-29,2.99
USG-101742,EQ-1112,OP-251,2023-08-27,3.65
USG-101743,EQ-1013,OP-218,2024-04-04,5.43
USG-101744,EQ-1098,OP-255,2023-02-09,6.88
USG-101745,EQ-1122,OP-242,2023-04-10,1.62
USG-101746,EQ-1143,OP-203,2023-09-18,1.75
USG-101747,EQ-1117,OP-241,2023-05-26,7.65
USG-101748,EQ-1124,OP-265,2023-01-19,9.36
USG-101749,EQ-1039,OP-248,2023-06-19,9.09
USG-101750,EQ-1036,OP-225,2023-02-17,3.81
USG-101751,EQ-1003,OP-224,2023-08-03,10.17
USG-101752,EQ-1140,OP-226,2023-01-01,1.89
USG-101753,EQ-1016,OP-221,2024-04-18,8.53
USG-101754,EQ-1087,OP-247,2024-03-11,7.56
USG-101755,EQ-1084,OP-241,2023-09-27,9.02
USG-101756,EQ-1071,OP-231,2023-04-26,4.36
USG-101757,EQ-1076,OP-251,2023-01-27,10.56
USG-101758,EQ-1037,OP-228,2024-03-26,3.11
USG-101759,EQ-1138,OP-252,2024-01-16,4.64
USG-101760,EQ-1123,OP-208,2024-02-01,6.07
USG-101761,EQ-1039,OP-203,2023-06-20,3.97
USG-101762,EQ-1125,OP-250,2023-10-29,3.97
USG-101763,EQ-1042,OP-276,2023-06-17,2.56
USG-101764,EQ-1002,OP-254,2023-09-10,9.83
USG-101765,EQ-1038,OP-200,2023-08-30,11.83
USG-101766,EQ-1091,OP-211,2023-01-21,2.55
USG-101767,EQ-1021,OP-278,2023-01-01,3.28
USG-101768,EQ-1125,OP-275,2023-05-30,10.23
USG-101769,EQ-1016,OP-233,2023-03-22,2.51
USG-101770,EQ-1072,OP-243,2023-12-07,6.25
USG-101771,EQ-1078,OP-251,2023-08-03,11.84
USG-101772,EQ-1083,OP-259,2023-03-18,6.77
USG-101773,EQ-1030,OP-257,2023-03-06,6.77
USG-101774,EQ-1081,OP-261,2023-08-11,8.52
USG-101775,EQ-1077,OP-226,2024-04-03,6.77
USG-101776,EQ-1049,OP-206,2023-01-17,5.59
USG-101777,EQ-1118,OP-250,2024-02-06,2.9
USG-101778,EQ-1108,OP-272,2024-03-20,6.77
USG-101779,EQ-1064,OP-262,2024-03-24,10.78
USG-101780,EQ-1126,OP-225,2024-01-05,6.77
USG-101782,EQ-1051,OP-242,2023-12-15,6.8
USG-101783,EQ-1135,OP-278,2024-04-19,11.47
USG-101784,EQ-1116,OP-275,2023-10-08,6.29
USG-101785,EQ-1004,OP-208,2023-08-31,6.37
USG-101786,EQ-1146,OP-240,2024-03-03,4.65
USG-101787,EQ-1009,OP-274,2023-05-11,6.77
USG-101788,EQ-1056,OP-257,2023-05-03,11.57
USG-101789,EQ-1070,OP-269,2024-04-26,11.5
USG-101790,EQ-1078,OP-206,2023-09-12,8.44
USG-101791,EQ-1029,OP-249,2023-10-15,8.39
USG-101793,EQ-1043,OP-232,2023-08-01,9.16
USG-101794,EQ-1073,OP-269,2023-12-21,6.77
USG-101795,EQ-1031,OP-200,2024-05-03,9.84
USG-101796,EQ-1045,OP-257,2023-06-22,9.69
USG-101797,EQ-1031,OP-278,2023-05-23,2.47
USG-101798,EQ-1048,OP-232,2024-07-01,9.95
USG-101799,EQ-1022,OP-220,2023-03-16,8.74
USG-101800,EQ-1089,OP-249,2024-02-10,6.88
USG-101801,EQ-1054,OP-279,2023-11-23,8.82
USG-101802,EQ-1058,OP-263,2023-10-13,8.25
USG-101803,EQ-1010,OP-224,2023-01-02,6.77
USG-101804,EQ-1095,OP-253,2024-01-19,10.55
USG-101806,EQ-1087,OP-204,2024-02-07,4.78
USG-101807,EQ-1075,OP-213,2023-01-29,11.98
USG-101808,EQ-1097,OP-235,2023-06-24,11.74
USG-101809,EQ-1127,OP-238,2023-07-28,4.94
USG-101810,EQ-1035,OP-277,2023-11-03,2.5
USG-101811,EQ-1085,OP-215,2023-04-04,2.33
USG-101812,EQ-1079,OP-270,2024-01-22,10.02
USG-101813,EQ-1147,OP-269,2023-06-02,2.55
USG-101814,EQ-1010,OP-253,2023-02-17,2.05
USG-101815,EQ-1001,OP-261,2023-01-22,7.19
USG-101816,EQ-1143,OP-231,2023-02-11,11.14
USG-101817,EQ-1026,OP-202,2023-08-29,3.28
USG-101818,EQ-1130,OP-252,2023-01-03,7.56
USG-101819,EQ-1048,OP-230,2023-01-31,5.58
USG-101820,EQ-1074,OP-251,2024-05-13,4.52
USG-101821,EQ-1031,OP-232,2023-11-28,6.77
USG-101822,EQ-1048,OP-216,2023-10-23,2.76
USG-101823,EQ-1033,OP-229,2023-05-08,8.68
USG-101824,EQ-1055,OP-214,2023-10-22,2.66
USG-101825,EQ-1105,OP-226,2023-08-17,9.75
USG-101826,EQ-1083,OP-248,2023-12-04,8.46
USG-101827,EQ-1037,OP-245,2023-04-07,8.45
USG-101828,EQ-1070,OP-232,2023-01-02,9.7
USG-101830,EQ-1003,OP-267,2023-02-03,8.26
USG-101831,EQ-1070,OP-249,2023-05-19,11.0
USG-101833,EQ-1068,OP-266,2023-05-11,8.41
USG-101834,EQ-1103,OP-272,2024-05-05,4.47
USG-101835,EQ-1142,OP-273,2024-02-14,8.09
USG-101836,EQ-1000,OP-202,2023-06-17,5.91
USG-101837,EQ-1123,OP-213,2024-01-11,4.14
USG-101838,EQ-1051,OP-277,2023-10-17,6.45
USG-101839,EQ-1062,OP-243,2023-07-02,5.0
USG-101841,EQ-1052,OP-268,2024-01-14,11.75
USG-101842,EQ-1034,OP-227,2023-04-22,6.77
USG-101844,EQ-1060,OP-211,2024-02-17,9.34
USG-101845,EQ-1061,OP-235,2023-10-05,9.15
USG-101846,EQ-1125,OP-227,2024-02-12,2.43
USG-101847,EQ-1147,OP-254,2023-12-23,6.25
USG-101848,EQ-1006,OP-273,2023-01-11,10.13
USG-101849,EQ-1011,OP-225,2024-02-28,6.34
USG-101850,EQ-1057,OP-204,2023-03-02,5.35
USG-101851,EQ-1076,OP-255,2023-03-20,3.17
USG-101852,EQ-1043,OP-268,2023-03-31,2.64
USG-101853,EQ-1054,OP-253,2023-02-25,3.24
USG-101854,EQ-1142,OP-267,2024-05-01,11.6
USG-101855,EQ-1084,OP-220,2024-02-29,7.46
USG-101856,EQ-1108,OP-256,2023-05-23,11.23
USG-101857,EQ-1005,OP-237,2023-07-12,2.46
USG-101858,EQ-1032,OP-229,2024-01-13,2.69
USG-101859,EQ-1148,OP-217,2023-01-28,3.93
USG-101860,EQ-1012,OP-277,2023-10-06,7.3
USG-101861,EQ-1137,OP-233,2023-06-20,1.96
USG-101862,EQ-1052,OP-228,2023-12-24,8.06
USG-101863,EQ-1139,OP-241,2023-08-24,10.4
USG-101864,EQ-1002,OP-203,2024-03-17,6.77
USG-101865,EQ-1149,OP-224,2023-09-04,9.73
USG-101866,EQ-1095,OP-277,2023-01-14,4.78
USG-101867,EQ-1129,OP-237,2023-05-14,3.05
USG-101868,EQ-1138,OP-262,2023-09-25,6.77
USG-101869,EQ-1073,OP-205,2023-06-10,6.77
USG-101870,EQ-1006,OP-206,2023-01-02,5.47
USG-101871,EQ-1022,OP-266,2023-05-21,7.41
USG-101872,EQ-1038,OP-265,2023-04-27,2.01
USG-101873,EQ-1043,OP-248,2024-01-09,8.06
USG-101874,EQ-1053,OP-277,2024-03-14,5.23
USG-101875,EQ-1134,OP-208,2023-02-01,6.77
USG-101876,EQ-1100,OP-267,2023-03-05,9.25
USG-101877,EQ-1066,OP-222,2023-10-08,11.27
USG-101878,EQ-1096,OP-224,2023-09-28,4.04
USG-101879,EQ-1036,OP-279,2023-12-14,7.5
USG-101880,EQ-1078,OP-220,2023-01-11,9.03
USG-101881,EQ-1135,OP-213,2023-06-08,6.35
USG-101882,EQ-1099,OP-249,2023-03-22,9.46
USG-101883,EQ-1010,OP-229,2024-01-05,8.67
USG-101884,EQ-1005,OP-260,2023-07-13,10.56
USG-101885,EQ-1135,OP-202,2024-01-31,4.04
USG-101886,EQ-1132,OP-235,2023-06-19,7.91
USG-101887,EQ-1087,OP-207,2024-03-12,3.77
USG-101888,EQ-1090,OP-267,2023-05-12,2.78
USG-101889,EQ-1036,OP-211,2023-02-18,6.4
USG-101890,EQ-1031,OP-277,2024-05-14,8.12
USG-101891,EQ-1055,OP-241,2023-04-26,1.86
USG-101892,EQ-1021,OP-278,2024-01-25,4.94
USG-101893,EQ-1118,OP-252,2024-02-03,10.86
USG-101895,EQ-1032,OP-267,2024-04-18,5.01
USG-101896,EQ-1127,OP-236,2024-02-26,9.11
USG-101897,EQ-1000,OP-227,2023-07-20,2.91
USG-101898,EQ-1079,OP-215,2024-03-21,4.51
USG-101899,EQ-1057,OP-267,2023-09-02,6.77
USG-101900,EQ-1104,OP-220,2024-04-27,3.05
USG-101902,EQ-1075,OP-268,2023-07-28,6.77
USG-101903,EQ-1005,OP-243,2023-05-02,6.07
USG-101904,EQ-1011,OP-212,2023-03-01,10.39
USG-101905,EQ-1049,OP-207,2023-09-24,5.68
USG-101906,EQ-1006,OP-258,2023-02-07,2.55
USG-101907,EQ-1055,OP-243,2023-07-02,7.28
USG-101908,EQ-1027,OP-262,2023-08-06,3.0
USG-101909,EQ-1134,OP-237,2024-01-19,4.69
USG-101910,EQ-1135,OP-224,2023-06-25,8.5
USG-101911,EQ-1135,OP-205,2023-04-19,9.1
USG-101912,EQ-1094,OP-202,2023-11-07,11.93
USG-101913,EQ-1016,OP-236,2023-10-21,6.77
USG-101914,EQ-1065,OP-221,2023-07-26,8.05
USG-101915,EQ-1146,OP-237,2024-03-01,7.8
USG-101916,EQ-1116,OP-266,2023-06-01,7.58
USG-101918,EQ-1079,OP-224,2024-05-03,3.44
USG-101919,EQ-1057,OP-218,2024-02-02,7.38
USG-101920,EQ-1104,OP-202,2023-10-13,2.74
USG-101921,EQ-1007,OP-222,2024-01-19,11.94
USG-101922,EQ-1056,OP-277,2024-04-09,11.48
USG-101923,EQ-1143,OP-236,2024-02-28,5.78
USG-101924,EQ-1036,OP-272,2023-11-09,6.77
USG-101925,EQ-1037,OP-245,2023-10-06,4.29
USG-101926,EQ-1097,OP-244,2023-07-28,3.77
USG-101927,EQ-1109,OP-218,2024-01-28,7.5
USG-101928,EQ-1030,OP-224,2024-02-02,4.03
USG-101929,EQ-1079,OP-234,2023-11-17,10.24
USG-101930,EQ-1057,OP-UNKNOWN,2023-12-08,5.6
USG-101931,EQ-1016,OP-214,2024-03-02,3.62
USG-101932,EQ-1049,OP-242,2024-02-26,2.0
USG-101933,EQ-1135,OP-235,2023-02-11,10.51
USG-101934,EQ-1116,OP-222,2024-03-17,7.62
USG-101935,EQ-1105,OP-206,2024-01-09,4.34
USG-101936,EQ-1112,OP-236,2023-07-20,6.21
USG-101937,EQ-1103,OP-252,2023-12-10,1.7
USG-101938,EQ-1125,OP-260,2024-04-17,6.77
USG-101939,EQ-1017,OP-233,2023-01-12,7.1
USG-101941,EQ-1043,OP-251,2023-02-25,6.37
USG-101942,EQ-1042,OP-210,2023-11-05,3.8
USG-101943,EQ-1131,OP-240,2023-03-09,11.75
USG-101944,EQ-1048,OP-209,2024-04-01,4.28
USG-101945,EQ-1043,OP-241,2023-01-25,6.86
USG-101946,EQ-1024,OP-236,2023-01-28,4.13
USG-101947,EQ-1120,OP-218,2024-04-08,8.51
USG-101949,EQ-1046,OP-224,2023-05-14,3.3
USG-101950,EQ-1125,OP-277,2023-08-13,10.18
USG-101951,EQ-1138,OP-214,2024-03-10,11.96
USG-101952,EQ-1086,OP-257,2024-05-06,8.88
USG-101953,EQ-1109,OP-215,2023-08-21,6.77
USG-101954,EQ-1127,OP-251,2023-09-23,9.82
USG-101955,EQ-1000,OP-218,2023-02-13,3.85
USG-101956,EQ-1040,OP-250,2023-12-14,9.66
USG-101957,EQ-1114,OP-233,2023-07-27,6.99
USG-101958,EQ-1044,OP-273,2023-03-13,6.3
USG-101959,EQ-1010,OP-268,2024-01-31,8.05
USG-101960,EQ-1139,OP-220,2023-03-06,6.77
USG-101961,EQ-1008,OP-229,2023-12-06,9.05
USG-101962,EQ-1064,OP-237,2023-11-28,5.05
USG-101964,EQ-1009,OP-256,2023-02-16,10.9
USG-101965,EQ-1099,OP-269,2024-01-29,11.31
USG-101966,EQ-1097,OP-278,2023-02-02,6.34
USG-101967,EQ-1126,OP-219,2024-03-14,6.81
USG-101968,EQ-1039,OP-216,2023-06-13,11.94
USG-101969,EQ-1136,OP-267,2023-01-01,8.06
USG-101970,EQ-1013,OP-203,2023-12-06,11.94
USG-101971,EQ-1084,OP-272,2023-01-20,4.44
USG-101972,EQ-1087,OP-234,2023-05-09,6.34
USG-101973,EQ-1035,OP-278,2023-05-31,11.49
USG-101974,EQ-1147,OP-250,2024-03-01,3.54
USG-101975,EQ-1146,OP-243,2023-07-27,6.77
USG-101976,EQ-1083,OP-243,2024-01-05,11.1
USG-101977,EQ-1042,OP-221,2023-07-26,8.79
USG-101978,EQ-1094,OP-264,2023-02-24,5.34
USG-101979,EQ-1125,OP-249,2024-05-01,7.9
USG-101980,EQ-1073,OP-228,2023-01-04,2.76
USG-101981,EQ-1131,OP-209,2024-04-19,7.79
USG-101982,EQ-1050,OP-242,2023-10-25,2.4
USG-101983,EQ-1100,OP-241,2023-05-31,4.94
USG-101984,EQ-1044,OP-227,2024-02-23,11.48
USG-101985,EQ-1109,OP-240,2023-01-24,11.5
USG-101986,EQ-1027,OP-211,2023-01-19,5.52
USG-101987,EQ-1031,OP-267,2023-08-31,10.27
USG-101988,EQ-1001,OP-216,2023-05-01,10.49
USG-101989,EQ-1041,OP-242,2023-10-13,6.0
USG-101990,EQ-1083,OP-274,2023-09-17,7.16
USG-101991,EQ-1042,OP-243,2023-09-19,8.53
USG-101992,EQ-1086,OP-254,2024-05-08,9.77
USG-101993,EQ-1073,OP-216,2023-06-05,11.66
USG-101994,EQ-1109,OP-203,2023-03-11,6.77
USG-101995,EQ-1039,OP-247,2023-11-24,3.94
USG-101996,EQ-1033,OP-214,2024-02-14,3.69
USG-101997,EQ-1123,OP-226,2023-11-21,3.41
USG-101998,EQ-1077,OP-266,2023-09-26,8.01
USG-101999,EQ-1036,OP-228,2023-08-05,6.13
USG-102000,EQ-1105,OP-200,2023-03-08,9.26
USG-102001,EQ-1094,OP-208,2023-09-27,8.93
USG-102002,EQ-1027,OP-224,2024-03-04,3.0
USG-102003,EQ-1001,OP-279,2023-02-17,10.8
USG-102004,EQ-1106,OP-220,2023-04-15,1.75
USG-102005,EQ-1120,OP-211,2023-12-07,10.95
USG-102006,EQ-1082,OP-246,2023-10-15,5.48
USG-102007,EQ-1008,OP-279,2023-02-16,8.53
USG-102008,EQ-1141,OP-213,2023-07-20,9.04
USG-102009,EQ-1120,OP-258,2023-12-18,9.03
USG-102010,EQ-1144,OP-223,2024-05-04,6.77
USG-102011,EQ-1039,OP-272,2024-04-10,10.76
USG-102012,EQ-1109,OP-274,2023-02-08,7.28
USG-102013,EQ-1042,OP-246,2023-12-26,10.48
USG-102014,EQ-1081,OP-239,2023-05-17,8.27
USG-102015,EQ-1126,OP-250,2023-05-29,6.77
USG-102016,EQ-1064,OP-263,2023-11-09,10.88
USG-102017,EQ-1149,OP-223,2023-10-20,6.77
USG-102018,EQ-1063,OP-276,2023-08-28,9.05
USG-102019,EQ-1083,OP-271,2024-04-29,3.07
USG-102020,EQ-1025,OP-246,2023-07-23,2.07
USG-102021,EQ-1009,OP-233,2024-01-25,11.37
USG-102022,EQ-1132,OP-272,2023-08-13,9.27
USG-102023,EQ-1095,OP-245,2023-04-05,11.21
USG-102024,EQ-1010,OP-235,2024-05-15,8.28
USG-102025,EQ-1146,OP-258,2023-02-04,11.52
USG-102026,EQ-1146,OP-211,2023-01-12,3.26
USG-102027,EQ-1089,OP-211,2023-06-05,10.61
USG-102028,EQ-1014,OP-225,2024-11-04,6.44
USG-102029,EQ-1127,OP-214,2023-03-16,9.18
USG-102030,EQ-1040,OP-258,2023-07-29,2.06
USG-102032,EQ-1008,OP-243,2023-12-05,6.1
USG-102033,EQ-1054,OP-273,2023-04-09,7.13
USG-102034,EQ-1116,OP-238,2024-02-02,9.74
USG-102035,EQ-1023,OP-271,2023-12-16,11.18
USG-102036,EQ-1147,OP-217,2023-03-18,1.68
USG-102037,EQ-1049,OP-246,2024-05-10,9.81
USG-102038,EQ-1000,OP-227,2024-01-02,2.85
USG-102039,EQ-1127,OP-212,2023-04-28,4.39
USG-102040,EQ-1091,OP-269,2023-07-07,2.87
USG-102041,EQ-1066,OP-219,2023-01-14,2.07
USG-102042,EQ-1041,OP-271,2023-09-11,8.0
USG-102043,EQ-1021,OP-275,2023-01-12,10.53
USG-102044,EQ-1027,OP-233,2024-05-02,8.69
USG-102045,EQ-1056,OP-236,2023-01-17,7.97
USG-102046,EQ-1103,OP-272,2024-04-13,5.94
USG-102047,EQ-1016,OP-275,2023-12-13,4.49
USG-102048,EQ-1063,OP-213,2023-03-12,6.06
USG-102049,EQ-1142,OP-215,2024-02-13,3.68
USG-102050,EQ-1105,OP-212,2023-08-19,2.44
USG-102052,EQ-1007,OP-213,2024-05-13,6.77
USG-102053,EQ-1130,OP-257,2023-02-22,3.91
USG-102054,EQ-1012,OP-236,2023-07-04,6.67
USG-102055,EQ-1102,OP-225,2023-01-13,5.16
USG-102056,EQ-1090,OP-254,2023-11-02,6.77
USG-102057,EQ-1001,OP-225,2023-11-07,11.15
USG-102058,EQ-1065,OP-250,2023-08-12,6.77
USG-102059,EQ-1134,OP-217,2023-12-25,6.77
USG-102060,EQ-1068,OP-254,2023-02-21,7.69
USG-102061,EQ-1029,OP-275,2023-09-06,4.15
USG-102063,EQ-1069,OP-240,2023-05-08,4.82
USG-102064,EQ-1065,OP-264,2023-01-20,10.22
USG-102065,EQ-1101,OP-267,2023-09-10,3.59
USG-102066,EQ-1030,OP-248,2023-11-05,5.81
USG-102067,EQ-1025,OP-262,2023-05-27,7.5
USG-102068,EQ-1044,OP-255,2023-04-04,6.91
USG-102069,EQ-1074,OP-214,2023-11-09,6.77
USG-102070,EQ-1067,OP-255,2024-03-10,1.78
USG-102071,EQ-1131,OP-269,2024-03-08,2.08
USG-102072,EQ-1007,OP-233,2023-02-18,7.23
USG-102073,EQ-1021,OP-278,2023-10-20,11.93
USG-102074,EQ-1037,OP-210,2024-05-14,6.77
USG-102075,EQ-1128,OP-237,2024-04-20,6.77
USG-102076,EQ-1018,OP-251,2024-04-02,3.19
USG-102077,EQ-1091,OP-229,2023-10-20,5.42
USG-102078,EQ-1138,OP-203,2023-05-13,4.86
USG-102080,EQ-1021,OP-265,2024-04-01,4.34
USG-102081,EQ-1108,OP-264,2023-03-19,7.58
USG-102082,EQ-1122,OP-206,2023-05-17,8.99
USG-102083,EQ-1022,OP-254,2023-02-27,6.77
USG-102084,EQ-1063,OP-236,2023-12-12,7.36
USG-102085,EQ-1096,OP-258,2023-10-25,8.54
USG-102086,EQ-1074,OP-277,2024-04-19,10.27
USG-102087,EQ-1139,OP-233,2024-04-24,6.77
USG-102088,EQ-1079,OP-256,2023-01-06,5.55
USG-102089,EQ-1091,OP-231,2024-02-27,7.24
USG-102091,EQ-1111,OP-233,2023-07-22,9.41
USG-102092,EQ-1147,OP-202,2023-11-16,2.28
USG-102093,EQ-1028,OP-231,2023-07-03,8.22
USG-102094,EQ-1052,OP-213,2023-04-30,10.89
USG-102095,EQ-1063,OP-232,2023-06-14,4.99
USG-102096,EQ-1005,OP-246,2024-04-09,6.7
USG-102097,EQ-1024,OP-204,2024-03-22,1.8
USG-102098,EQ-1102,OP-260,2024-01-22,11.28
USG-102099,EQ-1132,OP-233,2023-11-01,8.12
USG-102100,EQ-1000,OP-259,2024-03-02,2.34
USG-102101,EQ-1132,OP-213,2024-02-08,3.44
USG-102102,EQ-1096,OP-269,2023-08-05,9.95
USG-102103,EQ-1148,OP-279,2023-10-09,5.5
USG-102104,EQ-1023,OP-275,2023-05-14,2.02
USG-102105,EQ-1034,OP-223,2023-01-30,11.94
USG-102107,EQ-1058,OP-268,2024-01-21,3.67
USG-102108,EQ-1105,OP-216,2023-02-21,5.41
USG-102109,EQ-1124,OP-UNKNOWN,2023-01-13,4.66
USG-102110,EQ-1135,OP-232,2023-04-02,11.99
USG-102111,EQ-1070,OP-271,2023-11-11,2.03
USG-102112,EQ-1067,OP-239,2023-06-11,9.44
USG-102113,EQ-1007,OP-239,2024-01-29,9.7
USG-102114,EQ-1007,OP-231,2024-03-14,5.75
USG-102115,EQ-1033,OP-223,2024-01-30,2.07
USG-102116,EQ-1085,OP-244,2023-04-28,6.77
USG-102117,EQ-1108,OP-223,2023-03-02,11.61
USG-102118,EQ-1109,OP-261,2023-12-22,2.91
USG-102119,EQ-1017,OP-213,2023-02-10,2.55
USG-102120,EQ-1128,OP-232,2023-10-01,11.93
USG-102122,EQ-1143,OP-210,2023-03-30,5.26
USG-102123,EQ-1003,OP-234,2023-08-17,9.82
USG-102124,EQ-1108,OP-214,2024-04-15,4.14
USG-102125,EQ-1122,OP-255,2023-06-27,10.6
USG-102126,EQ-1118,OP-221,2023-07-08,3.34
USG-102127,EQ-1142,OP-229,2023-09-15,9.87
USG-102128,EQ-1068,OP-254,2023-05-11,8.35
USG-102129,EQ-1037,OP-209,2023-02-27,11.31
USG-102130,EQ-1073,OP-278,2024-01-27,8.66
USG-102131,EQ-1021,OP-250,2024-01-27,8.27
USG-102132,EQ-1042,OP-203,2023-04-09,5.48
USG-102133,EQ-1018,OP-245,2024-01-01,9.91
USG-102134,EQ-1099,OP-205,2023-05-11,1.85
USG-102135,EQ-1058,OP-269,2023-09-15,10.88
USG-102136,EQ-1058,OP-201,2023-01-19,9.77
USG-102137,EQ-1131,OP-250,2023-08-14,11.0
USG-102138,EQ-1088,OP-235,2023-05-11,5.27
USG-102139,EQ-1013,OP-226,2024-02-24,2.19
USG-102140,EQ-1055,OP-270,2023-02-24,9.43
USG-102141,EQ-1082,OP-276,2023-03-05,6.77
USG-102142,EQ-1137,OP-279,2023-10-18,7.04
USG-102143,EQ-1015,OP-240,2023-09-04,6.53
USG-102144,EQ-1115,OP-232,2023-07-12,10.55
USG-102145,EQ-1138,OP-248,2023-12-30,11.0
USG-102146,EQ-1057,OP-220,2023-09-24,2.58
USG-102147,EQ-1140,OP-250,2024-04-16,7.45
USG-102148,EQ-1132,OP-206,2023-12-31,3.26
USG-102149,EQ-1029,OP-UNKNOWN,2023-04-28,6.77
USG-102151,EQ-1142,OP-261,2024-01-02,6.77
USG-102153,EQ-1141,OP-240,2023-11-29,7.69
USG-102154,EQ-1123,OP-270,2023-11-25,5.79
USG-102155,EQ-1080,OP-212,2023-01-18,11.94
USG-102156,EQ-1103,OP-200,2023-07-09,4.96
USG-102157,EQ-1097,OP-209,2023-06-19,6.08
USG-102158,EQ-1099,OP-211,2023-07-02,11.12
USG-102159,EQ-1022,OP-228,2023-05-25,4.9
USG-102160,EQ-1068,OP-260,2023-01-22,6.77
USG-102161,EQ-1049,OP-270,2023-04-14,7.11
USG-102162,EQ-1103,OP-277,2023-08-24,7.17
USG-102163,EQ-1133,OP-272,2023-03-02,8.43
USG-102164,EQ-1018,OP-247,2024-02-16,6.26
USG-102165,EQ-1116,OP-202,2023-12-21,11.4
USG-102166,EQ-1091,OP-266,2023-10-23,5.49
USG-102167,EQ-1020,OP-200,2024-01-25,5.37
USG-102168,EQ-1018,OP-246,2023-06-21,2.74
USG-102169,EQ-1074,OP-217,2023-09-07,9.73
USG-102170,EQ-1141,OP-211,2023-11-08,2.95
USG-102171,EQ-1041,OP-261,2023-06-21,6.77
USG-102172,EQ-1067,OP-246,2023-05-17,7.31
USG-102173,EQ-1095,OP-205,2023-06-13,1.53
USG-102174,EQ-1032,OP-246,2023-09-12,1.69
USG-102175,EQ-1016,OP-228,2024-04-18,4.39
USG-102176,EQ-1043,OP-217,2023-05-23,3.37
USG-102177,EQ-1143,OP-235,2023-01-03,8.35
USG-102178,EQ-1132,OP-233,2024-01-03,11.93
USG-102179,EQ-1138,OP-247,2023-01-04,6.77
USG-102181,EQ-1118,OP-213,2024-02-22,5.99
USG-102182,EQ-1011,OP-229,2024-04-29,2.06
USG-102183,EQ-1051,OP-259,2023-02-06,8.65
USG-102185,EQ-1075,OP-218,2024-02-13,7.73
USG-102186,EQ-1105,OP-276,2023-05-12,2.71
USG-102187,EQ-1022,OP-265,2024-04-18,9.95
USG-102188,EQ-1021,OP-209,2023-01-19,6.77
USG-102189,EQ-1143,OP-251,2023-04-24,6.77
USG-102190,EQ-1054,OP-246,2023-08-13,10.15
USG-102191,EQ-1038,OP-207,2023-07-27,6.07
USG-102192,EQ-1114,OP-270,2023-04-23,10.86
USG-102193,EQ-1128,OP-238,2024-05-10,5.52
USG-102194,EQ-1076,OP-217,2023-10-04,6.18
USG-102195,EQ-1070,OP-250,2023-07-04,2.34
USG-102196,EQ-1040,OP-223,2024-01-09,7.18
USG-102197,EQ-1083,OP-263,2023-11-19,8.49
USG-102198,EQ-1059,OP-210,2023-02-21,5.57
USG-102199,EQ-1004,OP-237,2023-12-27,2.07
USG-102200,EQ-1043,OP-251,2024-01-03,4.81
USG-102201,EQ-1068,OP-210,2023-12-16,6.77
USG-102202,EQ-1034,OP-240,2024-02-06,10.66
USG-102203,EQ-1040,OP-206,2023-02-10,10.56
USG-102204,EQ-1088,OP-275,2023-05-13,5.07
USG-102205,EQ-1011,OP-263,2023-02-21,10.37
USG-102206,EQ-1140,OP-245,2023-12-29,8.26
USG-102207,EQ-1016,OP-250,2023-05-28,11.68
USG-102208,EQ-1003,OP-274,2023-02-03,11.35
USG-102209,EQ-1109,OP-278,2023-12-24,2.26
USG-102210,EQ-1024,OP-243,2024-03-26,11.58
USG-102211,EQ-1062,OP-272,2023-06-24,2.24
USG-102212,EQ-1124,OP-273,2023-01-07,6.0
USG-102213,EQ-1140,OP-269,2023-07-18,1.96
USG-102214,EQ-1061,OP-264,2023-05-17,10.84
USG-102215,EQ-1049,OP-236,2023-06-07,5.44
USG-102216,EQ-1000,OP-258,2023-07-13,5.01
USG-102218,EQ-1100,OP-213,2023-08-24,2.14
USG-102219,EQ-1146,OP-219,2023-04-23,10.49
USG-102220,EQ-1008,OP-253,2024-03-05,1.56
USG-102221,EQ-1138,OP-252,2023-09-19,6.77
USG-102222,EQ-1029,OP-250,2023-08-16,11.24
USG-102223,EQ-1085,OP-258,2023-06-21,7.34
USG-102224,EQ-1115,OP-272,2024-03-16,9.24
USG-102225,EQ-1079,OP-205,2023-04-29,8.55
USG-102226,EQ-1002,OP-218,2023-08-23,2.32
USG-102227,EQ-1118,OP-276,2023-06-03,2.45
USG-102228,EQ-1041,OP-270,2023-01-04,11.55
USG-102229,EQ-1043,OP-267,2024-02-07,6.63
USG-102231,EQ-1140,OP-275,2024-03-26,8.75
USG-102232,EQ-1024,OP-266,2023-01-23,9.62
USG-102233,EQ-1122,OP-277,2024-03-15,5.44
USG-102234,EQ-1130,OP-261,2024-04-05,4.98
USG-102235,EQ-1013,OP-265,2023-03-12,3.21
USG-102236,EQ-1141,OP-237,2023-10-02,11.78
USG-102237,EQ-1039,OP-211,2023-05-23,8.38
USG-102238,EQ-1134,OP-208,2023-08-04,7.56
USG-102239,EQ-1002,OP-201,2023-07-03,2.03
USG-102240,EQ-1038,OP-216,2023-03-08,10.43
USG-102241,EQ-1026,OP-224,2023-01-22,6.79
USG-102242,EQ-1012,OP-250,2023-11-04,2.1
USG-102243,EQ-1059,OP-256,2023-08-22,7.64
USG-102244,EQ-1057,OP-209,2023-12-17,7.78
USG-102245,EQ-1018,OP-248,2024-03-18,3.17
USG-102246,EQ-1135,OP-203,2023-05-15,7.18
USG-102248,EQ-1003,OP-246,2023-07-27,10.33
USG-102249,EQ-1100,OP-205,2023-07-16,3.11
USG-102250,EQ-1100,OP-207,2023-06-05,9.72
USG-102251,EQ-1009,OP-255,2023-07-20,7.85
USG-102252,EQ-1057,OP-244,2023-01-05,3.26
USG-102253,EQ-1043,OP-255,2024-03-27,11.67
USG-102254,EQ-1105,OP-243,2024-04-26,4.3
USG-102255,EQ-1131,OP-205,2023-10-01,7.74
USG-102256,EQ-1025,OP-252,2023-03-17,11.03
USG-102257,EQ-1146,OP-233,2023-04-23,4.01
USG-102258,EQ-1072,OP-223,2024-03-31,6.77
USG-102259,EQ-1057,OP-225,2024-05-01,4.03
USG-102260,EQ-1093,OP-267,2023-09-13,9.05
USG-102261,EQ-1119,OP-249,2024-04-14,6.74
USG-102262,EQ-1102,OP-234,2024-01-05,8.18
USG-102263,EQ-1092,OP-255,2023-07-09,4.34
USG-102264,EQ-1128,OP-208,2023-08-09,2.33
USG-102265,EQ-1094,OP-201,2023-10-21,7.99
USG-102266,EQ-1130,OP-243,2023-04-05,4.89
USG-102267,EQ-1147,OP-238,2024-03-08,11.19
USG-102269,EQ-1073,OP-233,2023-11-30,9.82
USG-102270,EQ-1106,OP-238,2024-02-02,9.04
USG-102272,EQ-1031,OP-267,2024-02-25,11.29
USG-102273,EQ-1140,OP-271,2023-05-24,10.06
USG-102274,EQ-1045,OP-264,2024-02-13,8.64
USG-102275,EQ-1127,OP-263,2023-04-10,8.31
USG-102276,EQ-1006,OP-252,2024-02-12,3.05
USG-102277,EQ-1118,OP-273,2023-08-09,3.48
USG-102278,EQ-1028,OP-207,2023-11-27,8.11
USG-102279,EQ-1039,OP-268,2023-02-02,4.92
USG-102280,EQ-1011,OP-219,2023-09-05,2.84
USG-102281,EQ-1081,OP-224,2023-03-03,3.88
USG-102282,EQ-1031,OP-227,2024-01-26,8.79
USG-102283,EQ-1042,OP-225,2023-03-04,5.19
USG-102284,EQ-1100,OP-203,2023-11-04,8.13
USG-102285,EQ-1063,OP-247,2024-05-09,10.53
USG-102286,EQ-1060,OP-219,2023-11-24,3.88
USG-102287,EQ-1133,OP-222,2023-01-01,8.76
USG-102288,EQ-1056,OP-228,2023-03-08,6.83
USG-102289,EQ-1120,OP-206,2023-10-10,6.77
USG-102290,EQ-1127,OP-215,2024-01-27,10.46
USG-102291,EQ-1025,OP-UNKNOWN,2023-03-05,8.27
USG-102292,EQ-1141,OP-271,2023-12-14,8.91
USG-102293,EQ-1126,OP-255,2024-04-17,10.53
USG-102294,EQ-1122,OP-256,2024-01-21,11.79
USG-102295,EQ-1039,OP-220,2024-04-15,6.77
USG-102296,EQ-1074,OP-219,2023-06-27,9.28
USG-102297,EQ-1047,OP-245,2023-07-27,10.83
USG-102298,EQ-1086,OP-206,2024-04-05,8.17
USG-102299,EQ-1062,OP-214,2023-09-30,9.83
USG-102300,EQ-1060,OP-UNKNOWN,2023-12-09,11.47
USG-102301,EQ-1143,OP-201,2024-03-30,5.55
USG-102302,EQ-1014,OP-236,2023-12-06,9.06
USG-102303,EQ-1098,OP-235,2024-02-09,4.14
USG-102305,EQ-1087,OP-234,2023-01-09,7.55
USG-102306,EQ-1054,OP-257,2023-10-08,2.13
USG-102307,EQ-1035,OP-UNKNOWN,2023-03-28,1.66
USG-102308,EQ-1127,OP-211,2023-03-18,7.5
USG-102309,EQ-1110,OP-279,2023-07-26,6.27
USG-102310,EQ-1133,OP-209,2023-03-26,3.93
USG-102311,EQ-1047,OP-249,2023-12-12,5.06
USG-102312,EQ-1135,OP-260,2023-11-29,10.33
USG-102314,EQ-1048,OP-265,2023-12-11,5.02
USG-102315,EQ-1037,OP-215,2023-10-28,9.63
USG-102316,EQ-1096,OP-236,2023-10-16,4.48
USG-102318,EQ-1111,OP-238,2023-10-21,4.75
USG-102319,EQ-1107,OP-249,2024-03-31,1.85
USG-102320,EQ-1008,OP-231,2023-06-30,3.59
USG-102321,EQ-1098,OP-272,2023-08-07,6.13
USG-102322,EQ-1144,OP-217,2023-10-19,3.66
USG-102323,EQ-1119,OP-222,2023-07-08,3.19
USG-102324,EQ-1052,OP-230,2023-02-10,11.12
USG-102325,EQ-1143,OP-242,2023-11-10,5.85
USG-102326,EQ-1076,OP-233,2024-03-23,9.33
USG-102327,EQ-1065,OP-239,2023-11-10,7.84
USG-102328,EQ-1062,OP-233,2023-05-22,7.54
USG-102329,EQ-1104,OP-267,2024-01-24,7.39
USG-102330,EQ-1012,OP-264,2023-08-04,9.1
USG-102331,EQ-1147,OP-268,2023-11-25,10.51
USG-102332,EQ-1063,OP-201,2024-04-02,2.14
USG-102333,EQ-1122,OP-261,2023-06-17,5.15
USG-102334,EQ-1105,OP-260,2024-02-14,2.82
USG-102335,EQ-1010,OP-272,2023-08-10,2.17
USG-102336,EQ-1057,OP-203,2023-03-14,2.62
USG-102337,EQ-1052,OP-259,2023-06-20,7.05
USG-102338,EQ-1048,OP-243,2023-11-18,1.52
USG-102339,EQ-1020,OP-278,2023-04-22,5.29
USG-102340,EQ-1066,OP-250,2023-07-18,6.77
USG-102341,EQ-1140,OP-226,2023-06-01,5.78
USG-102342,EQ-1034,OP-231,2023-04-10,4.28
USG-102343,EQ-1027,OP-UNKNOWN,2023-04-29,5.86
USG-102344,EQ-1101,OP-269,2024-01-03,10.97
USG-102345,EQ-1080,OP-218,2023-10-19,7.62
USG-102346,EQ-1022,OP-262,2023-08-13,6.77
USG-102347,EQ-1009,OP-240,2023-01-30,9.81
USG-102348,EQ-1012,OP-271,2023-11-09,5.05
USG-102349,EQ-1086,OP-220,2023-04-12,3.11
USG-102350,EQ-1002,OP-217,2023-06-19,3.76
USG-102351,EQ-1058,OP-225,2023-05-10,9.21
USG-102352,EQ-1109,OP-246,2024-04-22,5.98
USG-102353,EQ-1088,OP-240,2023-05-08,6.77
USG-102354,EQ-1094,OP-210,2024-04-27,9.21
USG-102355,EQ-1066,OP-221,2023-01-05,11.14
USG-102356,EQ-1011,OP-237,2023-08-23,7.61
USG-102357,EQ-1004,OP-220,2024-05-05,4.57
USG-102358,EQ-1014,OP-252,2024-04-14,7.24
USG-102359,EQ-1026,OP-260,2023-11-25,10.16
USG-102360,EQ-1046,OP-206,2023-07-17,7.14
USG-102361,EQ-1039,OP-260,2023-11-19,11.28
USG-102362,EQ-1081,OP-274,2024-02-05,9.46
USG-102363,EQ-1065,OP-218,2024-04-29,3.47
USG-102365,EQ-1131,OP-244,2023-12-19,9.3
USG-102366,EQ-1018,OP-206,2024-03-17,1.88
USG-102367,EQ-1057,OP-245,2023-02-23,4.14
USG-102369,EQ-1065,OP-271,2023-08-21,6.77
USG-102370,EQ-1038,OP-248,2023-04-01,10.01
USG-102371,EQ-1097,OP-224,2024-04-10,8.77
USG-102372,EQ-1051,OP-237,2023-06-04,1.69
USG-102373,EQ-1132,OP-276,2023-10-25,6.77
USG-102374,EQ-1042,OP-UNKNOWN,2023-07-11,6.83
USG-102375,EQ-1080,OP-257,2023-09-12,3.41
USG-102376,EQ-1053,OP-276,2024-01-15,3.44
USG-102377,EQ-1121,OP-221,2023-03-23,1.68
USG-102378,EQ-1102,OP-210,2023-03-14,8.37
USG-102379,EQ-1040,OP-236,2023-03-01,11.53
USG-102380,EQ-1055,OP-275,2023-06-12,7.61
USG-102381,EQ-1062,OP-219,2023-11-27,9.09
USG-102382,EQ-1046,OP-248,2023-02-08,6.9
USG-102383,EQ-1141,OP-224,2023-04-15,7.15
USG-102384,EQ-1011,OP-268,2024-03-12,3.15
USG-102385,EQ-1021,OP-219,2023-02-18,2.3
USG-102386,EQ-1130,OP-214,2023-12-31,6.07
USG-102387,EQ-1127,OP-238,2024-02-04,2.65
USG-102388,EQ-1142,OP-249,2023-06-08,10.29
USG-102389,EQ-1010,OP-222,2023-10-19,6.73
USG-102390,EQ-1122,OP-240,2023-09-24,5.57
USG-102391,EQ-1102,OP-215,2023-11-02,4.61
USG-102392,EQ-1036,OP-255,2024-02-19,6.77
USG-102393,EQ-1078,OP-205,2023-05-26,3.78
USG-102394,EQ-1072,OP-265,2024-04-14,8.85
USG-102395,EQ-1120,OP-257,2023-03-20,7.9
USG-102396,EQ-1071,OP-267,2023-02-19,3.59
USG-102397,EQ-1005,OP-255,2023-08-05,9.32
USG-102398,EQ-1015,OP-UNKNOWN,2024-04-24,5.03
USG-102399,EQ-1048,OP-200,2023-06-14,3.38
USG-102400,EQ-1135,OP-270,2023-12-30,8.74
USG-102401,EQ-1043,OP-272,2024-01-28,6.77
USG-102402,EQ-1110,OP-258,2024-01-23,3.88
USG-102403,EQ-1052,OP-264,2023-11-09,10.77
USG-102404,EQ-1123,OP-210,2023-09-16,8.13
USG-102405,EQ-1103,OP-258,2023-02-23,11.63
USG-102406,EQ-1019,OP-264,2024-02-10,9.03
USG-102407,EQ-1138,OP-228,2023-06-28,7.8
USG-102408,EQ-1135,OP-202,2023-07-27,5.55
USG-102409,EQ-1108,OP-247,2024-02-27,6.77
USG-102410,EQ-1137,OP-234,2023-05-07,6.4
USG-102412,EQ-1063,OP-238,2023-06-29,8.59
USG-102413,EQ-1038,OP-248,2023-07-08,7.11
USG-102414,EQ-1090,OP-212,2023-03-12,7.98
USG-102415,EQ-1041,OP-228,2023-11-05,8.18
USG-102416,EQ-1076,OP-274,2024-03-17,8.09
USG-102417,EQ-1105,OP-238,2023-02-02,5.66
USG-102418,EQ-1000,OP-276,2023-08-23,4.18
USG-102419,EQ-1146,OP-235,2023-02-08,7.89
USG-102420,EQ-1077,OP-259,2023-05-05,11.41
USG-102421,EQ-1102,OP-268,2024-02-18,4.58
USG-102422,EQ-1007,OP-240,2023-01-06,8.22
USG-102423,EQ-1002,OP-221,2023-03-02,3.22
USG-102424,EQ-1117,OP-251,2023-05-29,1.69
USG-102425,EQ-1069,OP-232,2023-07-03,1.51
USG-102426,EQ-1146,OP-205,2023-06-18,7.18
USG-102427,EQ-1121,OP-213,2023-10-11,3.98
USG-102428,EQ-1114,OP-201,2023-01-25,6.77
USG-102429,EQ-1099,OP-251,2023-02-22,7.76
USG-102430,EQ-1004,OP-245,2023-07-18,9.56
USG-102431,EQ-1112,OP-237,2023-08-10,6.77
USG-102432,EQ-1004,OP-267,2023-08-30,9.94
USG-102433,EQ-1052,OP-215,2023-01-25,4.68
USG-102434,EQ-1033,OP-205,2023-07-21,11.52
USG-102435,EQ-1102,OP-247,2023-03-26,6.77
USG-102436,EQ-1032,OP-244,2023-11-09,2.94
USG-102437,EQ-1045,OP-223,2023-03-05,3.76
USG-102438,EQ-1075,OP-203,2023-05-13,5.58
USG-102439,EQ-1083,OP-228,2023-11-04,10.41
USG-102440,EQ-1136,OP-200,2023-09-08,4.52
USG-102441,EQ-1055,OP-276,2023-01-29,2.84
USG-102442,EQ-1023,OP-208,2024-04-20,11.19
USG-102443,EQ-1118,OP-254,2024-01-31,9.18
USG-102444,EQ-1142,OP-241,2023-10-11,8.52
USG-102445,EQ-1088,OP-240,2023-02-21,4.94
USG-102446,EQ-1021,OP-207,2023-06-22,8.19
USG-102447,EQ-1023,OP-258,2023-06-07,5.34
USG-102448,EQ-1036,OP-267,2024-01-10,2.68
USG-102449,EQ-1118,OP-274,2023-06-03,6.32
USG-102450,EQ-1052,OP-229,2023-09-08,6.77
USG-102451,EQ-1135,OP-210,2024-03-23,4.02
USG-102452,EQ-1046,OP-204,2023-09-20,3.34
USG-102453,EQ-1017,OP-222,2023-09-03,4.5
USG-102454,EQ-1047,OP-208,2023-06-10,4.71
USG-102455,EQ-1054,OP-228,2023-09-05,2.03
USG-102456,EQ-1027,OP-261,2023-04-07,6.71
USG-102457,EQ-1113,OP-220,2023-10-31,2.19
USG-102458,EQ-1053,OP-217,2023-10-28,5.45
USG-102459,EQ-1067,OP-243,2023-01-27,9.8
USG-102460,EQ-1028,OP-276,2023-10-11,1.68
USG-102461,EQ-1087,OP-210,2023-10-04,4.55
USG-102462,EQ-1075,OP-265,2024-02-02,11.36
USG-102463,EQ-1117,OP-256,2023-03-29,10.15
USG-102464,EQ-1084,OP-273,2023-06-28,6.94
USG-102465,EQ-1013,OP-209,2023-08-14,7.16
USG-102466,EQ-1018,OP-238,2023-09-28,11.03
USG-102467,EQ-1020,OP-242,2024-01-20,11.64
USG-102468,EQ-1025,OP-226,2023-08-06,6.99
USG-102469,EQ-1133,OP-223,2024-01-07,6.77
USG-102470,EQ-1087,OP-268,2023-02-28,7.9
USG-102471,EQ-1137,OP-243,2023-10-23,9.25
USG-102473,EQ-1143,OP-254,2023-10-27,5.42
USG-102474,EQ-1080,OP-268,2024-01-20,11.59
USG-102476,EQ-1149,OP-231,2024-05-05,7.52
USG-102477,EQ-1034,OP-240,2023-06-28,1.94
USG-102479,EQ-1015,OP-238,2023-04-19,2.23
USG-102480,EQ-1135,OP-248,2024-01-23,2.33
USG-102481,EQ-1130,OP-251,2023-10-18,9.88
USG-102482,EQ-1001,OP-269,2023-06-14,10.34
USG-102483,EQ-1093,OP-237,2023-08-19,5.01
USG-102484,EQ-1096,OP-262,2023-10-18,10.71
USG-102485,EQ-1074,OP-278,2023-01-22,11.07
USG-102486,EQ-1046,OP-220,2023-10-06,8.33
USG-102487,EQ-1087,OP-237,2023-04-01,4.18
USG-102488,EQ-1105,OP-213,2023-11-16,11.46
USG-102489,EQ-1052,OP-238,2023-07-29,6.77
USG-102490,EQ-1031,OP-271,2023-07-10,3.75
USG-102491,EQ-1124,OP-254,2023-03-10,2.58
USG-102492,EQ-1069,OP-267,2024-01-22,9.84
USG-102493,EQ-1147,OP-205,2023-08-03,9.44
USG-102494,EQ-1000,OP-222,2023-09-16,11.35
USG-102495,EQ-1069,OP-244,2023-02-27,10.23
USG-102496,EQ-1116,OP-262,2023-03-05,1.72
USG-102498,EQ-1008,OP-226,2023-10-30,2.18
USG-102499,EQ-1140,OP-245,2024-05-07,3.75
USG-102500,EQ-1121,OP-232,2023-02-18,6.77
USG-102502,EQ-1139,OP-217,2023-06-28,1.91
USG-102504,EQ-1115,OP-200,2023-05-18,6.77
USG-102505,EQ-1126,OP-234,2023-02-21,5.4
USG-102506,EQ-1141,OP-207,2023-11-15,2.54
USG-102507,EQ-1036,OP-235,2023-10-06,6.77
USG-102508,EQ-1142,OP-249,2023-05-11,3.65
USG-102509,EQ-1020,OP-238,2024-02-11,4.28
USG-102510,EQ-1054,OP-212,2023-02-25,1.87
USG-102511,EQ-1134,OP-248,2023-04-21,6.77
USG-102512,EQ-1114,OP-221,2023-01-29,1.87
USG-102513,EQ-1060,OP-253,2024-01-05,3.56
USG-102514,EQ-1149,OP-243,2023-08-27,2.13
USG-102515,EQ-1034,OP-272,2024-09-05,3.77
USG-102516,EQ-1048,OP-204,2023-12-02,2.65
USG-102517,EQ-1097,OP-265,2023-08-30,6.7
USG-102518,EQ-1006,OP-232,2023-06-11,4.43
USG-102519,EQ-1028,OP-214,2023-10-19,11.63
USG-102520,EQ-1001,OP-239,2023-05-06,3.02
USG-102521,EQ-1077,OP-216,2023-04-05,5.67
USG-102522,EQ-1046,OP-275,2023-05-19,9.19
USG-102523,EQ-1004,OP-239,2024-01-15,6.48
USG-102524,EQ-1005,OP-223,2023-08-04,2.49
USG-102525,EQ-1120,OP-259,2023-11-05,1.75
USG-102526,EQ-1034,OP-244,2024-02-28,5.18
USG-102528,EQ-1023,OP-255,2023-10-04,8.88
USG-102529,EQ-1137,OP-232,2023-09-03,11.04
USG-102530,EQ-1107,OP-259,2023-07-14,6.75
USG-102531,EQ-1116,OP-265,2024-01-19,7.35
USG-102532,EQ-1144,OP-204,2023-09-09,2.87
USG-102533,EQ-1011,OP-273,2024-01-13,10.15
USG-102534,EQ-1051,OP-216,2024-03-02,3.92
USG-102535,EQ-1130,OP-257,2024-04-28,2.73
USG-102536,EQ-1135,OP-235,2023-08-10,1.6
USG-102537,EQ-1042,OP-262,2023-12-18,1.65
USG-102538,EQ-1000,OP-227,2023-01-02,6.77
USG-102539,EQ-1063,OP-251,2023-08-21,1.55
USG-102540,EQ-1146,OP-272,2023-02-16,9.88
USG-102541,EQ-1023,OP-219,2024-02-25,3.62
USG-102542,EQ-1148,OP-273,2024-01-08,1.97
USG-102544,EQ-1099,OP-206,2023-01-12,11.71
USG-102547,EQ-1084,OP-273,2024-05-07,1.69
USG-102548,EQ-1003,OP-226,2023-06-15,5.82
USG-102549,EQ-1096,OP-277,2023-11-02,8.89
USG-102550,EQ-1110,OP-206,2023-02-18,10.75
USG-102552,EQ-1131,OP-236,2024-10-05,5.61
USG-102553,EQ-1088,OP-208,2023-09-12,2.93
USG-102554,EQ-1091,OP-224,2023-07-30,3.83
USG-102555,EQ-1004,OP-UNKNOWN,2023-02-14,9.6
USG-102557,EQ-1083,OP-202,2023-05-27,2.7
USG-102558,EQ-1118,OP-228,2023-01-29,2.06
USG-102559,EQ-1062,OP-258,2023-02-14,9.33
USG-102560,EQ-1032,OP-254,2023-02-05,8.38
USG-102561,EQ-1136,OP-201,2023-09-12,4.91
USG-102562,EQ-1066,OP-205,2024-05-11,10.89
USG-102563,EQ-1107,OP-238,2023-07-16,6.77
USG-102564,EQ-1085,OP-246,2023-09-13,11.82
USG-102565,EQ-1079,OP-219,2023-05-13,5.93
USG-102566,EQ-1104,OP-220,2024-04-26,8.63
USG-102567,EQ-1046,OP-200,2023-09-18,10.0
USG-102568,EQ-1102,OP-216,2023-05-22,8.02
USG-102569,EQ-1104,OP-256,2023-09-19,8.05
USG-102570,EQ-1020,OP-274,2023-01-31,1.88
USG-102571,EQ-1027,OP-238,2023-09-14,11.72
USG-102572,EQ-1080,OP-226,2023-06-07,10.73
USG-102574,EQ-1091,OP-232,2023-10-22,6.77
USG-102575,EQ-1070,OP-211,2024-01-28,7.93
USG-102576,EQ-1139,OP-267,2023-03-17,6.77
USG-102577,EQ-1059,OP-243,2023-12-13,10.68
USG-102578,EQ-1045,OP-267,2023-09-22,7.14
USG-102579,EQ-1103,OP-202,2023-06-27,11.93
USG-102580,EQ-1041,OP-247,2023-06-09,2.36
USG-102581,EQ-1063,OP-215,2023-12-29,9.31
USG-102582,EQ-1001,OP-230,2023-09-12,8.24
USG-102583,EQ-1013,OP-225,2023-03-25,2.6
USG-102584,EQ-1012,OP-235,2023-01-17,11.15
USG-102586,EQ-1011,OP-213,2024-03-28,11.24
USG-102587,EQ-1090,OP-278,2024-05-15,6.77
USG-102588,EQ-1025,OP-236,2024-03-08,7.0
USG-102589,EQ-1002,OP-209,2023-04-16,5.05
USG-102590,EQ-1030,OP-221,2023-10-13,6.16
USG-102591,EQ-1120,OP-259,2023-11-03,6.41
USG-102592,EQ-1027,OP-270,2023-12-20,6.43
USG-102593,EQ-1033,OP-276,2024-03-26,5.53
USG-102594,EQ-1030,OP-262,2023-06-23,6.77
USG-102595,EQ-1143,OP-200,2023-04-04,8.57
USG-102596,EQ-1093,OP-259,2024-03-19,6.77
USG-102597,EQ-1065,OP-237,2023-04-10,10.7
USG-102598,EQ-1041,OP-215,2023-07-20,5.54
USG-102599,EQ-1097,OP-258,2023-05-13,5.58
USG-102602,EQ-1018,OP-UNKNOWN,2024-04-20,1.99
USG-102603,EQ-1133,OP-220,2023-05-25,8.8
USG-102604,EQ-1056,OP-236,2023-10-05,3.81
USG-102606,EQ-1037,OP-209,2023-07-13,9.98
USG-102607,EQ-1099,OP-251,2024-01-01,10.61
USG-102609,EQ-1070,OP-253,2023-05-13,6.81
USG-102610,EQ-1108,OP-215,2023-06-13,4.87
USG-102611,EQ-1028,OP-209,2024-04-08,9.98
USG-102613,EQ-1011,OP-276,2023-08-25,1.7
USG-102614,EQ-1074,OP-247,2024-01-31,6.42
USG-102615,EQ-1016,OP-203,2023-08-24,6.37
USG-102616,EQ-1067,OP-261,2023-09-30,6.55
USG-102617,EQ-1055,OP-240,2023-06-07,9.65
USG-102618,EQ-1075,OP-238,2023-09-15,8.55
USG-102619,EQ-1041,OP-242,2023-05-13,7.04
USG-102620,EQ-1115,OP-266,2024-03-02,6.77
USG-102621,EQ-1064,OP-257,2023-12-01,3.01
USG-102622,EQ-1052,OP-226,2024-01-08,6.5
USG-102623,EQ-1091,OP-227,2024-04-02,10.28
USG-102624,EQ-1104,OP-203,2024-02-13,6.99
USG-102625,EQ-1059,OP-242,2024-02-04,1.56
USG-102626,EQ-1134,OP-277,2024-01-31,5.89
USG-102627,EQ-1083,OP-257,2023-08-08,4.8
USG-102628,EQ-1082,OP-207,2024-01-13,6.37
USG-102629,EQ-1088,OP-255,2024-03-11,1.79
USG-102630,EQ-1134,OP-223,2023-09-02,10.29
USG-102631,EQ-1052,OP-222,2023-03-31,2.58
USG-102632,EQ-1118,OP-262,2023-08-07,2.62
USG-102635,EQ-1045,OP-223,2024-01-18,7.47
USG-102636,EQ-1024,OP-234,2023-04-05,10.2
USG-102637,EQ-1139,OP-209,2023-08-19,1.7
USG-102638,EQ-1020,OP-224,2023-08-17,6.77
USG-102639,EQ-1002,OP-237,2023-10-26,10.27
USG-102641,EQ-1113,OP-230,2024-04-13,11.56
USG-102642,EQ-1101,OP-241,2023-05-14,7.97
USG-102643,EQ-1140,OP-277,2023-04-23,6.35
USG-102644,EQ-1126,OP-211,2023-03-23,5.57
USG-102645,EQ-1012,OP-272,2024-02-23,6.02
USG-102646,EQ-1101,OP-221,2023-08-21,4.69
USG-102647,EQ-1125,OP-275,2023-11-07,6.81
USG-102648,EQ-1077,OP-253,2024-01-19,5.83
USG-102649,EQ-1043,OP-201,2023-12-07,11.58
USG-102650,EQ-1011,OP-209,2024-04-07,4.64
USG-102651,EQ-1008,OP-269,2023-10-21,3.32
USG-102652,EQ-1049,OP-222,2023-01-04,2.21
USG-102653,EQ-1095,OP-242,2023-06-26,6.77
USG-102654,EQ-1057,OP-236,2023-06-18,1.85
USG-102655,EQ-1148,OP-270,2024-02-18,3.69
USG-102656,EQ-1062,OP-220,2023-05-31,3.21
USG-102657,EQ-1001,OP-203,2023-06-27,12.0
USG-102658,EQ-1032,OP-234,2024-01-21,7.59
USG-102659,EQ-1085,OP-250,2023-06-10,7.96
USG-102660,EQ-1030,OP-263,2023-07-25,4.74
USG-102661,EQ-1040,OP-201,2023-07-16,4.32
USG-102662,EQ-1052,OP-243,2023-11-15,2.89
USG-102663,EQ-1019,OP-212,2023-09-04,2.85
USG-102664,EQ-1070,OP-219,2023-12-08,5.69
USG-102665,EQ-1036,OP-279,2023-08-06,3.9
USG-102667,EQ-1027,OP-229,2024-03-16,6.77
USG-102668,EQ-1053,OP-217,2023-02-21,4.0
USG-102669,EQ-1132,OP-262,2024-04-14,4.24
USG-102670,EQ-1032,OP-232,2024-03-16,6.77
USG-102671,EQ-1065,OP-241,2023-12-25,7.7
USG-102672,EQ-1001,OP-269,2023-09-05,8.16
USG-102673,EQ-1050,OP-230,2024-01-23,7.36
USG-102674,EQ-1091,OP-207,2023-03-26,8.49
USG-102675,EQ-1070,OP-266,2023-06-20,5.27
USG-102676,EQ-1049,OP-269,2023-03-29,6.09
USG-102677,EQ-1034,OP-222,2023-01-10,6.56
USG-102678,EQ-1043,OP-227,2024-03-17,9.24
USG-102679,EQ-1149,OP-271,2023-03-23,1.59
USG-102680,EQ-1046,OP-251,2023-03-28,6.2
USG-102681,EQ-1048,OP-232,2024-03-26,6.77
USG-102682,EQ-1043,OP-231,2024-04-17,7.52
USG-102683,EQ-1003,OP-253,2023-07-21,1.92
USG-102684,EQ-1000,OP-243,2024-02-28,5.29
USG-102685,EQ-1017,OP-236,2023-11-28,7.95
USG-102686,EQ-1021,OP-231,2023-07-09,3.37
USG-102687,EQ-1118,OP-275,2023-04-24,6.77
USG-102688,EQ-1005,OP-218,2023-08-25,6.77
USG-102689,EQ-1102,OP-253,2024-03-01,6.08
USG-102690,EQ-1072,OP-267,2024-01-01,6.77
USG-102691,EQ-1058,OP-225,2023-05-19,5.97
USG-102692,EQ-1057,OP-226,2024-03-20,2.7
USG-102693,EQ-1066,OP-211,2024-05-09,3.6
USG-102694,EQ-1089,OP-236,2023-03-01,3.38
USG-102695,EQ-1099,OP-261,2024-05-01,1.83
USG-102696,EQ-1053,OP-277,2023-05-30,10.1
USG-102697,EQ-1017,OP-243,2023-02-21,11.98
USG-102698,EQ-1126,OP-272,2023-04-07,1.93
USG-102699,EQ-1143,OP-239,2023-05-17,6.77
USG-102700,EQ-1056,OP-254,2024-02-04,10.15
USG-102701,EQ-1114,OP-201,2023-03-26,7.13
USG-102702,EQ-1096,OP-217,2023-08-03,6.77
USG-102703,EQ-1044,OP-255,2024-01-11,6.77
USG-102705,EQ-1068,OP-250,2024-01-07,7.69
USG-102707,EQ-1105,OP-237,2023-04-24,6.99
USG-102708,EQ-1117,OP-248,2023-02-12,8.34
USG-102709,EQ-1106,OP-253,2024-03-10,5.57
USG-102710,EQ-1141,OP-208,2023-07-08,2.41
USG-102711,EQ-1132,OP-273,2023-01-18,6.49
USG-102712,EQ-1147,OP-201,2024-02-02,8.82
USG-102713,EQ-1143,OP-237,2024-05-14,10.76
USG-102714,EQ-1009,OP-231,2023-08-16,6.85
USG-102715,EQ-1101,OP-256,2023-12-07,6.45
USG-102716,EQ-1030,OP-217,2023-04-04,10.82
USG-102717,EQ-1147,OP-210,2023-11-11,6.83
USG-102718,EQ-1084,OP-242,2023-12-13,5.57
USG-102719,EQ-1146,OP-238,2023-12-15,8.78
USG-102720,EQ-1128,OP-251,2023-01-13,11.94
USG-102721,EQ-1005,OP-238,2023-10-20,8.79
USG-102722,EQ-1143,OP-209,2023-10-07,6.15
USG-102723,EQ-1052,OP-207,2024-01-26,7.57
USG-102724,EQ-1003,OP-274,2023-10-25,10.31
USG-102727,EQ-1078,OP-221,2023-07-27,3.67
USG-102728,EQ-1137,OP-230,2024-05-12,3.99
USG-102729,EQ-1004,OP-245,2024-02-01,6.22
USG-102730,EQ-1045,OP-243,2024-02-24,5.36
USG-102731,EQ-1135,OP-234,2023-04-29,9.65
USG-102732,EQ-1062,OP-218,2024-02-05,9.27
USG-102733,EQ-1137,OP-260,2023-09-15,6.77
USG-102734,EQ-1069,OP-214,2023-06-25,10.57
USG-102735,EQ-1013,OP-232,2024-03-27,8.41
USG-102736,EQ-1130,OP-200,2023-04-13,2.7
USG-102737,EQ-1039,OP-238,2023-01-22,6.77
USG-102738,EQ-1138,OP-208,2023-08-21,3.24
USG-102739,EQ-1140,OP-237,2024-03-02,9.4
USG-102740,EQ-1004,OP-266,2023-09-17,11.49
USG-102741,EQ-1119,OP-211,2023-02-08,6.77
USG-102743,EQ-1142,OP-217,2024-06-03,6.29
USG-102744,EQ-1044,OP-253,2023-04-10,4.45
USG-102745,EQ-1097,OP-223,2023-11-25,8.64
USG-102746,EQ-1001,OP-201,2024-01-12,11.27
USG-102747,EQ-1041,OP-247,2023-04-21,6.77
USG-102748,EQ-1039,OP-258,2023-07-06,11.05
USG-102749,EQ-1103,OP-207,2023-05-08,6.21
USG-102750,EQ-1075,OP-240,2023-03-10,4.74
USG-102751,EQ-1056,OP-254,2023-05-11,6.77
USG-102752,EQ-1112,OP-235,2023-12-14,5.7
USG-102753,EQ-1130,OP-215,2023-06-30,11.98
USG-102754,EQ-1094,OP-251,2023-07-30,2.84
USG-102755,EQ-1097,OP-259,2023-11-06,5.78
USG-102756,EQ-1033,OP-239,2023-10-18,10.48
USG-102757,EQ-1044,OP-206,2024-05-02,5.56
USG-102758,EQ-1105,OP-216,2023-01-06,11.65
USG-102759,EQ-1145,OP-222,2023-04-07,11.85
USG-102760,EQ-1039,OP-277,2024-02-10,3.76
USG-102761,EQ-1122,OP-251,2023-10-12,6.23
USG-102762,EQ-1111,OP-UNKNOWN,2023-03-04,2.01
USG-102763,EQ-1064,OP-231,2023-02-18,9.33
USG-102764,EQ-1021,OP-216,2023-07-26,6.77
USG-102765,EQ-1076,OP-259,2024-04-21,9.11
USG-102766,EQ-1078,OP-229,2024-12-03,11.33
USG-102767,EQ-1076,OP-226,2023-09-22,3.1
USG-102768,EQ-1139,OP-204,2023-10-30,4.94
USG-102769,EQ-1076,OP-217,2023-06-01,11.68
USG-102770,EQ-1014,OP-229,2023-06-22,6.77
USG-102771,EQ-1109,OP-213,2023-11-15,8.01
USG-102772,EQ-1145,OP-269,2024-04-16,8.31
USG-102773,EQ-1102,OP-200,2023-02-13,8.09
USG-102775,EQ-1074,OP-200,2023-06-08,6.65
USG-102776,EQ-1041,OP-209,2023-12-03,4.82
USG-102777,EQ-1003,OP-262,2023-09-11,6.71
USG-102778,EQ-1015,OP-211,2024-01-23,11.64
USG-102779,EQ-1085,OP-274,2023-11-02,6.91
USG-102780,EQ-1117,OP-238,2024-01-10,11.96
USG-102781,EQ-1114,OP-277,2023-01-01,1.77
USG-102782,EQ-1136,OP-216,2024-02-01,11.19
USG-102783,EQ-1120,OP-209,2024-02-03,6.77
USG-102784,EQ-1008,OP-271,2024-03-12,6.57
USG-102785,EQ-1042,OP-275,2023-06-27,3.52
USG-102786,EQ-1018,OP-245,2023-09-18,9.29
USG-102787,EQ-1024,OP-257,2023-05-14,5.62
USG-102788,EQ-1029,OP-206,2023-11-28,2.03
USG-102790,EQ-1004,OP-231,2023-11-06,3.07
USG-102791,EQ-1138,OP-226,2023-10-29,9.56
USG-102792,EQ-1010,OP-247,2024-04-13,8.69
USG-102793,EQ-1005,OP-268,2023-04-10,3.15
USG-102794,EQ-1023,OP-248,2023-05-25,3.67
USG-102795,EQ-1060,OP-253,2023-03-09,7.85
USG-102796,EQ-1067,OP-264,2024-04-09,6.77
USG-102797,EQ-1110,OP-264,2024-01-04,11.92
USG-102798,EQ-1043,OP-215,2023-11-03,10.31
USG-102799,EQ-1072,OP-210,2023-02-17,3.03
USG-102800,EQ-1025,OP-268,2023-05-22,5.1
USG-102801,EQ-1061,OP-215,2023-02-27,4.6
USG-102802,EQ-1040,OP-240,2023-04-26,1.57
USG-102803,EQ-1069,OP-235,2023-06-01,9.79
USG-102804,EQ-1035,OP-225,2023-02-10,6.77
USG-102805,EQ-1018,OP-273,2023-06-23,5.92
USG-102806,EQ-1099,OP-216,2024-03-22,8.88
USG-102807,EQ-1000,OP-201,2023-03-12,6.77
USG-102808,EQ-1004,OP-262,2024-02-21,3.77
USG-102809,EQ-1102,OP-206,2023-07-21,4.01
USG-102810,EQ-1094,OP-267,2024-03-30,6.0
USG-102811,EQ-1139,OP-201,2024-03-16,6.77
USG-102812,EQ-1042,OP-230,2023-11-24,1.74
USG-102813,EQ-1040,OP-258,2024-01-23,7.77
USG-102814,EQ-1028,OP-223,2024-05-11,6.77
USG-102815,EQ-1110,OP-259,2023-06-28,11.31
USG-102816,EQ-1065,OP-275,2024-05-02,9.35
USG-102817,EQ-1072,OP-242,2023-04-26,1.67
USG-102818,EQ-1140,OP-244,2023-11-19,10.81
USG-102819,EQ-1084,OP-251,2023-03-22,8.7
USG-102820,EQ-1126,OP-206,2023-06-11,3.96
USG-102821,EQ-1026,OP-217,2023-06-08,6.77
USG-102823,EQ-1016,OP-246,2023-01-14,8.65
USG-102824,EQ-1058,OP-211,2023-08-05,5.94
USG-102825,EQ-1112,OP-247,2023-03-08,3.7
USG-102826,EQ-1078,OP-233,2023-01-29,9.19
USG-102827,EQ-1024,OP-240,2023-12-22,7.63
USG-102828,EQ-1117,OP-210,2024-01-24,7.54
USG-102829,EQ-1076,OP-251,2023-10-25,10.79
USG-102830,EQ-1049,OP-277,2023-09-11,6.33
USG-102831,EQ-1001,OP-259,2023-01-26,11.94
USG-102832,EQ-1121,OP-211,2023-10-05,9.96
USG-102833,EQ-1047,OP-277,2023-07-04,3.49
USG-102834,EQ-1122,OP-217,2023-04-18,4.54
USG-102835,EQ-1143,OP-241,2023-05-03,11.32
USG-102836,EQ-1117,OP-275,2023-12-01,6.47
USG-102837,EQ-1040,OP-268,2024-03-20,2.93
USG-102838,EQ-1005,OP-232,2023-12-19,6.77
USG-102839,EQ-1058,OP-222,2023-09-22,11.6
USG-102840,EQ-1018,OP-267,2023-03-18,6.77
USG-102841,EQ-1084,OP-210,2023-06-18,2.83
USG-102842,EQ-1113,OP-272,2023-12-20,6.77
USG-102843,EQ-1056,OP-200,2024-01-02,11.84
USG-102844,EQ-1039,OP-255,2023-11-17,2.85
USG-102845,EQ-1119,OP-209,2023-08-01,11.58
USG-102846,EQ-1102,OP-261,2023-01-15,3.68
USG-102847,EQ-1060,OP-204,2023-06-21,6.79
USG-102848,EQ-1073,OP-204,2023-11-24,9.14
USG-102849,EQ-1126,OP-255,2023-08-31,3.25
USG-102850,EQ-1035,OP-200,2024-03-07,1.64
USG-102851,EQ-1103,OP-265,2023-12-06,9.84
USG-102852,EQ-1067,OP-209,2023-05-25,7.75
USG-102853,EQ-1053,OP-227,2023-10-28,6.59
USG-102854,EQ-1138,OP-276,2024-02-09,8.91
USG-102855,EQ-1080,OP-201,2024-03-19,8.45
USG-102856,EQ-1106,OP-255,2023-06-01,3.84
USG-102857,EQ-1097,OP-212,2023-03-22,11.31
USG-102858,EQ-1019,OP-213,2023-06-18,5.06
USG-102859,EQ-1001,OP-223,2023-12-17,11.87
USG-102860,EQ-1035,OP-275,2024-05-12,11.36
USG-102861,EQ-1041,OP-259,2024-01-18,10.4
USG-102862,EQ-1134,OP-216,2023-04-15,8.31
USG-102863,EQ-1139,OP-237,2023-02-04,6.77
USG-102864,EQ-1051,OP-232,2023-10-22,6.41
USG-102865,EQ-1137,OP-234,2023-07-20,6.91
USG-102866,EQ-1068,OP-249,2023-04-09,11.7
USG-102868,EQ-1106,OP-251,2023-09-03,5.24
USG-102869,EQ-1115,OP-252,2024-05-01,11.23
USG-102870,EQ-1082,OP-245,2024-03-30,11.64
USG-102871,EQ-1110,OP-200,2023-01-27,6.97
USG-102872,EQ-1135,OP-237,2023-12-16,6.77
USG-102873,EQ-1065,OP-219,2023-03-31,4.23
USG-102874,EQ-1120,OP-200,2023-03-15,3.62
USG-102875,EQ-1136,OP-202,2023-09-20,10.12
USG-102876,EQ-1016,OP-231,2023-07-29,4.63
USG-102877,EQ-1039,OP-265,2023-11-26,9.87
USG-102878,EQ-1012,OP-268,2023-04-25,10.66
USG-102879,EQ-1054,OP-274,2023-01-07,2.2
USG-102880,EQ-1124,OP-273,2024-03-25,5.03
USG-102881,EQ-1068,OP-246,2023-07-19,4.64
USG-102882,EQ-1118,OP-248,2024-01-20,6.85
USG-102883,EQ-1146,OP-228,2023-10-21,6.77
USG-102884,EQ-1140,OP-255,2023-01-01,4.34
USG-102885,EQ-1011,OP-211,2023-07-01,9.51
USG-102886,EQ-1071,OP-202,2023-08-28,1.93
USG-102887,EQ-1112,OP-260,2023-05-27,7.9
USG-102888,EQ-1029,OP-208,2023-09-20,11.93
USG-102889,EQ-1040,OP-264,2023-09-25,7.87
USG-102890,EQ-1133,OP-265,2024-02-17,5.91
USG-102891,EQ-1056,OP-254,2023-01-16,7.26
USG-102892,EQ-1071,OP-253,2024-03-05,3.7
USG-102893,EQ-1113,OP-200,2023-07-16,3.74
USG-102894,EQ-1022,OP-267,2024-04-17,6.42
USG-102895,EQ-1075,OP-248,2024-02-26,4.78
USG-102896,EQ-1005,OP-219,2023-05-01,3.81
USG-102897,EQ-1115,OP-274,2023-01-14,3.89
USG-102898,EQ-1146,OP-254,2023-06-11,9.0
USG-102899,EQ-1114,OP-270,2023-05-24,7.6
USG-102900,EQ-1018,OP-256,2023-08-04,7.73
USG-102901,EQ-1139,OP-205,2024-03-07,6.9
USG-102902,EQ-1016,OP-277,2023-01-30,6.85
USG-102903,EQ-1099,OP-270,2023-04-18,6.15
USG-102904,EQ-1005,OP-202,2023-12-17,6.77
USG-102905,EQ-1102,OP-223,2023-02-28,7.83
USG-102906,EQ-1085,OP-270,2024-03-25,11.25
USG-102907,EQ-1138,OP-249,2024-03-09,6.86
USG-102908,EQ-1006,OP-262,2023-01-04,9.48
USG-102909,EQ-1009,OP-206,2023-08-21,9.68
USG-102910,EQ-1036,OP-277,2024-04-02,8.92
USG-102911,EQ-1111,OP-277,2024-04-06,6.77
USG-102912,EQ-1011,OP-241,2023-08-24,6.94
USG-102913,EQ-1057,OP-224,2023-06-23,9.9
USG-102914,EQ-1025,OP-227,2023-02-21,1.95
USG-102915,EQ-1081,OP-204,2023-07-03,6.52
USG-102916,EQ-1056,OP-235,2023-05-15,6.85
USG-102917,EQ-1019,OP-239,2024-03-30,6.77
USG-102918,EQ-1026,OP-229,2024-05-15,2.02
USG-102919,EQ-1113,OP-250,2024-02-24,2.28
USG-102920,EQ-1112,OP-257,2023-11-13,6.77
USG-102921,EQ-1059,OP-238,2024-02-16,5.98
USG-102922,EQ-1105,OP-273,2024-02-19,11.89
USG-102923,EQ-1108,OP-254,2024-05-03,6.77
USG-102924,EQ-1034,OP-261,2023-04-22,3.69
USG-102925,EQ-1149,OP-246,2023-08-20,11.06
USG-102926,EQ-1112,OP-265,2023-07-21,3.69
USG-102927,EQ-1144,OP-242,2023-10-14,4.7
USG-102928,EQ-1058,OP-238,2023-02-16,5.41
USG-102929,EQ-1065,OP-274,2023-08-10,6.77
USG-102930,EQ-1053,OP-249,2024-03-09,3.36
USG-102932,EQ-1029,OP-256,2023-01-02,10.92
USG-102933,EQ-1024,OP-270,2023-02-06,10.86
USG-102934,EQ-1076,OP-261,2023-07-17,6.77
USG-102935,EQ-1143,OP-262,2024-02-20,6.77
USG-102936,EQ-1032,OP-236,2023-12-07,3.61
USG-102937,EQ-1038,OP-244,2024-05-11,6.77
USG-102938,EQ-1149,OP-223,2023-03-01,5.46
USG-102939,EQ-1096,OP-252,2023-08-11,6.77
USG-102940,EQ-1100,OP-235,2023-03-31,2.91
USG-102941,EQ-1032,OP-228,2023-05-18,2.26
USG-102942,EQ-1112,OP-270,2023-04-24,7.98
USG-102944,EQ-1070,OP-278,2023-03-26,5.18
USG-102945,EQ-1101,OP-255,2024-03-27,5.46
USG-102946,EQ-1140,OP-262,2024-01-20,7.46
USG-102947,EQ-1091,OP-248,2024-04-02,7.62
USG-102948,EQ-1046,OP-256,2023-07-12,2.47
USG-102949,EQ-1006,OP-270,2023-06-15,9.92
USG-102950,EQ-1053,OP-234,2024-02-04,10.69
USG-102951,EQ-1036,OP-268,2023-04-28,9.43
USG-102952,EQ-1016,OP-246,2023-05-22,2.38
USG-102953,EQ-1074,OP-225,2023-03-18,8.82
USG-102954,EQ-1134,OP-275,2024-02-26,6.77
USG-102955,EQ-1002,OP-274,2023-06-14,8.33
USG-102956,EQ-1131,OP-267,2024-02-16,6.77
USG-102957,EQ-1137,OP-231,2023-02-13,4.91
USG-102958,EQ-1064,OP-261,2023-10-01,11.43
USG-102960,EQ-1077,OP-258,2024-03-05,8.34
USG-102962,EQ-1050,OP-UNKNOWN,2023-01-18,3.44
USG-102963,EQ-1085,OP-242,2024-04-10,11.11
USG-102964,EQ-1073,OP-212,2023-05-29,6.77
USG-102965,EQ-1009,OP-209,2023-05-12,2.99
USG-102966,EQ-1102,OP-231,2023-04-16,2.85
USG-102967,EQ-1071,OP-240,2023-04-29,3.43
USG-102968,EQ-1095,OP-203,2023-02-18,9.45
USG-102969,EQ-1029,OP-232,2023-10-01,2.56
USG-102970,EQ-1044,OP-266,2023-07-13,3.75
USG-102971,EQ-1065,OP-252,2023-12-14,4.69
USG-102972,EQ-1076,OP-238,2023-11-09,3.32
USG-102973,EQ-1110,OP-234,2023-03-31,7.63
USG-102974,EQ-1111,OP-260,2023-11-17,4.41
USG-102975,EQ-1092,OP-260,2024-03-01,9.63
USG-102976,EQ-1045,OP-251,2023-07-09,2.2
USG-102977,EQ-1099,OP-247,2024-02-08,2.14
USG-102978,EQ-1106,OP-234,2023-08-31,4.12
USG-102979,EQ-1094,OP-256,2024-02-03,9.53
USG-102980,EQ-1081,OP-243,2023-04-17,8.85
USG-102981,EQ-1147,OP-243,2024-01-18,10.71
USG-102982,EQ-1099,OP-275,2023-03-19,2.36
USG-102983,EQ-1107,OP-270,2024-04-21,11.37
USG-102984,EQ-1140,OP-254,2023-05-07,6.77
USG-102985,EQ-1100,OP-218,2023-06-01,3.98
USG-102987,EQ-1025,OP-265,2023-12-02,1.81
USG-102988,EQ-1053,OP-248,2023-01-31,10.22
USG-102991,EQ-1050,OP-238,2024-02-05,4.89
USG-102992,EQ-1036,OP-221,2023-07-18,9.38
USG-102993,EQ-1048,OP-258,2023-03-13,9.97
USG-102994,EQ-1076,OP-UNKNOWN,2023-07-22,10.39
USG-102995,EQ-1028,OP-252,2023-12-26,7.46
USG-102996,EQ-1104,OP-203,2023-07-30,3.79
USG-102997,EQ-1028,OP-249,2023-02-25,7.5
USG-102998,EQ-1063,OP-234,2024-01-10,2.35
USG-102999,EQ-1069,OP-227,2023-09-01,6.56
USG-103000,EQ-1070,OP-212,2023-05-25,9.87
USG-103001,EQ-1015,OP-255,2023-09-10,6.77
USG-103002,EQ-1139,OP-251,2023-01-06,8.96
USG-103003,EQ-1021,OP-206,2024-03-10,3.2
USG-103004,EQ-1038,OP-253,2024-03-12,11.12
USG-103005,EQ-1018,OP-277,2023-01-21,11.53
USG-103006,EQ-1066,OP-242,2023-06-04,11.96
USG-103007,EQ-1050,OP-207,2023-12-23,2.51
USG-103008,EQ-1025,OP-269,2023-07-15,6.55
USG-103009,EQ-1022,OP-214,2023-04-15,2.53
USG-103010,EQ-1004,OP-238,2024-04-08,3.2
USG-103012,EQ-1076,OP-262,2024-04-23,7.88
USG-103013,EQ-1121,OP-247,2023-09-09,3.47
USG-103014,EQ-1141,OP-210,2023-01-20,7.95
USG-103015,EQ-1097,OP-273,2023-05-27,2.75
USG-103016,EQ-1012,OP-230,2023-02-12,2.04
USG-103017,EQ-1110,OP-223,2023-07-18,10.05
USG-103018,EQ-1082,OP-263,2024-01-14,6.77
USG-103019,EQ-1093,OP-208,2024-04-23,7.77
USG-103020,EQ-1133,OP-245,2023-08-07,7.49
USG-103022,EQ-1115,OP-251,2023-04-17,4.61
USG-103023,EQ-1047,OP-211,2023-08-22,9.48
USG-103024,EQ-1093,OP-248,2024-03-23,6.77
USG-103025,EQ-1075,OP-235,2023-02-26,6.77
USG-103026,EQ-1130,OP-253,2024-03-16,6.77
USG-103027,EQ-1113,OP-213,2024-03-24,11.79
USG-103028,EQ-1138,OP-234,2024-05-12,2.92
USG-103029,EQ-1120,OP-224,2023-09-14,10.64
USG-103030,EQ-1035,OP-270,2023-03-17,4.48
USG-103031,EQ-1120,OP-219,2023-09-27,7.71
USG-103032,EQ-1000,OP-204,2024-01-07,7.86
USG-103034,EQ-1080,OP-256,2024-04-19,7.07
USG-103036,EQ-1142,OP-276,2024-01-24,2.84
USG-103037,EQ-1018,OP-238,2023-02-22,8.98
USG-103038,EQ-1077,OP-242,2024-03-22,6.86
USG-103039,EQ-1067,OP-271,2023-07-29,10.78
USG-103040,EQ-1009,OP-265,2023-12-12,1.74
USG-103041,EQ-1088,OP-271,2023-11-25,6.77
USG-103042,EQ-1118,OP-214,2023-12-08,8.44
USG-103043,EQ-1113,OP-230,2024-02-25,1.64
USG-103044,EQ-1141,OP-244,2024-04-13,7.51
USG-103045,EQ-1005,OP-235,2023-04-06,10.26
USG-103046,EQ-1110,OP-206,2023-12-20,6.96
USG-103047,EQ-1109,OP-UNKNOWN,2023-02-04,5.91
USG-103048,EQ-1115,OP-247,2023-08-16,4.84
USG-103049,EQ-1023,OP-253,2023-12-06,10.94
USG-103050,EQ-1091,OP-202,2023-09-20,5.68
USG-103051,EQ-1101,OP-238,2023-08-24,11.05
USG-103052,EQ-1002,OP-223,2023-05-04,3.33
USG-103053,EQ-1001,OP-235,2023-02-10,2.66
USG-103055,EQ-1149,OP-249,2023-03-31,5.48
USG-103056,EQ-1042,OP-207,2023-05-03,8.4
USG-103057,EQ-1086,OP-237,2023-07-03,2.37
USG-103058,EQ-1035,OP-228,2023-01-24,2.97
USG-103061,EQ-1030,OP-230,2023-10-30,7.84
USG-103062,EQ-1001,OP-216,2024-02-24,6.77
USG-103063,EQ-1059,OP-264,2023-01-24,10.12
USG-103065,EQ-1095,OP-262,2023-11-06,1.52
USG-103067,EQ-1071,OP-208,2023-09-21,7.8
USG-103069,EQ-1055,OP-229,2023-02-12,6.42
USG-103070,EQ-1136,OP-236,2023-06-19,4.52
USG-103071,EQ-1003,OP-215,2023-11-11,3.56
USG-103072,EQ-1026,OP-257,2024-05-13,8.97
USG-103073,EQ-1088,OP-260,2023-11-28,2.81
USG-103074,EQ-1040,OP-241,2023-09-02,2.28
USG-103075,EQ-1015,OP-231,2023-02-05,8.07
USG-103076,EQ-1113,OP-261,2023-11-20,2.92
USG-103077,EQ-1124,OP-245,2023-10-27,5.47
USG-103078,EQ-1072,OP-247,2023-08-01,2.37
USG-103079,EQ-1079,OP-205,2023-01-15,10.22
USG-103080,EQ-1062,OP-268,2023-10-17,4.05
USG-103081,EQ-1053,OP-255,2023-06-26,10.44
USG-103082,EQ-1053,OP-261,2024-01-22,2.58
USG-103083,EQ-1051,OP-263,2023-07-31,6.77
USG-103085,EQ-1099,OP-220,2023-12-25,6.03
USG-103086,EQ-1056,OP-247,2023-02-02,11.93
USG-103087,EQ-1088,OP-231,2023-09-08,5.62
USG-103088,EQ-1098,OP-252,2023-05-14,7.68
USG-103089,EQ-1071,OP-273,2023-05-28,1.73
USG-103090,EQ-1035,OP-252,2023-10-24,4.93
USG-103091,EQ-1085,OP-218,2024-02-24,9.54
USG-103092,EQ-1106,OP-222,2023-11-02,8.87
USG-103093,EQ-1149,OP-232,2023-12-17,2.27
USG-103094,EQ-1077,OP-247,2024-06-04,3.56
USG-103095,EQ-1118,OP-200,2023-05-27,9.09
USG-103096,EQ-1035,OP-266,2023-05-30,6.77
USG-103098,EQ-1036,OP-224,2023-08-16,8.78
USG-103099,EQ-1069,OP-250,2023-09-07,1.62
USG-103100,EQ-1056,OP-266,2023-08-07,11.88
USG-103101,EQ-1038,OP-206,2024-04-01,4.57
USG-103102,EQ-1032,OP-232,2024-01-31,3.65
USG-103103,EQ-1108,OP-273,2023-07-15,3.25
USG-103104,EQ-1138,OP-263,2024-01-06,3.67
USG-103106,EQ-1006,OP-247,2024-04-14,10.26
USG-103107,EQ-1048,OP-279,2023-07-09,7.42
USG-103109,EQ-1135,OP-207,2023-10-04,7.0
USG-103110,EQ-1009,OP-208,2023-02-01,2.17
USG-103111,EQ-1130,OP-227,2024-03-02,8.37
USG-103112,EQ-1055,OP-258,2023-06-13,6.77
USG-103113,EQ-1003,OP-251,2023-09-22,6.2
USG-103114,EQ-1115,OP-204,2023-02-16,3.13
USG-103115,EQ-1026,OP-277,2023-09-27,3.64
USG-103116,EQ-1111,OP-246,2023-09-22,9.89
USG-103117,EQ-1028,OP-273,2023-08-29,5.24
USG-103118,EQ-1133,OP-225,2023-03-23,1.94
USG-103119,EQ-1007,OP-268,2023-04-17,8.26
USG-103120,EQ-1089,OP-256,2023-12-28,5.33
USG-103121,EQ-1063,OP-275,2024-01-30,3.17
USG-103122,EQ-1036,OP-261,2023-06-21,6.77
USG-103123,EQ-1068,OP-254,2023-10-08,1.55
USG-103124,EQ-1051,OP-UNKNOWN,2024-02-08,10.96
USG-103125,EQ-1122,OP-255,2023-10-31,4.18
USG-103126,EQ-1094,OP-207,2023-03-26,5.39
USG-103127,EQ-1027,OP-200,2024-02-16,11.38
USG-103129,EQ-1057,OP-221,2024-05-01,6.29
USG-103130,EQ-1029,OP-264,2023-05-30,9.19
USG-103131,EQ-1099,OP-277,2023-01-02,3.04
USG-103132,EQ-1036,OP-235,2023-03-14,6.63
USG-103133,EQ-1013,OP-261,2024-03-10,11.85
USG-103134,EQ-1109,OP-274,2023-10-26,5.33
USG-103135,EQ-1089,OP-251,2024-01-30,7.88
USG-103136,EQ-1096,OP-230,2023-04-10,1.68
USG-103137,EQ-1038,OP-236,2024-04-28,8.66
USG-103138,EQ-1117,OP-223,2023-03-07,9.48
USG-103139,EQ-1003,OP-246,2023-12-21,5.92
USG-103141,EQ-1011,OP-219,2023-03-08,2.91
USG-103142,EQ-1146,OP-233,2024-03-08,6.29
USG-103143,EQ-1052,OP-236,2023-09-17,6.67
USG-103144,EQ-1047,OP-273,2023-07-26,4.15
USG-103145,EQ-1129,OP-249,2024-03-12,10.03
USG-103146,EQ-1053,OP-263,2023-12-21,5.94
USG-103147,EQ-1132,OP-250,2023-10-03,7.72
USG-103148,EQ-1127,OP-237,2023-02-01,6.77
USG-103149,EQ-1036,OP-250,2023-12-07,9.34
USG-103150,EQ-1081,OP-203,2023-10-14,10.15
USG-103151,EQ-1029,OP-225,2024-01-09,9.12
USG-103152,EQ-1081,OP-227,2023-07-15,10.92
USG-103153,EQ-1022,OP-207,2024-05-01,6.77
USG-103155,EQ-1136,OP-222,2023-09-27,5.03
USG-103156,EQ-1016,OP-276,2024-01-23,8.03
USG-103157,EQ-1067,OP-256,2023-08-02,5.88
USG-103158,EQ-1006,OP-210,2023-03-13,6.01
USG-103159,EQ-1146,OP-258,2024-04-02,6.31
USG-103161,EQ-1140,OP-231,2023-01-05,11.26
USG-103162,EQ-1128,OP-217,2023-02-18,9.34
USG-103163,EQ-1108,OP-260,2023-07-28,1.8
USG-103164,EQ-1103,OP-254,2023-09-03,6.7
USG-103165,EQ-1032,OP-269,2024-02-19,3.98
USG-103166,EQ-1091,OP-250,2024-03-26,6.33
USG-103167,EQ-1040,OP-255,2023-08-11,6.91
USG-103168,EQ-1049,OP-250,2023-02-13,4.91
USG-103169,EQ-1137,OP-200,2023-08-26,9.99
USG-103170,EQ-1027,OP-243,2023-11-15,6.06
USG-103171,EQ-1126,OP-203,2023-10-09,5.38
USG-103172,EQ-1006,OP-209,2024-04-15,2.81
USG-103173,EQ-1099,OP-270,2023-10-26,6.77
USG-103175,EQ-1078,OP-205,2023-01-29,1.96
USG-103176,EQ-1047,OP-276,2023-12-27,6.2
USG-103177,EQ-1125,OP-259,2023-01-26,9.63
USG-103178,EQ-1004,OP-219,2023-06-24,6.77
USG-103179,EQ-1009,OP-221,2023-10-20,6.77
USG-103180,EQ-1088,OP-223,2023-03-24,7.85
USG-103181,EQ-1143,OP-UNKNOWN,2023-03-28,6.77
USG-103182,EQ-1050,OP-UNKNOWN,2023-03-11,11.0
USG-103183,EQ-1108,OP-273,2023-08-20,9.82
USG-103184,EQ-1006,OP-241,2023-09-11,9.97
USG-103185,EQ-1078,OP-276,2023-07-08,11.04
USG-103186,EQ-1097,OP-263,2024-02-08,4.16
USG-103187,EQ-1065,OP-208,2023-05-24,7.26
USG-103188,EQ-1107,OP-265,2023-04-12,6.82
USG-103189,EQ-1143,OP-229,2023-12-05,7.24
USG-103190,EQ-1040,OP-263,2023-04-21,4.65
USG-103191,EQ-1039,OP-258,2023-08-31,11.21
USG-103192,EQ-1074,OP-252,2024-01-30,8.4
USG-103193,EQ-1076,OP-255,2023-11-02,1.83
USG-103194,EQ-1078,OP-207,2023-07-04,6.77
USG-103195,EQ-1068,OP-221,2024-01-11,6.77
USG-103196,EQ-1044,OP-277,2024-01-24,6.77
USG-103197,EQ-1058,OP-262,2024-04-09,4.8
USG-103198,EQ-1088,OP-200,2023-05-04,6.77
USG-103199,EQ-1085,OP-244,2023-02-26,8.74
USG-103200,EQ-1076,OP-202,2023-12-03,4.77
USG-103201,EQ-1016,OP-259,2023-11-02,8.56
USG-103202,EQ-1057,OP-279,2024-03-15,2.33
USG-103203,EQ-1025,OP-230,2023-12-03,6.77
USG-103204,EQ-1042,OP-223,2024-03-29,7.29
USG-103205,EQ-1097,OP-244,2023-02-26,6.71
USG-103206,EQ-1141,OP-244,2023-06-28,4.23
USG-103207,EQ-1010,OP-210,2023-10-27,6.5
USG-103208,EQ-1077,OP-245,2023-06-10,6.26
USG-103209,EQ-1106,OP-223,2023-10-06,3.6
USG-103212,EQ-1030,OP-256,2023-07-20,11.3
USG-103213,EQ-1059,OP-255,2023-04-05,11.19
USG-103214,EQ-1018,OP-263,2024-04-26,8.98
USG-103215,EQ-1138,OP-216,2024-04-13,6.13
USG-103216,EQ-1025,OP-227,2023-05-24,7.08
USG-103217,EQ-1009,OP-244,2024-03-11,8.33
USG-103218,EQ-1094,OP-231,2023-07-25,6.77
USG-103219,EQ-1141,OP-230,2023-02-24,5.3
USG-103220,EQ-1096,OP-277,2023-11-09,4.57
USG-103222,EQ-1111,OP-247,2023-04-26,1.9
USG-103223,EQ-1040,OP-274,2023-09-05,2.63
USG-103225,EQ-1086,OP-257,2023-04-20,10.34
USG-103226,EQ-1021,OP-264,2023-09-08,3.15
USG-103227,EQ-1063,OP-209,2024-02-07,6.34
USG-103228,EQ-1029,OP-245,2023-03-12,6.62
USG-103229,EQ-1074,OP-276,2024-01-15,5.42
USG-103230,EQ-1065,OP-206,2023-01-06,2.87
USG-103231,EQ-1133,OP-263,2023-10-12,9.32
USG-103232,EQ-1088,OP-221,2023-11-01,9.49
USG-103233,EQ-1012,OP-277,2024-02-04,5.78
USG-103234,EQ-1089,OP-208,2023-10-02,9.78
USG-103235,EQ-1024,OP-231,2024-03-01,3.31
USG-103236,EQ-1080,OP-231,2023-05-24,4.76
USG-103237,EQ-1025,OP-270,2023-03-28,1.83
USG-103238,EQ-1050,OP-209,2024-03-27,2.78
USG-103239,EQ-1105,OP-201,2023-05-02,8.64
USG-103240,EQ-1122,OP-248,2023-04-11,7.72
USG-103241,EQ-1124,OP-223,2023-01-24,2.35
USG-103242,EQ-1025,OP-260,2024-12-04,4.04
USG-103243,EQ-1007,OP-268,2024-03-05,3.78
USG-103245,EQ-1077,OP-246,2023-08-04,5.65
USG-103246,EQ-1029,OP-258,2023-08-08,6.18
USG-103247,EQ-1029,OP-264,2023-09-14,5.97
USG-103248,EQ-1102,OP-251,2024-01-27,6.13
USG-103249,EQ-1006,OP-263,2023-04-17,10.38
USG-103250,EQ-1073,OP-205,2023-03-26,8.38
USG-103251,EQ-1073,OP-208,2023-06-04,5.5
USG-103252,EQ-1052,OP-200,2023-06-01,9.96
USG-103253,EQ-1024,OP-222,2023-11-17,4.6
USG-103254,EQ-1101,OP-253,2023-04-17,6.53
USG-103255,EQ-1099,OP-268,2024-05-15,10.98
USG-103256,EQ-1055,OP-271,2024-02-04,6.77
USG-103257,EQ-1056,OP-277,2024-04-16,3.88
USG-103258,EQ-1088,OP-223,2024-01-18,8.92
USG-103259,EQ-1029,OP-221,2023-09-05,7.78
USG-103260,EQ-1011,OP-206,2023-07-13,7.58
USG-103261,EQ-1115,OP-265,2023-03-22,3.52
USG-103262,EQ-1029,OP-274,2024-01-31,2.06
USG-103263,EQ-1085,OP-267,2023-11-10,6.97
USG-103264,EQ-1147,OP-236,2023-10-25,2.1
USG-103265,EQ-1034,OP-215,2023-02-26,9.8
USG-103266,EQ-1091,OP-212,2023-10-11,11.95
USG-103267,EQ-1002,OP-263,2023-04-19,11.55
USG-103268,EQ-1104,OP-212,2023-07-28,7.76
USG-103269,EQ-1093,OP-257,2024-02-23,5.85
USG-103270,EQ-1078,OP-227,2023-09-07,2.43
USG-103271,EQ-1054,OP-275,2023-11-28,5.62
USG-103272,EQ-1042,OP-214,2024-01-26,6.75
USG-103273,EQ-1126,OP-221,2023-02-28,8.76
USG-103274,EQ-1030,OP-230,2023-02-09,4.96
USG-103275,EQ-1011,OP-277,2024-03-03,3.22
USG-103276,EQ-1075,OP-242,2023-09-15,10.99
USG-103277,EQ-1060,OP-275,2023-10-08,6.56
USG-103278,EQ-1055,OP-219,2023-03-16,10.87
USG-103279,EQ-1069,OP-276,2023-12-25,10.75
USG-103280,EQ-1065,OP-253,2024-04-04,10.1
USG-103281,EQ-1048,OP-204,2023-03-04,7.5
USG-103282,EQ-1066,OP-226,2024-01-06,3.95
USG-103283,EQ-1055,OP-277,2023-05-05,6.44
USG-103284,EQ-1086,OP-279,2023-01-24,8.45
USG-103285,EQ-1148,OP-217,2023-11-19,7.41
USG-103286,EQ-1045,OP-258,2023-09-05,4.95
USG-103287,EQ-1023,OP-265,2023-02-02,11.61
USG-103288,EQ-1109,OP-261,2023-12-21,3.88
USG-103289,EQ-1002,OP-223,2023-06-06,3.29
USG-103290,EQ-1069,OP-278,2023-09-26,3.91
USG-103291,EQ-1105,OP-231,2023-04-05,4.74
USG-103293,EQ-1069,OP-203,2023-03-22,10.29
USG-103294,EQ-1078,OP-244,2023-12-26,8.52
USG-103295,EQ-1016,OP-253,2023-05-21,4.49
USG-103296,EQ-1089,OP-269,2023-11-14,6.41
USG-103297,EQ-1034,OP-241,2023-02-17,6.84
USG-103298,EQ-1098,OP-209,2023-01-14,4.86
USG-103299,EQ-1147,OP-222,2023-01-19,6.54
USG-103300,EQ-1110,OP-254,2023-11-04,5.14
USG-103301,EQ-1098,OP-232,2023-02-17,7.19
USG-103302,EQ-1004,OP-229,2024-02-06,8.36
USG-103303,EQ-1075,OP-UNKNOWN,2023-08-06,3.47
USG-103304,EQ-1051,OP-266,2023-10-03,4.2
USG-103305,EQ-1026,OP-267,2023-07-15,9.18
USG-103306,EQ-1092,OP-222,2023-05-26,5.53
USG-103307,EQ-1034,OP-243,2023-01-11,10.12
USG-103308,EQ-1088,OP-271,2023-11-21,8.03
USG-103309,EQ-1069,OP-261,2024-03-07,6.77
USG-103310,EQ-1108,OP-226,2023-06-15,6.44
USG-103311,EQ-1066,OP-270,2023-09-25,6.77
USG-103312,EQ-1087,OP-270,2023-09-18,4.39
USG-103313,EQ-1102,OP-266,2024-05-07,7.16
USG-103315,EQ-1110,OP-210,2024-03-09,2.36
USG-103316,EQ-1055,OP-233,2024-02-12,11.43
USG-103317,EQ-1100,OP-245,2023-08-03,8.35
USG-103319,EQ-1046,OP-226,2024-05-11,8.22
USG-103320,EQ-1132,OP-235,2023-06-15,6.77
USG-103321,EQ-1104,OP-273,2024-02-09,4.76
USG-103322,EQ-1067,OP-271,2023-08-11,7.14
USG-103323,EQ-1084,OP-215,2023-06-03,4.97
USG-103324,EQ-1061,OP-262,2023-08-08,10.68
USG-103325,EQ-1018,OP-231,2023-09-22,9.47
USG-103326,EQ-1143,OP-249,2023-04-11,1.7
USG-103327,EQ-1005,OP-218,2023-08-13,5.0
USG-103328,EQ-1053,OP-UNKNOWN,2023-05-31,5.37
USG-103329,EQ-1125,OP-267,2023-07-12,6.77
USG-103330,EQ-1083,OP-206,2024-04-29,4.16
USG-103331,EQ-1054,OP-233,2023-07-26,9.35
USG-103332,EQ-1059,OP-209,2023-12-12,5.39
USG-103333,EQ-1022,OP-206,2023-08-18,10.8
USG-103334,EQ-1091,OP-254,2023-03-30,5.58
USG-103335,EQ-1113,OP-205,2023-09-18,11.11
USG-103336,EQ-1126,OP-263,2024-05-09,4.36
USG-103337,EQ-1061,OP-264,2023-12-31,10.41
USG-103338,EQ-1117,OP-203,2024-05-07,5.59
USG-103339,EQ-1121,OP-233,2024-03-22,6.54
USG-103340,EQ-1020,OP-256,2023-06-29,4.83
USG-103341,EQ-1053,OP-226,2023-01-31,6.77
USG-103342,EQ-1011,OP-235,2024-01-14,5.68
USG-103343,EQ-1038,OP-237,2024-01-05,11.82
USG-103344,EQ-1108,OP-243,2024-05-03,8.61
USG-103345,EQ-1110,OP-201,2024-03-17,1.8
USG-103346,EQ-1020,OP-231,2024-02-22,8.49
USG-103347,EQ-1019,OP-276,2023-09-14,10.25
USG-103348,EQ-1022,OP-240,2023-09-15,9.77
USG-103349,EQ-1109,OP-239,2023-08-29,6.86
USG-103350,EQ-1104,OP-200,2023-05-24,5.82
USG-103351,EQ-1098,OP-218,2023-12-29,8.98
USG-103352,EQ-1087,OP-275,2023-11-07,2.21
USG-103353,EQ-1059,OP-200,2024-01-09,6.71
USG-103354,EQ-1004,OP-261,2023-12-15,3.33
USG-103355,EQ-1064,OP-208,2023-04-21,5.45
USG-103356,EQ-1078,OP-231,2023-04-20,4.16
USG-103357,EQ-1128,OP-233,2023-08-22,2.85
USG-103358,EQ-1067,OP-202,2024-04-21,3.25
USG-103359,EQ-1129,OP-228,2024-03-05,11.12
USG-103360,EQ-1104,OP-263,2023-09-03,11.68
USG-103361,EQ-1019,OP-224,2023-01-05,3.55
USG-103362,EQ-1107,OP-268,2024-02-22,8.03
USG-103364,EQ-1014,OP-266,2023-06-05,11.72
USG-103365,EQ-1141,OP-242,2023-07-04,11.72
USG-103366,EQ-1117,OP-279,2023-04-02,10.47
USG-103367,EQ-1079,OP-273,2023-02-16,1.93
USG-103368,EQ-1050,OP-208,2024-02-24,4.22
USG-103369,EQ-1044,OP-220,2023-02-22,7.53
USG-103370,EQ-1061,OP-206,2024-03-06,3.32
USG-103372,EQ-1063,OP-245,2023-07-05,6.77
USG-103373,EQ-1057,OP-207,2024-02-18,6.77
USG-103374,EQ-1022,OP-212,2024-04-02,9.27
USG-103375,EQ-1140,OP-240,2023-06-13,8.93
USG-103376,EQ-1078,OP-238,2023-03-03,3.43
USG-103377,EQ-1036,OP-278,2024-03-15,3.1
USG-103378,EQ-1021,OP-213,2023-01-12,8.8
USG-103379,EQ-1097,OP-211,2023-01-09,10.32
USG-103380,EQ-1134,OP-220,2023-12-07,2.8
USG-103381,EQ-1106,OP-216,2023-03-19,6.74
USG-103382,EQ-1102,OP-248,2024-03-03,11.52
USG-103383,EQ-1049,OP-263,2023-10-21,9.33
USG-103385,EQ-1051,OP-203,2023-01-24,11.09
USG-103386,EQ-1086,OP-216,2023-05-11,11.36
USG-103387,EQ-1089,OP-242,2023-04-06,4.98
USG-103388,EQ-1005,OP-218,2024-04-12,1.67
USG-103389,EQ-1073,OP-222,2024-02-10,1.63
USG-103390,EQ-1076,OP-233,2023-08-19,11.79
USG-103391,EQ-1010,OP-202,2023-05-12,11.71
USG-103392,EQ-1084,OP-233,2023-04-15,4.96
USG-103393,EQ-1110,OP-228,2023-09-21,11.23
USG-103394,EQ-1097,OP-278,2023-11-16,6.77
USG-103395,EQ-1013,OP-216,2024-03-29,1.74
USG-103396,EQ-1025,OP-224,2023-10-12,6.56
USG-103397,EQ-1114,OP-210,2024-01-21,6.77
USG-103398,EQ-1053,OP-232,2024-03-14,11.9
USG-103399,EQ-1062,OP-272,2023-05-29,9.41
USG-103400,EQ-1144,OP-246,2023-04-30,4.01
USG-103401,EQ-1023,OP-252,2023-08-31,6.77
USG-103402,EQ-1056,OP-250,2023-10-09,10.58
USG-103403,EQ-1103,OP-267,2024-01-19,4.98
USG-103404,EQ-1038,OP-221,2023-07-08,7.12
USG-103405,EQ-1040,OP-221,2024-01-03,6.77
USG-103406,EQ-1134,OP-231,2023-07-11,6.85
USG-103407,EQ-1137,OP-254,2023-09-06,6.78
USG-103408,EQ-1102,OP-270,2023-04-23,4.45
USG-103409,EQ-1147,OP-218,2023-02-10,2.35
USG-103410,EQ-1088,OP-242,2023-11-04,8.85
USG-103411,EQ-1137,OP-235,2023-02-14,6.77
USG-103412,EQ-1134,OP-220,2023-08-08,10.31
USG-103413,EQ-1126,OP-242,2023-04-25,9.76
USG-103414,EQ-1091,OP-255,2023-06-09,6.13
USG-103415,EQ-1060,OP-201,2024-04-12,3.67
USG-103416,EQ-1047,OP-214,2023-07-22,2.4
USG-103417,EQ-1147,OP-219,2023-03-30,7.01
USG-103418,EQ-1055,OP-276,2023-03-27,2.01
USG-103420,EQ-1002,OP-225,2024-04-10,6.77
USG-103421,EQ-1085,OP-256,2024-01-18,7.03
USG-103422,EQ-1124,OP-244,2023-06-17,1.67
USG-103423,EQ-1039,OP-205,2023-11-11,4.31
USG-103424,EQ-1103,OP-217,2023-09-11,9.37
USG-103425,EQ-1076,OP-208,2023-02-24,7.07
USG-103426,EQ-1104,OP-219,2024-02-16,3.29
USG-103427,EQ-1091,OP-227,2023-10-13,6.77
USG-103429,EQ-1094,OP-265,2023-05-17,6.18
USG-103430,EQ-1005,OP-243,2023-02-12,8.82
USG-103431,EQ-1129,OP-261,2023-07-11,8.61
USG-103432,EQ-1024,OP-277,2024-02-04,2.55
USG-103433,EQ-1138,OP-231,2023-09-22,7.49
USG-103434,EQ-1113,OP-248,2024-02-04,6.55
USG-103435,EQ-1077,OP-233,2023-11-29,10.27
USG-103436,EQ-1110,OP-263,2023-02-22,7.42
USG-103437,EQ-1000,OP-234,2024-01-29,6.61
USG-103438,EQ-1061,OP-214,2023-06-27,6.4
USG-103439,EQ-1012,OP-242,2023-11-26,3.9
USG-103440,EQ-1067,OP-209,2024-02-24,7.13
USG-103441,EQ-1090,OP-259,2024-05-07,2.59
USG-103442,EQ-1124,OP-250,2023-10-01,6.41
USG-103443,EQ-1080,OP-218,2023-10-02,7.3
USG-103444,EQ-1149,OP-244,2023-09-06,6.62
USG-103445,EQ-1025,OP-251,2023-01-23,7.07
USG-103446,EQ-1030,OP-252,2023-03-27,8.38
USG-103447,EQ-1077,OP-238,2023-01-10,9.97
USG-103448,EQ-1113,OP-212,2023-05-11,7.69
USG-103449,EQ-1062,OP-215,2023-10-12,5.07
USG-103450,EQ-1055,OP-236,2023-07-10,2.79
USG-103451,EQ-1099,OP-209,2023-08-24,8.42
USG-103452,EQ-1026,OP-204,2024-04-26,8.29
USG-103453,EQ-1125,OP-276,2023-04-02,8.64
USG-103454,EQ-1039,OP-246,2023-10-24,7.27
USG-103455,EQ-1149,OP-251,2023-12-13,9.8
USG-103456,EQ-1061,OP-245,2023-12-27,6.64
USG-103457,EQ-1034,OP-227,2023-05-19,3.92
USG-103458,EQ-1027,OP-278,2023-01-04,7.84
USG-103459,EQ-1079,OP-239,2024-05-14,10.44
USG-103460,EQ-1080,OP-272,2023-07-31,2.16
USG-103461,EQ-1133,OP-225,2023-12-27,8.51
USG-103462,EQ-1116,OP-229,2024-02-16,10.36
USG-103463,EQ-1039,OP-203,2023-09-20,3.41
USG-103464,EQ-1106,OP-260,2024-02-19,9.67
USG-103465,EQ-1129,OP-266,2023-07-19,2.43
USG-103466,EQ-1032,OP-221,2023-02-08,4.88
USG-103467,EQ-1096,OP-213,2023-10-27,7.46
USG-103468,EQ-1085,OP-239,2023-07-21,6.24
USG-103469,EQ-1069,OP-247,2023-12-25,10.1
USG-103470,EQ-1019,OP-212,2024-02-13,10.43
USG-103471,EQ-1087,OP-248,2024-04-16,1.69
USG-103472,EQ-1014,OP-269,2023-02-21,10.29
USG-103473,EQ-1131,OP-212,2023-10-02,6.71
USG-103474,EQ-1097,OP-221,2023-01-15,6.98
USG-103476,EQ-1099,OP-UNKNOWN,2023-01-01,5.65
USG-103477,EQ-1123,OP-273,2023-01-06,6.57
USG-103478,EQ-1139,OP-259,2023-07-13,1.53
USG-103479,EQ-1123,OP-208,2023-11-22,6.74
USG-103480,EQ-1139,OP-266,2023-07-22,2.58
USG-103481,EQ-1147,OP-228,2024-03-29,10.37
USG-103482,EQ-1102,OP-254,2023-08-28,2.37
USG-103483,EQ-1059,OP-202,2023-07-18,9.87
USG-103484,EQ-1144,OP-262,2023-11-27,5.03
USG-103485,EQ-1029,OP-276,2023-08-19,2.23
USG-103486,EQ-1143,OP-224,2023-07-23,5.61
USG-103487,EQ-1118,OP-215,2024-05-06,7.78
USG-103488,EQ-1101,OP-243,2024-05-02,2.98
USG-103489,EQ-1146,OP-203,2023-10-09,9.82
USG-103490,EQ-1036,OP-277,2023-04-29,7.22
USG-103492,EQ-1083,OP-261,2023-06-09,7.53
USG-103494,EQ-1022,OP-269,2023-05-06,5.36
USG-103495,EQ-1149,OP-272,2023-10-24,9.98
USG-103496,EQ-1116,OP-263,2023-02-11,3.52
USG-103497,EQ-1128,OP-207,2024-04-02,6.77
USG-103498,EQ-1097,OP-UNKNOWN,2023-02-17,10.0
USG-103499,EQ-1142,OP-226,2023-05-03,2.71
USG-103500,EQ-1103,OP-255,2024-03-15,3.86
USG-103502,EQ-1057,OP-274,2024-02-10,9.12
USG-103503,EQ-1127,OP-233,2024-03-20,4.67
USG-103504,EQ-1136,OP-275,2023-06-05,9.12
USG-103505,EQ-1029,OP-244,2023-07-18,4.54
USG-103506,EQ-1116,OP-274,2024-04-01,9.04
USG-103508,EQ-1078,OP-246,2023-05-29,5.08
USG-103509,EQ-1144,OP-219,2023-03-27,4.61
USG-103510,EQ-1006,OP-274,2023-01-06,8.7
USG-103511,EQ-1089,OP-201,2024-03-07,9.15
USG-103512,EQ-1104,OP-266,2023-03-09,6.5
USG-103513,EQ-1113,OP-258,2023-08-13,9.45
USG-103514,EQ-1144,OP-252,2023-03-15,7.69
USG-103515,EQ-1113,OP-210,2023-01-29,11.88
USG-103516,EQ-1141,OP-222,2023-04-06,6.77
USG-103517,EQ-1042,OP-220,2023-04-29,4.04
USG-103518,EQ-1055,OP-229,2023-05-10,6.77
USG-103519,EQ-1007,OP-248,2023-10-17,3.88
USG-103520,EQ-1102,OP-216,2023-04-08,5.61
USG-103521,EQ-1078,OP-264,2023-06-25,2.01
USG-103522,EQ-1067,OP-271,2023-06-22,11.44
USG-103523,EQ-1029,OP-266,2024-06-02,5.18
USG-103524,EQ-1036,OP-200,2023-06-15,9.48
USG-103525,EQ-1033,OP-203,2023-09-03,5.95
USG-103526,EQ-1114,OP-203,2023-12-14,7.7
USG-103527,EQ-1031,OP-209,2024-04-14,2.48
USG-103528,EQ-1083,OP-253,2024-04-17,7.56
USG-103529,EQ-1120,OP-261,2023-03-23,3.63
USG-103530,EQ-1019,OP-220,2024-02-17,5.79
USG-103531,EQ-1028,OP-273,2023-07-20,1.59
USG-103532,EQ-1046,OP-264,2023-01-04,6.77
USG-103533,EQ-1010,OP-262,2023-06-09,6.77
USG-103534,EQ-1037,OP-200,2023-02-12,4.62
USG-103535,EQ-1017,OP-267,2023-09-13,8.81
USG-103536,EQ-1068,OP-216,2024-03-23,1.69
USG-103537,EQ-1043,OP-273,2023-08-18,2.03
USG-103538,EQ-1101,OP-268,2024-04-10,7.2
USG-103539,EQ-1048,OP-273,2024-05-10,2.99
USG-103540,EQ-1142,OP-268,2023-12-29,9.85
USG-103541,EQ-1085,OP-276,2023-03-20,2.29
USG-103542,EQ-1136,OP-212,2023-11-14,6.77
USG-103543,EQ-1027,OP-263,2023-11-08,8.53
USG-103544,EQ-1033,OP-273,2023-03-08,3.12
USG-103545,EQ-1090,OP-229,2023-12-27,10.34
USG-103546,EQ-1147,OP-225,2024-01-22,3.2
USG-103547,EQ-1087,OP-247,2024-04-13,6.01
USG-103548,EQ-1113,OP-276,2023-03-26,6.4
USG-103549,EQ-1117,OP-214,2024-02-10,4.64
USG-103550,EQ-1060,OP-220,2023-07-17,6.93
USG-103551,EQ-1017,OP-273,2024-05-02,6.43
USG-103552,EQ-1111,OP-259,2023-09-03,4.62
USG-103553,EQ-1050,OP-243,2024-03-16,6.95
USG-103554,EQ-1096,OP-214,2023-06-22,10.44
USG-103555,EQ-1132,OP-205,2024-03-03,1.99
USG-103556,EQ-1069,OP-202,2023-11-25,7.6
USG-103557,EQ-1012,OP-206,2023-10-18,5.9
USG-103558,EQ-1058,OP-216,2023-05-28,8.79
USG-103559,EQ-1035,OP-233,2023-11-01,6.77
USG-103560,EQ-1059,OP-210,2024-01-03,8.11
USG-103561,EQ-1025,OP-218,2023-08-27,2.69
USG-103562,EQ-1046,OP-208,2023-05-13,5.92
USG-103563,EQ-1003,OP-208,2023-09-25,9.87
USG-103564,EQ-1084,OP-234,2023-08-18,7.54
USG-103565,EQ-1082,OP-253,2024-04-11,9.87
USG-103566,EQ-1090,OP-276,2023-01-11,9.58
USG-103567,EQ-1077,OP-230,2023-07-26,6.77
USG-103568,EQ-1144,OP-UNKNOWN,2023-01-20,6.04
USG-103569,EQ-1104,OP-239,2023-06-04,4.12
USG-103570,EQ-1083,OP-206,2024-01-01,4.11
USG-103571,EQ-1126,OP-207,2024-01-12,10.02
USG-103572,EQ-1146,OP-225,2023-06-06,5.7
USG-103574,EQ-1142,OP-242,2023-08-22,10.17
USG-103575,EQ-1056,OP-261,2023-04-30,10.93
USG-103576,EQ-1012,OP-229,2023-08-05,3.1
USG-103577,EQ-1064,OP-272,2023-10-03,6.32
USG-103578,EQ-1058,OP-241,2024-04-13,6.77
USG-103579,EQ-1033,OP-203,2023-09-07,5.24
USG-103580,EQ-1127,OP-275,2024-05-04,8.83
USG-103581,EQ-1038,OP-238,2024-04-29,2.33
USG-103582,EQ-1095,OP-211,2023-03-09,10.03
USG-103583,EQ-1132,OP-211,2024-03-08,11.72
USG-103584,EQ-1005,OP-228,2024-01-09,4.17
USG-103585,EQ-1017,OP-260,2023-02-26,9.44
USG-103586,EQ-1031,OP-250,2023-08-10,6.91
USG-103587,EQ-1071,OP-202,2024-03-06,5.81
USG-103588,EQ-1019,OP-268,2023-12-03,6.04
USG-103589,EQ-1002,OP-200,2023-08-23,6.77
USG-103590,EQ-1039,OP-277,2023-10-15,5.26
USG-103591,EQ-1114,OP-209,2023-06-06,11.63
USG-103593,EQ-1106,OP-206,2024-01-11,10.23
USG-103594,EQ-1142,OP-276,2023-04-17,10.91
USG-103596,EQ-1090,OP-245,2024-04-22,11.93
USG-103597,EQ-1097,OP-251,2024-01-24,5.49
USG-103598,EQ-1008,OP-UNKNOWN,2024-05-01,10.15
USG-103599,EQ-1141,OP-237,2023-08-18,3.71
USG-103600,EQ-1004,OP-228,2024-01-08,11.57
USG-103601,EQ-1102,OP-266,2024-01-25,7.48
USG-103602,EQ-1065,OP-236,2023-11-08,10.86
USG-103603,EQ-1123,OP-204,2024-04-28,9.09
USG-103604,EQ-1017,OP-243,2024-01-26,5.96
USG-103605,EQ-1011,OP-277,2024-02-12,11.97
USG-103606,EQ-1022,OP-256,2023-04-18,9.06
USG-103607,EQ-1135,OP-244,2023-08-08,4.02
USG-103608,EQ-1122,OP-230,2023-01-10,6.7
USG-103609,EQ-1027,OP-220,2024-03-05,7.25
USG-103610,EQ-1003,OP-218,2023-05-15,5.44
USG-103611,EQ-1086,OP-207,2023-06-25,6.83
USG-103612,EQ-1009,OP-275,2024-04-15,10.39
USG-103613,EQ-1117,OP-265,2023-09-02,5.61
USG-103615,EQ-1074,OP-220,2023-11-11,11.85
USG-103616,EQ-1071,OP-272,2023-10-17,11.9
USG-103617,EQ-1099,OP-279,2023-09-12,6.98
USG-103618,EQ-1040,OP-219,2023-08-20,2.08
USG-103619,EQ-1063,OP-228,2024-04-04,6.77
USG-103620,EQ-1119,OP-213,2023-04-05,6.95
USG-103621,EQ-1067,OP-266,2024-03-11,6.82
USG-103622,EQ-1086,OP-251,2023-08-09,2.7
USG-103623,EQ-1148,OP-267,2023-10-11,8.17
USG-103625,EQ-1141,OP-236,2023-06-05,6.77
USG-103626,EQ-1066,OP-219,2023-05-09,3.51
USG-103627,EQ-1118,OP-209,2023-06-03,2.27
USG-103628,EQ-1028,OP-204,2023-12-23,8.13
USG-103629,EQ-1067,OP-277,2024-01-26,1.57
USG-103630,EQ-1067,OP-211,2024-03-23,2.8
USG-103631,EQ-1148,OP-278,2023-03-06,5.47
USG-103632,EQ-1036,OP-262,2023-07-29,3.72
USG-103634,EQ-1143,OP-239,2023-01-05,2.4
USG-103635,EQ-1040,OP-214,2023-08-16,4.75
USG-103636,EQ-1128,OP-200,2023-10-21,9.97
USG-103637,EQ-1116,OP-264,2023-08-23,6.77
USG-103638,EQ-1067,OP-245,2024-01-26,6.47
USG-103639,EQ-1039,OP-260,2023-11-04,6.77
USG-103640,EQ-1006,OP-257,2023-05-16,7.94
USG-103641,EQ-1115,OP-UNKNOWN,2024-04-27,8.93
USG-103642,EQ-1073,OP-251,2024-05-08,6.77
USG-103643,EQ-1057,OP-257,2023-06-29,6.77
USG-103645,EQ-1103,OP-237,2023-07-28,3.87
USG-103646,EQ-1073,OP-235,2023-08-14,6.37
USG-103647,EQ-1143,OP-274,2024-02-22,4.15
USG-103648,EQ-1003,OP-231,2023-07-27,6.77
USG-103649,EQ-1116,OP-200,2024-01-21,11.54
USG-103650,EQ-1123,OP-239,2023-11-01,11.9
USG-103652,EQ-1009,OP-203,2023-03-29,4.58
USG-103653,EQ-1091,OP-275,2023-08-05,3.95
USG-103654,EQ-1077,OP-252,2023-12-26,3.2
USG-103655,EQ-1027,OP-203,2024-02-24,4.06
USG-103657,EQ-1098,OP-278,2023-09-02,2.59
USG-103658,EQ-1145,OP-254,2023-12-22,6.7
USG-103659,EQ-1050,OP-271,2024-02-26,10.51
USG-103660,EQ-1062,OP-219,2024-03-19,7.31
USG-103661,EQ-1066,OP-230,2023-05-21,10.89
USG-103662,EQ-1099,OP-204,2023-09-08,8.23
USG-103663,EQ-1058,OP-259,2023-11-08,2.78
USG-103664,EQ-1006,OP-275,2023-10-13,5.4
USG-103665,EQ-1077,OP-275,2023-10-01,2.57
USG-103666,EQ-1083,OP-200,2024-03-09,3.99
USG-103667,EQ-1121,OP-212,2024-01-06,11.51
USG-103668,EQ-1038,OP-216,2023-11-06,4.96
USG-103669,EQ-1044,OP-206,2023-01-04,11.56
USG-103670,EQ-1014,OP-241,2023-08-06,6.77
USG-103671,EQ-1049,OP-232,2024-05-10,6.9
USG-103672,EQ-1022,OP-200,2023-01-25,2.97
USG-103673,EQ-1135,OP-248,2024-03-02,6.77
USG-103674,EQ-1143,OP-261,2023-03-07,2.27
USG-103675,EQ-1067,OP-263,2023-12-13,11.46
USG-103676,EQ-1105,OP-246,2024-05-11,7.86
USG-103677,EQ-1018,OP-267,2023-10-08,5.81
USG-103678,EQ-1134,OP-250,2024-02-25,2.16
USG-103679,EQ-1057,OP-219,2023-04-08,8.75
USG-103680,EQ-1061,OP-224,2023-06-12,2.19
USG-103681,EQ-1111,OP-231,2023-03-17,2.21
USG-103682,EQ-1058,OP-243,2023-03-13,10.8
USG-103683,EQ-1102,OP-213,2023-03-31,6.34
USG-103684,EQ-1145,OP-221,2024-04-24,7.96
USG-103685,EQ-1066,OP-266,2023-05-23,11.18
USG-103686,EQ-1138,OP-214,2024-03-22,4.75
USG-103687,EQ-1056,OP-232,2023-01-13,4.86
USG-103688,EQ-1021,OP-240,2023-12-26,9.71
USG-103689,EQ-1099,OP-221,2024-02-04,7.9
USG-103690,EQ-1091,OP-219,2023-01-09,5.6
USG-103691,EQ-1043,OP-222,2024-03-29,9.11
USG-103692,EQ-1048,OP-238,2023-02-07,6.77
USG-103693,EQ-1088,OP-275,2023-10-18,3.89
USG-103694,EQ-1146,OP-245,2024-05-15,9.52
USG-103695,EQ-1037,OP-257,2023-05-18,6.77
USG-103696,EQ-1055,OP-258,2023-01-07,3.06
USG-103697,EQ-1118,OP-213,2023-02-22,4.56
USG-103698,EQ-1052,OP-201,2023-10-06,4.12
USG-103699,EQ-1130,OP-273,2024-05-08,8.19
USG-103701,EQ-1051,OP-256,2023-04-28,9.51
USG-103702,EQ-1089,OP-200,2023-08-30,6.77
USG-103703,EQ-1005,OP-217,2023-10-06,2.23
USG-103704,EQ-1041,OP-255,2024-01-26,4.93
USG-103705,EQ-1083,OP-211,2023-12-17,6.77
USG-103706,EQ-1020,OP-214,2023-11-13,4.19
USG-103707,EQ-1109,OP-226,2023-12-20,1.61
USG-103708,EQ-1033,OP-204,2023-03-20,1.53
USG-103709,EQ-1069,OP-235,2023-04-12,3.65
USG-103710,EQ-1111,OP-218,2024-03-10,6.77
USG-103711,EQ-1106,OP-228,2023-03-05,5.98
USG-103712,EQ-1142,OP-239,2023-01-05,4.17
USG-103715,EQ-1024,OP-238,2023-03-15,8.78
USG-103716,EQ-1033,OP-215,2023-03-07,8.37
USG-103717,EQ-1104,OP-253,2023-02-20,2.78
USG-103718,EQ-1084,OP-231,2023-12-23,11.79
USG-103719,EQ-1083,OP-270,2023-04-09,8.18
USG-103720,EQ-1069,OP-239,2023-09-12,5.07
USG-103722,EQ-1083,OP-255,2024-03-03,7.2
USG-103723,EQ-1102,OP-210,2023-08-16,11.68
USG-103725,EQ-1120,OP-269,2023-08-10,10.36
USG-103726,EQ-1033,OP-228,2023-07-08,8.77
USG-103727,EQ-1093,OP-223,2023-01-24,7.42
USG-103729,EQ-1140,OP-239,2024-01-24,3.0
USG-103730,EQ-1083,OP-213,2023-02-14,6.77
USG-103731,EQ-1091,OP-273,2023-08-26,6.77
USG-103733,EQ-1096,OP-265,2023-04-11,9.36
USG-103734,EQ-1129,OP-266,2023-10-28,8.71
USG-103736,EQ-1122,OP-276,2023-03-06,11.25
USG-103737,EQ-1012,OP-228,2023-04-19,7.18
USG-103738,EQ-1090,OP-218,2023-09-20,11.41
USG-103739,EQ-1131,OP-213,2023-10-07,3.97
USG-103740,EQ-1101,OP-206,2023-12-31,8.27
USG-103741,EQ-1127,OP-278,2023-10-26,11.4
USG-103742,EQ-1076,OP-240,2023-08-25,4.15
USG-103743,EQ-1070,OP-205,2023-08-20,3.29
USG-103744,EQ-1098,OP-243,2023-05-26,6.25
USG-103745,EQ-1145,OP-250,2023-01-16,4.12
USG-103746,EQ-1131,OP-278,2023-09-22,8.96
USG-103747,EQ-1013,OP-277,2023-12-27,5.32
USG-103748,EQ-1115,OP-228,2024-04-17,8.49
USG-103749,EQ-1018,OP-267,2023-06-08,4.72
USG-103750,EQ-1053,OP-256,2023-11-30,10.32
USG-103751,EQ-1099,OP-224,2023-06-11,1.53
USG-103752,EQ-1055,OP-220,2023-03-18,6.76
USG-103753,EQ-1060,OP-252,2023-10-25,11.52
USG-103754,EQ-1011,OP-228,2023-02-14,11.26
USG-103755,EQ-1100,OP-220,2023-08-23,8.96
USG-103756,EQ-1072,OP-219,2023-05-15,6.77
USG-103757,EQ-1032,OP-261,2023-09-07,7.93
USG-103758,EQ-1149,OP-245,2023-06-10,11.86
USG-103759,EQ-1038,OP-252,2023-02-28,6.77
USG-103760,EQ-1079,OP-246,2023-10-16,5.61
USG-103761,EQ-1027,OP-231,2024-04-19,8.17
USG-103762,EQ-1003,OP-241,2023-01-16,11.01
USG-103763,EQ-1038,OP-269,2023-11-29,1.78
USG-103764,EQ-1072,OP-245,2023-05-08,5.4
USG-103765,EQ-1087,OP-206,2023-03-06,4.99
USG-103767,EQ-1035,OP-224,2023-10-23,6.77
USG-103768,EQ-1105,OP-266,2023-04-02,5.7
USG-103769,EQ-1036,OP-254,2024-03-31,6.77
USG-103770,EQ-1047,OP-272,2023-08-16,1.75
USG-103771,EQ-1009,OP-259,2023-01-13,6.77
USG-103772,EQ-1027,OP-207,2023-04-17,4.75
USG-103774,EQ-1060,OP-229,2023-10-29,2.26
USG-103776,EQ-1040,OP-253,2023-01-22,2.82
USG-103777,EQ-1059,OP-256,2024-01-19,2.07
USG-103778,EQ-1143,OP-269,2023-10-02,10.85
USG-103779,EQ-1015,OP-219,2023-03-23,8.78
USG-103780,EQ-1020,OP-221,2023-08-04,10.97
USG-103781,EQ-1107,OP-274,2023-06-15,6.66
USG-103783,EQ-1065,OP-243,2023-04-01,7.28
USG-103784,EQ-1120,OP-268,2023-05-14,6.77
USG-103785,EQ-1069,OP-261,2023-08-28,11.94
USG-103786,EQ-1131,OP-258,2024-05-03,3.13
USG-103787,EQ-1034,OP-218,2024-04-02,8.93
USG-103788,EQ-1065,OP-203,2023-01-01,2.28
USG-103789,EQ-1108,OP-249,2024-01-09,1.61
USG-103790,EQ-1102,OP-260,2024-05-11,8.18
USG-103791,EQ-1149,OP-215,2024-03-26,4.26
USG-103792,EQ-1092,OP-247,2023-12-11,5.69
USG-103796,EQ-1072,OP-254,2024-05-14,6.15
USG-103798,EQ-1023,OP-273,2024-04-18,2.04
USG-103799,EQ-1142,OP-203,2024-01-07,3.06
USG-103800,EQ-1144,OP-229,2023-12-27,2.36
USG-103801,EQ-1044,OP-260,2023-07-06,6.47
USG-103802,EQ-1085,OP-276,2023-08-05,11.87
USG-103803,EQ-1065,OP-221,2023-06-27,8.64
USG-103804,EQ-1066,OP-221,2023-01-29,2.69
USG-103805,EQ-1054,OP-205,2024-04-26,5.35
USG-103806,EQ-1048,OP-278,2024-01-28,5.95
USG-103807,EQ-1146,OP-277,2023-08-18,8.6
USG-103808,EQ-1001,OP-240,2023-06-25,9.86
USG-103809,EQ-1011,OP-266,2023-06-02,6.85
USG-103810,EQ-1008,OP-227,2024-05-04,5.71
USG-103811,EQ-1011,OP-256,2023-05-11,6.77
USG-103812,EQ-1142,OP-223,2023-05-13,3.03
USG-103813,EQ-1027,OP-214,2023-02-16,6.77
USG-103814,EQ-1095,OP-209,2024-05-07,5.96
USG-103815,EQ-1141,OP-241,2023-11-02,4.05
USG-103816,EQ-1105,OP-226,2023-01-27,8.79
USG-103817,EQ-1136,OP-UNKNOWN,2024-01-24,8.39
USG-103818,EQ-1039,OP-263,2023-12-06,6.77
USG-103819,EQ-1075,OP-220,2024-02-26,11.24
USG-103820,EQ-1140,OP-278,2023-03-14,9.95
USG-103821,EQ-1065,OP-269,2023-05-24,4.59
USG-103822,EQ-1116,OP-261,2024-01-05,6.48
USG-103823,EQ-1046,OP-255,2023-02-10,7.12
USG-103824,EQ-1088,OP-279,2024-03-02,10.57
USG-103825,EQ-1128,OP-279,2023-08-21,6.34
USG-103826,EQ-1075,OP-265,2023-05-13,11.65
USG-103827,EQ-1001,OP-278,2024-04-19,7.6
USG-103828,EQ-1054,OP-200,2023-12-20,3.41
USG-103829,EQ-1016,OP-274,2023-04-17,6.92
USG-103830,EQ-1039,OP-267,2023-05-27,4.05
USG-103831,EQ-1089,OP-208,2023-07-04,2.93
USG-103832,EQ-1061,OP-207,2024-05-09,8.4
USG-103833,EQ-1064,OP-240,2024-05-10,2.88
USG-103834,EQ-1076,OP-206,2023-04-20,3.35
USG-103835,EQ-1125,OP-252,2023-11-22,6.29
USG-103836,EQ-1107,OP-208,2024-02-14,2.3
USG-103837,EQ-1003,OP-223,2023-10-13,9.88
USG-103838,EQ-1106,OP-238,2023-06-27,6.89
USG-103839,EQ-1090,OP-237,2023-02-10,6.77
USG-103840,EQ-1141,OP-222,2023-06-23,11.11
USG-103841,EQ-1138,OP-274,2023-01-22,11.5
USG-103842,EQ-1134,OP-222,2023-10-02,8.77
USG-103843,EQ-1073,OP-204,2023-06-18,8.53
USG-103844,EQ-1042,OP-269,2023-10-12,9.82
USG-103845,EQ-1042,OP-220,2024-04-14,11.42
USG-103846,EQ-1075,OP-256,2024-04-20,5.59
USG-103847,EQ-1138,OP-243,2023-04-06,9.26
USG-103848,EQ-1062,OP-264,2024-04-12,10.23
USG-103849,EQ-1020,OP-200,2023-07-28,10.15
USG-103850,EQ-1088,OP-247,2023-09-03,3.32
USG-103851,EQ-1033,OP-257,2023-09-13,2.09
USG-103852,EQ-1086,OP-274,2023-08-29,9.65
USG-103853,EQ-1032,OP-244,2024-02-22,11.07
USG-103854,EQ-1041,OP-205,2024-01-26,5.09
USG-103855,EQ-1105,OP-228,2023-10-24,11.82
USG-103856,EQ-1075,OP-253,2023-09-02,11.52
USG-103857,EQ-1149,OP-236,2023-07-24,7.04
USG-103858,EQ-1087,OP-201,2023-06-02,8.55
USG-103859,EQ-1110,OP-229,2023-04-17,10.41
USG-103860,EQ-1041,OP-277,2023-06-19,8.74
USG-103861,EQ-1108,OP-230,2023-12-13,7.62
USG-103862,EQ-1071,OP-253,2023-05-21,8.18
USG-103863,EQ-1052,OP-216,2024-04-28,11.53
USG-103864,EQ-1007,OP-230,2024-01-05,10.61
USG-103865,EQ-1139,OP-245,2023-08-06,6.77
USG-103866,EQ-1140,OP-209,2023-01-20,6.77
USG-103867,EQ-1055,OP-235,2024-03-04,6.31
USG-103868,EQ-1115,OP-265,2024-01-28,11.22
USG-103869,EQ-1110,OP-247,2023-08-25,10.93
USG-103870,EQ-1126,OP-243,2023-11-10,1.77
USG-103871,EQ-1061,OP-249,2023-03-10,6.15
USG-103872,EQ-1093,OP-236,2024-04-04,5.12
USG-103873,EQ-1080,OP-246,2023-03-15,6.77
USG-103874,EQ-1135,OP-264,2023-03-25,6.77
USG-103875,EQ-1024,OP-278,2023-11-19,10.24
USG-103876,EQ-1075,OP-240,2023-03-18,9.79
USG-103877,EQ-1121,OP-279,2024-03-27,6.89
USG-103878,EQ-1036,OP-207,2023-04-07,10.51
USG-103879,EQ-1023,OP-236,2024-03-25,6.77
USG-103880,EQ-1149,OP-255,2023-04-30,9.75
USG-103881,EQ-1023,OP-211,2024-02-26,6.77
USG-103882,EQ-1042,OP-273,2023-06-12,6.77
USG-103883,EQ-1122,OP-232,2023-02-15,3.99
USG-103884,EQ-1077,OP-211,2023-10-11,11.65
USG-103885,EQ-1077,OP-229,2023-05-15,6.47
USG-103886,EQ-1110,OP-259,2023-08-07,6.68
USG-103887,EQ-1032,OP-214,2023-03-19,2.41
USG-103889,EQ-1134,OP-206,2023-10-12,2.24
USG-103890,EQ-1105,OP-246,2023-03-22,2.63
USG-103891,EQ-1009,OP-208,2023-12-10,11.62
USG-103892,EQ-1052,OP-219,2023-04-30,8.07
USG-103893,EQ-1076,OP-208,2024-04-11,6.77
USG-103895,EQ-1082,OP-203,2023-02-27,3.17
USG-103896,EQ-1063,OP-233,2023-10-31,6.77
USG-103897,EQ-1065,OP-260,2024-01-30,6.77
USG-103898,EQ-1116,OP-219,2023-07-03,3.1
USG-103899,EQ-1096,OP-226,2023-03-02,8.45
USG-103900,EQ-1128,OP-211,2023-11-30,11.75
USG-103901,EQ-1112,OP-203,2024-05-03,7.93
USG-103902,EQ-1052,OP-251,2024-03-21,6.77
USG-103903,EQ-1071,OP-276,2024-03-17,8.71
USG-103904,EQ-1035,OP-231,2023-04-22,6.77
USG-103905,EQ-1081,OP-201,2024-05-02,11.09
USG-103906,EQ-1012,OP-225,2023-05-08,10.37
USG-103907,EQ-1103,OP-268,2024-02-03,8.81
USG-103908,EQ-1141,OP-221,2023-05-05,1.55
USG-103909,EQ-1047,OP-241,2024-04-12,8.7
USG-103910,EQ-1086,OP-245,2023-06-11,8.01
USG-103911,EQ-1147,OP-203,2024-05-08,10.55
USG-103912,EQ-1060,OP-269,2023-10-15,6.63
USG-103913,EQ-1144,OP-224,2023-03-16,1.84
USG-103914,EQ-1105,OP-246,2023-09-23,9.9
USG-103915,EQ-1122,OP-234,2023-02-20,2.43
USG-103916,EQ-1058,OP-242,2023-06-26,6.55
USG-103917,EQ-1066,OP-238,2023-01-03,9.65
USG-103920,EQ-1096,OP-266,2023-11-08,1.73
USG-103921,EQ-1086,OP-234,2023-07-14,3.34
USG-103922,EQ-1063,OP-232,2024-04-18,10.38
USG-103923,EQ-1115,OP-234,2024-02-18,9.89
USG-103924,EQ-1080,OP-243,2024-03-09,9.77
USG-103925,EQ-1059,OP-211,2023-02-17,11.78
USG-103926,EQ-1038,OP-266,2023-07-12,4.3
USG-103927,EQ-1025,OP-256,2024-01-16,9.88
USG-103928,EQ-1094,OP-207,2024-04-27,8.13
USG-103929,EQ-1149,OP-203,2024-02-04,5.77
USG-103930,EQ-1092,OP-214,2023-02-05,9.8
USG-103931,EQ-1004,OP-267,2023-11-18,10.65
USG-103932,EQ-1118,OP-253,2023-03-30,4.97
USG-103933,EQ-1085,OP-215,2023-06-06,5.23
USG-103934,EQ-1099,OP-242,2023-05-31,9.29
USG-103935,EQ-1090,OP-216,2023-09-01,11.66
USG-103936,EQ-1017,OP-257,2023-04-15,8.45
USG-103937,EQ-1081,OP-229,2023-06-10,8.97
USG-103938,EQ-1041,OP-265,2023-11-07,11.53
USG-103939,EQ-1013,OP-201,2023-08-27,2.82
USG-103940,EQ-1072,OP-243,2023-08-18,6.77
USG-103941,EQ-1010,OP-272,2023-06-04,11.17
USG-103942,EQ-1062,OP-244,2024-02-01,10.04
USG-103943,EQ-1054,OP-268,2024-02-19,5.76
USG-103944,EQ-1142,OP-226,2023-01-25,4.92
USG-103945,EQ-1116,OP-260,2023-02-19,7.38
USG-103946,EQ-1016,OP-259,2024-06-05,9.8
USG-103949,EQ-1147,OP-238,2023-03-30,11.14
USG-103950,EQ-1132,OP-243,2024-05-11,12.0
USG-103951,EQ-1074,OP-263,2023-08-23,7.39
USG-103952,EQ-1037,OP-222,2023-06-21,9.39
USG-103953,EQ-1142,OP-270,2024-05-11,6.57
USG-103954,EQ-1015,OP-251,2023-07-30,6.02
USG-103955,EQ-1052,OP-227,2024-02-29,6.32
USG-103956,EQ-1103,OP-267,2023-03-10,1.51
USG-103958,EQ-1011,OP-262,2023-09-24,6.88
USG-103959,EQ-1111,OP-274,2023-04-26,10.33
USG-103960,EQ-1008,OP-265,2023-05-01,3.12
USG-103961,EQ-1111,OP-238,2023-10-04,8.68
USG-103962,EQ-1088,OP-260,2024-02-13,10.03
USG-103963,EQ-1113,OP-260,2023-07-22,9.62
USG-103964,EQ-1128,OP-275,2023-05-19,1.54
USG-103965,EQ-1010,OP-242,2024-01-27,3.45
USG-103966,EQ-1101,OP-228,2023-01-30,5.58
USG-103967,EQ-1065,OP-247,2024-05-02,7.92
USG-103968,EQ-1008,OP-259,2024-01-21,9.49
USG-103969,EQ-1058,OP-255,2023-09-21,4.35
USG-103970,EQ-1122,OP-216,2023-06-25,9.48
USG-103971,EQ-1006,OP-245,2024-03-06,9.09
USG-103972,EQ-1053,OP-263,2023-08-11,2.86
USG-103973,EQ-1090,OP-220,2024-01-31,6.39
USG-103974,EQ-1056,OP-222,2023-04-06,2.57
USG-103975,EQ-1058,OP-206,2023-01-04,3.0
USG-103976,EQ-1008,OP-257,2023-01-06,10.81
USG-103977,EQ-1031,OP-268,2024-03-30,4.45
USG-103978,EQ-1021,OP-262,2024-04-01,4.33
USG-103979,EQ-1025,OP-247,2024-01-21,6.51
USG-103980,EQ-1098,OP-249,2023-06-01,4.73
USG-103981,EQ-1036,OP-262,2023-12-07,6.37
USG-103982,EQ-1111,OP-241,2023-04-16,6.23
USG-103983,EQ-1109,OP-246,2023-11-12,2.89
USG-103984,EQ-1054,OP-273,2023-01-20,11.06
USG-103985,EQ-1132,OP-227,2023-02-11,6.77
USG-103986,EQ-1130,OP-274,2024-02-27,9.88
USG-103987,EQ-1007,OP-201,2023-07-22,9.23
USG-103988,EQ-1009,OP-258,2023-04-25,6.45
USG-103989,EQ-1145,OP-268,2023-08-08,5.26
USG-103990,EQ-1000,OP-242,2023-04-05,5.5
USG-103991,EQ-1083,OP-251,2023-05-04,3.66
USG-103992,EQ-1106,OP-277,2023-05-12,4.53
USG-103993,EQ-1144,OP-236,2023-08-01,8.36
USG-103994,EQ-1120,OP-262,2023-04-22,10.45
USG-103996,EQ-1042,OP-249,2023-12-03,8.9
USG-103997,EQ-1052,OP-264,2023-08-20,11.79
USG-103998,EQ-1100,OP-UNKNOWN,2023-02-19,6.77
USG-104000,EQ-1039,OP-238,2024-04-18,7.36
USG-104001,EQ-1050,OP-265,2023-07-02,4.43
USG-104002,EQ-1110,OP-278,2023-10-12,2.52
USG-104003,EQ-1093,OP-271,2023-02-25,6.65
USG-104004,EQ-1069,OP-273,2024-03-03,9.82
USG-104005,EQ-1059,OP-270,2024-03-27,10.86
USG-104006,EQ-1033,OP-273,2023-01-16,5.12
USG-104007,EQ-1141,OP-269,2024-02-14,6.15
USG-104008,EQ-1138,OP-256,2023-05-21,1.96
USG-104009,EQ-1130,OP-227,2023-09-15,4.9
USG-104010,EQ-1011,OP-273,2023-11-27,4.44
USG-104011,EQ-1042,OP-228,2023-06-02,4.14
USG-104012,EQ-1084,OP-214,2023-04-06,5.58
USG-104013,EQ-1129,OP-200,2023-09-24,10.61
USG-104014,EQ-1074,OP-200,2024-04-08,3.73
USG-104015,EQ-1112,OP-255,2024-01-12,9.29
USG-104016,EQ-1020,OP-214,2024-02-20,4.0
USG-104017,EQ-1103,OP-244,2023-10-10,8.97
USG-104018,EQ-1144,OP-205,2023-01-22,4.8
USG-104019,EQ-1055,OP-216,2024-03-08,8.45
USG-104022,EQ-1075,OP-259,2023-02-18,5.44
USG-104023,EQ-1023,OP-277,2023-10-18,11.09
USG-104024,EQ-1095,OP-245,2023-06-22,10.04
USG-104025,EQ-1056,OP-273,2023-07-30,6.05
USG-104026,EQ-1019,OP-268,2023-01-06,3.05
USG-104027,EQ-1041,OP-271,2024-04-09,11.33
USG-104028,EQ-1125,OP-212,2023-11-04,7.71
USG-104029,EQ-1035,OP-224,2023-05-24,2.92
USG-104030,EQ-1067,OP-206,2024-04-28,10.66
USG-104031,EQ-1120,OP-266,2023-10-12,6.21
USG-104032,EQ-1099,OP-208,2023-12-20,3.4
USG-104033,EQ-1033,OP-229,2024-04-14,11.96
USG-104035,EQ-1016,OP-215,2023-12-08,8.96
USG-104036,EQ-1056,OP-223,2023-06-16,6.83
USG-104038,EQ-1142,OP-264,2023-12-25,2.61
USG-104039,EQ-1149,OP-213,2023-10-20,2.01
USG-104040,EQ-1007,OP-211,2023-02-03,6.77
USG-104041,EQ-1108,OP-UNKNOWN,2023-03-04,2.58
USG-104042,EQ-1142,OP-232,2023-05-11,10.32
USG-104044,EQ-1060,OP-272,2023-06-16,5.2
USG-104045,EQ-1002,OP-242,2024-02-29,5.85
USG-104046,EQ-1116,OP-250,2023-08-10,7.99
USG-104047,EQ-1089,OP-205,2023-09-07,4.38
USG-104048,EQ-1004,OP-245,2023-08-21,6.15
USG-104049,EQ-1080,OP-268,2023-05-28,7.85
USG-104050,EQ-1088,OP-212,2023-07-20,6.7
USG-104051,EQ-1102,OP-237,2023-12-11,4.86
USG-104052,EQ-1034,OP-249,2023-03-08,5.57
USG-104053,EQ-1099,OP-269,2023-07-24,4.74
USG-104054,EQ-1069,OP-251,2024-03-24,11.98
USG-104055,EQ-1123,OP-215,2023-07-22,6.73
USG-104056,EQ-1075,OP-208,2024-04-04,11.49
USG-104057,EQ-1037,OP-235,2023-04-02,5.09
USG-104058,EQ-1008,OP-UNKNOWN,2023-06-14,8.0
USG-104059,EQ-1016,OP-213,2023-07-05,6.77
USG-104060,EQ-1002,OP-229,2023-06-19,9.05
USG-104061,EQ-1095,OP-202,2023-06-18,3.91
USG-104062,EQ-1062,OP-215,2023-01-04,11.17
USG-104064,EQ-1019,OP-203,2024-02-18,6.6
USG-104065,EQ-1050,OP-259,2024-03-24,7.21
USG-104066,EQ-1077,OP-219,2023-02-19,7.07
USG-104067,EQ-1055,OP-272,2024-03-19,2.35
USG-104068,EQ-1003,OP-272,2023-07-16,11.72
USG-104069,EQ-1118,OP-278,2024-01-22,8.63
USG-104070,EQ-1121,OP-236,2024-02-02,2.84
USG-104071,EQ-1076,OP-268,2023-03-15,6.69
USG-104072,EQ-1080,OP-223,2023-03-07,2.73
USG-104073,EQ-1134,OP-223,2023-11-10,6.77
USG-104074,EQ-1086,OP-270,2024-01-12,6.45
USG-104076,EQ-1139,OP-238,2023-06-14,6.19
USG-104077,EQ-1033,OP-260,2023-06-10,10.13
USG-104079,EQ-1024,OP-204,2023-09-04,11.38
USG-104080,EQ-1067,OP-215,2023-01-08,11.18
USG-104081,EQ-1097,OP-245,2023-12-29,3.65
USG-104082,EQ-1122,OP-215,2023-12-16,10.1
USG-104083,EQ-1148,OP-221,2023-11-15,1.8
USG-104084,EQ-1011,OP-238,2023-04-26,6.71
USG-104085,EQ-1138,OP-270,2024-01-03,6.77
USG-104086,EQ-1129,OP-260,2023-09-20,11.96
USG-104087,EQ-1033,OP-273,2023-10-30,3.78
USG-104088,EQ-1056,OP-262,2024-04-07,11.5
USG-104089,EQ-1030,OP-223,2023-04-28,7.35
USG-104090,EQ-1112,OP-UNKNOWN,2023-08-19,4.78
USG-104091,EQ-1134,OP-250,2023-10-12,9.09
USG-104092,EQ-1001,OP-228,2023-07-26,11.81
USG-104093,EQ-1003,OP-UNKNOWN,2024-05-10,2.96
USG-104094,EQ-1140,OP-215,2024-03-19,8.27
USG-104095,EQ-1148,OP-227,2024-03-15,11.56
USG-104096,EQ-1142,OP-256,2023-03-10,3.76
USG-104097,EQ-1002,OP-246,2023-11-26,7.48
USG-104098,EQ-1009,OP-251,2023-12-04,6.77
USG-104099,EQ-1090,OP-212,2023-04-04,4.28
USG-104100,EQ-1133,OP-235,2023-10-24,2.68
USG-104102,EQ-1099,OP-259,2023-10-13,8.93
USG-104103,EQ-1057,OP-232,2023-11-17,8.74
USG-104104,EQ-1148,OP-246,2024-01-13,8.07
USG-104105,EQ-1066,OP-279,2023-05-07,11.17
USG-104106,EQ-1104,OP-250,2023-06-22,5.7
USG-104107,EQ-1126,OP-246,2023-10-18,5.96
USG-104108,EQ-1079,OP-232,2023-11-01,9.63
USG-104109,EQ-1006,OP-269,2024-02-14,6.66
USG-104110,EQ-1051,OP-201,2023-12-14,2.71
USG-104111,EQ-1008,OP-210,2023-04-25,7.02
USG-104113,EQ-1149,OP-211,2023-01-02,5.63
USG-104114,EQ-1098,OP-232,2024-02-27,4.77
USG-104115,EQ-1146,OP-243,2024-04-08,11.18
USG-104116,EQ-1146,OP-229,2023-07-18,7.63
USG-104117,EQ-1011,OP-224,2023-08-23,8.58
USG-104118,EQ-1130,OP-272,2023-10-17,4.3
USG-104119,EQ-1120,OP-246,2023-07-05,3.55
USG-104120,EQ-1125,OP-215,2023-03-01,8.0
USG-104121,EQ-1119,OP-226,2023-11-17,10.43
USG-104123,EQ-1107,OP-204,2024-04-20,7.85
USG-104124,EQ-1088,OP-261,2024-03-17,7.71
USG-104125,EQ-1049,OP-252,2023-05-21,3.27
USG-104126,EQ-1125,OP-263,2023-12-03,10.68
USG-104127,EQ-1067,OP-266,2023-08-16,8.0
USG-104128,EQ-1067,OP-210,2023-06-28,9.25
USG-104129,EQ-1113,OP-240,2023-11-28,4.16
USG-104130,EQ-1061,OP-221,2023-11-04,4.37
USG-104131,EQ-1134,OP-240,2024-03-25,4.99
USG-104132,EQ-1112,OP-244,2023-05-24,9.61
USG-104133,EQ-1001,OP-268,2023-04-21,11.21
USG-104134,EQ-1047,OP-215,2023-05-07,11.75
USG-104135,EQ-1070,OP-203,2023-09-01,11.66
USG-104136,EQ-1022,OP-249,2023-04-22,4.2
USG-104137,EQ-1026,OP-218,2023-07-28,7.1
USG-104138,EQ-1110,OP-237,2024-04-18,5.98
USG-104139,EQ-1100,OP-204,2023-05-07,2.93
USG-104140,EQ-1146,OP-233,2023-02-27,2.06
USG-104141,EQ-1147,OP-208,2023-01-28,6.77
USG-104142,EQ-1111,OP-268,2023-02-26,2.71
USG-104143,EQ-1132,OP-259,2023-09-01,6.94
USG-104144,EQ-1005,OP-233,2023-05-09,10.55
USG-104145,EQ-1121,OP-226,2024-03-13,11.07
USG-104146,EQ-1046,OP-223,2024-01-25,10.54
USG-104148,EQ-1030,OP-276,2023-04-04,11.19
USG-104149,EQ-1145,OP-224,2023-09-09,8.27
USG-104150,EQ-1076,OP-213,2023-12-25,11.09
USG-104151,EQ-1128,OP-242,2024-04-14,1.62
USG-104152,EQ-1011,OP-251,2024-03-08,1.81
USG-104153,EQ-1010,OP-258,2023-09-28,8.28
USG-104154,EQ-1068,OP-225,2024-02-17,10.33
USG-104155,EQ-1054,OP-242,2023-12-04,10.61
USG-104156,EQ-1033,OP-265,2023-01-30,10.6
USG-104157,EQ-1129,OP-249,2024-02-16,11.46
USG-104158,EQ-1132,OP-279,2023-09-15,11.94
USG-104159,EQ-1141,OP-273,2024-04-06,3.76
USG-104160,EQ-1047,OP-204,2023-08-25,1.55
USG-104161,EQ-1087,OP-279,2023-11-16,5.3
USG-104162,EQ-1009,OP-277,2024-04-30,5.5
USG-104163,EQ-1042,OP-245,2024-03-11,11.68
USG-104164,EQ-1007,OP-275,2023-03-02,9.85
USG-104165,EQ-1046,OP-226,2024-04-18,10.6
USG-104166,EQ-1091,OP-271,2024-05-14,6.77
USG-104167,EQ-1051,OP-268,2023-03-13,8.78
USG-104168,EQ-1132,OP-207,2023-06-04,8.78
USG-104169,EQ-1014,OP-244,2023-06-02,3.78
USG-104170,EQ-1113,OP-262,2023-11-04,10.02
USG-104171,EQ-1038,OP-242,2023-11-23,10.21
USG-104172,EQ-1021,OP-262,2023-03-16,6.91
USG-104173,EQ-1070,OP-275,2023-07-01,5.1
USG-104174,EQ-1093,OP-253,2024-02-01,9.1
USG-104175,EQ-1086,OP-231,2023-01-28,5.94
USG-104176,EQ-1084,OP-233,2024-01-15,8.59
USG-104177,EQ-1075,OP-236,2023-10-27,10.38
USG-104178,EQ-1130,OP-232,2023-05-28,3.99
USG-104179,EQ-1113,OP-252,2023-11-01,5.2
USG-104180,EQ-1053,OP-242,2023-09-18,6.83
USG-104181,EQ-1039,OP-242,2023-06-03,8.09
USG-104182,EQ-1069,OP-223,2023-07-09,2.83
USG-104183,EQ-1037,OP-275,2024-02-20,6.43
USG-104184,EQ-1126,OP-236,2024-03-23,11.82
USG-104185,EQ-1079,OP-253,2023-08-25,10.38
USG-104186,EQ-1109,OP-272,2023-06-24,6.63
USG-104187,EQ-1093,OP-243,2024-06-04,6.23
USG-104188,EQ-1005,OP-215,2024-02-05,3.11
USG-104189,EQ-1123,OP-225,2024-02-17,5.36
USG-104190,EQ-1051,OP-263,2024-04-09,2.09
USG-104191,EQ-1093,OP-230,2024-02-09,11.62
USG-104192,EQ-1093,OP-223,2024-05-05,11.54
USG-104193,EQ-1052,OP-261,2023-12-25,5.85
USG-104194,EQ-1091,OP-238,2024-02-16,6.78
USG-104196,EQ-1040,OP-274,2023-08-22,7.34
USG-104197,EQ-1062,OP-253,2023-01-19,10.78
USG-104198,EQ-1139,OP-203,2023-02-15,9.51
USG-104199,EQ-1020,OP-247,2024-03-06,6.77
USG-104200,EQ-1012,OP-224,2023-12-18,3.78
USG-104201,EQ-1062,OP-205,2023-04-05,10.84
USG-104202,EQ-1114,OP-208,2023-10-14,4.62
USG-104203,EQ-1115,OP-252,2024-01-31,9.35
USG-104204,EQ-1034,OP-269,2023-04-30,3.45
USG-104205,EQ-1103,OP-261,2023-05-23,4.72
USG-104206,EQ-1065,OP-271,2023-04-10,9.5
USG-104207,EQ-1111,OP-256,2023-11-01,2.48
USG-104208,EQ-1121,OP-238,2023-05-20,5.58
USG-104209,EQ-1022,OP-232,2023-07-16,9.83
USG-104210,EQ-1085,OP-241,2023-06-19,8.36
USG-104211,EQ-1071,OP-UNKNOWN,2023-03-20,7.63
USG-104213,EQ-1132,OP-215,2023-12-05,2.96
USG-104214,EQ-1037,OP-217,2023-05-17,3.45
USG-104215,EQ-1119,OP-262,2023-12-28,11.8
USG-104216,EQ-1016,OP-252,2023-09-09,11.89
USG-104217,EQ-1126,OP-206,2024-04-20,7.63
USG-104218,EQ-1083,OP-257,2023-12-06,11.12
USG-104219,EQ-1117,OP-271,2023-12-13,5.04
USG-104220,EQ-1033,OP-261,2023-11-30,11.38
USG-104221,EQ-1106,OP-221,2023-08-28,4.18
USG-104222,EQ-1049,OP-232,2023-04-01,2.42
USG-104224,EQ-1147,OP-267,2023-06-27,9.95
USG-104225,EQ-1025,OP-240,2024-03-26,7.21
USG-104226,EQ-1048,OP-223,2023-12-30,6.5
USG-104227,EQ-1052,OP-262,2023-12-10,9.68
USG-104228,EQ-1052,OP-200,2023-07-25,9.9
USG-104229,EQ-1019,OP-262,2023-01-23,7.83
USG-104230,EQ-1089,OP-237,2023-10-25,7.99
USG-104231,EQ-1033,OP-223,2023-06-29,11.55
USG-104232,EQ-1055,OP-264,2024-02-25,10.61
USG-104233,EQ-1122,OP-246,2023-03-05,1.61
USG-104234,EQ-1035,OP-270,2023-10-28,11.33
USG-104235,EQ-1028,OP-257,2023-05-03,4.48
USG-104238,EQ-1107,OP-232,2023-08-21,5.92
USG-104239,EQ-1013,OP-251,2023-11-19,3.01
USG-104240,EQ-1028,OP-UNKNOWN,2024-03-31,10.38
USG-104241,EQ-1111,OP-205,2023-08-07,11.55
USG-104242,EQ-1045,OP-266,2023-02-16,8.73
USG-104243,EQ-1046,OP-246,2024-02-14,3.91
USG-104244,EQ-1059,OP-UNKNOWN,2024-03-18,9.21
USG-104245,EQ-1020,OP-253,2023-06-19,6.77
USG-104246,EQ-1075,OP-213,2023-12-28,6.77
USG-104247,EQ-1101,OP-252,2024-01-19,11.25
USG-104248,EQ-1028,OP-218,2024-05-01,6.77
USG-104249,EQ-1016,OP-239,2023-10-06,2.53
USG-104250,EQ-1048,OP-246,2024-01-06,3.63
USG-104251,EQ-1080,OP-247,2023-12-25,10.64
USG-104253,EQ-1037,OP-259,2023-01-06,6.13
USG-104254,EQ-1047,OP-279,2023-03-28,9.95
USG-104255,EQ-1144,OP-211,2023-08-18,5.43
USG-104256,EQ-1116,OP-256,2023-11-07,6.68
USG-104257,EQ-1144,OP-208,2023-01-30,10.87
USG-104258,EQ-1096,OP-270,2023-04-07,6.63
USG-104259,EQ-1096,OP-263,2023-01-15,4.21
USG-104260,EQ-1098,OP-237,2024-04-20,3.07
USG-104261,EQ-1146,OP-247,2023-08-28,11.38
USG-104262,EQ-1094,OP-UNKNOWN,2023-05-14,6.42
USG-104264,EQ-1032,OP-249,2024-02-08,2.77
USG-104265,EQ-1005,OP-203,2023-11-07,6.08
USG-104267,EQ-1012,OP-217,2023-09-13,7.04
USG-104268,EQ-1134,OP-262,2024-03-11,6.77
USG-104269,EQ-1118,OP-249,2023-09-17,2.6
USG-104270,EQ-1102,OP-203,2024-05-08,4.84
USG-104272,EQ-1030,OP-247,2023-07-25,10.26
USG-104273,EQ-1117,OP-267,2024-02-05,1.97
USG-104274,EQ-1027,OP-234,2024-03-26,8.21
USG-104276,EQ-1072,OP-277,2023-05-03,11.25
USG-104277,EQ-1085,OP-239,2023-04-21,7.85
USG-104278,EQ-1031,OP-218,2024-01-31,3.6
USG-104279,EQ-1065,OP-273,2023-03-05,2.68
USG-104280,EQ-1107,OP-273,2023-04-07,1.89
USG-104281,EQ-1062,OP-261,2023-10-13,5.63
USG-104282,EQ-1122,OP-230,2023-06-18,8.74
USG-104283,EQ-1070,OP-262,2023-05-10,3.46
USG-104284,EQ-1050,OP-247,2023-03-04,3.23
USG-104285,EQ-1148,OP-256,2023-11-27,11.01
USG-104287,EQ-1014,OP-261,2023-12-21,9.7
USG-104288,EQ-1117,OP-209,2024-04-13,4.67
USG-104289,EQ-1089,OP-209,2023-02-05,1.83
USG-104290,EQ-1117,OP-279,2023-05-20,3.47
USG-104291,EQ-1095,OP-245,2023-08-02,3.57
USG-104292,EQ-1104,OP-258,2024-05-14,4.81
USG-104294,EQ-1015,OP-208,2023-01-09,9.68
USG-104295,EQ-1066,OP-244,2023-05-23,11.17
USG-104297,EQ-1029,OP-219,2024-01-26,4.08
USG-104298,EQ-1082,OP-239,2024-02-12,2.56
USG-104299,EQ-1127,OP-224,2023-06-03,8.25
USG-104300,EQ-1105,OP-220,2023-07-16,5.01
USG-104301,EQ-1106,OP-200,2024-04-11,3.92
USG-104302,EQ-1099,OP-221,2023-03-15,1.54
USG-104303,EQ-1021,OP-231,2023-12-08,5.52
USG-104304,EQ-1087,OP-233,2023-08-30,2.03
USG-104305,EQ-1063,OP-267,2024-03-12,6.77
USG-104306,EQ-1091,OP-224,2023-06-22,9.51
USG-104307,EQ-1045,OP-UNKNOWN,2023-03-29,6.62
USG-104308,EQ-1098,OP-277,2023-06-22,2.4
USG-104309,EQ-1085,OP-224,2023-04-22,5.28
USG-104310,EQ-1035,OP-276,2024-02-14,6.03
USG-104311,EQ-1081,OP-256,2023-11-28,9.13
USG-104312,EQ-1144,OP-242,2023-04-01,3.37
USG-104313,EQ-1149,OP-213,2023-11-30,11.06
USG-104314,EQ-1028,OP-236,2023-01-04,6.89
USG-104315,EQ-1101,OP-274,2023-04-08,3.27
USG-104316,EQ-1001,OP-220,2024-02-25,4.67
USG-104317,EQ-1013,OP-264,2023-11-28,7.99
USG-104318,EQ-1133,OP-246,2023-11-16,6.77
USG-104319,EQ-1118,OP-276,2023-03-05,10.81
USG-104320,EQ-1026,OP-239,2024-05-04,2.8
USG-104323,EQ-1060,OP-269,2023-05-09,9.14
USG-104324,EQ-1064,OP-250,2023-09-02,11.99
USG-104325,EQ-1035,OP-232,2023-03-23,9.9
USG-104326,EQ-1121,OP-239,2024-01-31,3.58
USG-104327,EQ-1137,OP-254,2023-12-29,2.04
USG-104328,EQ-1127,OP-217,2023-08-02,3.37
USG-104329,EQ-1013,OP-227,2023-12-24,10.47
USG-104331,EQ-1035,OP-223,2023-08-10,6.09
USG-104332,EQ-1136,OP-226,2023-10-31,6.06
USG-104333,EQ-1059,OP-240,2023-12-25,2.59
USG-104334,EQ-1130,OP-248,2023-11-28,3.25
USG-104335,EQ-1140,OP-266,2023-01-11,11.15
USG-104336,EQ-1059,OP-258,2024-01-31,6.77
USG-104338,EQ-1020,OP-240,2023-05-08,2.1
USG-104340,EQ-1076,OP-273,2023-11-09,3.58
USG-104341,EQ-1096,OP-253,2023-03-06,11.31
USG-104342,EQ-1148,OP-278,2024-02-04,9.27
USG-104343,EQ-1043,OP-247,2023-10-26,10.08
USG-104344,EQ-1008,OP-278,2023-02-04,5.84
USG-104345,EQ-1090,OP-212,2023-01-14,5.1
USG-104346,EQ-1109,OP-245,2024-01-11,5.02
USG-104347,EQ-1016,OP-263,2024-03-28,3.99
USG-104348,EQ-1124,OP-259,2024-03-20,6.77
USG-104349,EQ-1044,OP-269,2023-02-27,2.16
USG-104350,EQ-1134,OP-272,2024-01-20,4.73
USG-104351,EQ-1081,OP-215,2023-02-06,4.83
USG-104352,EQ-1062,OP-263,2024-04-01,6.77
USG-104353,EQ-1052,OP-213,2024-04-04,5.73
USG-104354,EQ-1013,OP-242,2024-02-05,8.57
USG-104355,EQ-1060,OP-268,2023-02-18,6.77
USG-104357,EQ-1017,OP-238,2023-02-08,6.77
USG-104358,EQ-1011,OP-233,2024-05-12,7.28
USG-104359,EQ-1049,OP-208,2023-05-25,10.55
USG-104360,EQ-1053,OP-202,2023-05-24,6.7
USG-104361,EQ-1052,OP-216,2023-02-23,10.64
USG-104362,EQ-1075,OP-200,2023-03-02,3.59
USG-104363,EQ-1093,OP-258,2023-10-20,6.77
USG-104364,EQ-1037,OP-216,2023-12-14,5.94
USG-104365,EQ-1118,OP-210,2023-09-08,8.96
USG-104366,EQ-1143,OP-270,2023-09-12,10.14
USG-104367,EQ-1121,OP-247,2024-03-18,6.38
USG-104368,EQ-1054,OP-210,2023-09-30,6.29
USG-104369,EQ-1041,OP-264,2023-09-01,2.73
USG-104370,EQ-1087,OP-252,2024-04-20,8.27
USG-104371,EQ-1057,OP-268,2023-10-12,6.77
USG-104372,EQ-1148,OP-239,2024-01-08,8.15
USG-104373,EQ-1124,OP-265,2023-06-19,2.61
USG-104374,EQ-1083,OP-250,2024-01-04,4.43
USG-104375,EQ-1048,OP-274,2023-04-04,4.82
USG-104376,EQ-1105,OP-240,2024-03-09,2.97
USG-104377,EQ-1119,OP-209,2024-01-29,8.4
USG-104378,EQ-1088,OP-244,2024-01-04,4.86
USG-104379,EQ-1009,OP-266,2023-12-29,6.41
USG-104380,EQ-1134,OP-275,2024-04-19,10.92
USG-104381,EQ-1027,OP-204,2024-01-15,8.63
USG-104383,EQ-1075,OP-256,2023-07-07,1.66
USG-104384,EQ-1024,OP-202,2024-05-02,5.99
USG-104385,EQ-1133,OP-234,2023-03-18,4.57
USG-104386,EQ-1127,OP-233,2023-10-16,2.71
USG-104388,EQ-1073,OP-228,2024-02-07,2.91
USG-104389,EQ-1108,OP-272,2023-11-11,4.19
USG-104390,EQ-1015,OP-207,2023-05-14,11.82
USG-104391,EQ-1113,OP-264,2024-04-22,5.74
USG-104392,EQ-1072,OP-236,2024-03-13,11.32
USG-104393,EQ-1023,OP-236,2023-05-06,4.28
USG-104394,EQ-1097,OP-212,2023-09-19,5.36
USG-104395,EQ-1121,OP-231,2023-05-19,4.34
USG-104396,EQ-1039,OP-248,2024-02-17,11.71
USG-104398,EQ-1086,OP-208,2023-02-28,1.78
USG-104399,EQ-1097,OP-UNKNOWN,2023-02-22,7.62
USG-104400,EQ-1008,OP-216,2023-04-01,4.28
USG-104401,EQ-1108,OP-256,2023-12-01,9.42
USG-104402,EQ-1143,OP-217,2023-06-11,10.24
USG-104403,EQ-1080,OP-279,2023-10-20,9.21
USG-104404,EQ-1021,OP-242,2023-06-11,11.97
USG-104405,EQ-1039,OP-216,2024-01-04,7.11
USG-104406,EQ-1148,OP-239,2024-10-05,2.9
USG-104407,EQ-1094,OP-244,2023-09-19,8.53
USG-104408,EQ-1085,OP-221,2023-09-18,11.22
USG-104409,EQ-1011,OP-265,2023-02-15,8.12
USG-104410,EQ-1054,OP-237,2024-04-11,8.89
USG-104411,EQ-1125,OP-236,2024-02-03,4.28
USG-104412,EQ-1008,OP-236,2024-02-18,5.56
USG-104413,EQ-1130,OP-249,2023-06-02,9.29
USG-104414,EQ-1093,OP-263,2023-08-25,10.06
USG-104415,EQ-1074,OP-248,2023-01-11,1.73
USG-104416,EQ-1006,OP-246,2023-05-10,3.58
USG-104417,EQ-1023,OP-207,2023-10-21,11.86
USG-104418,EQ-1064,OP-256,2023-10-16,5.29
USG-104419,EQ-1026,OP-237,2023-04-14,2.1
USG-104420,EQ-1015,OP-229,2024-01-19,7.64
USG-104421,EQ-1130,OP-233,2024-04-30,7.35
USG-104422,EQ-1062,OP-263,2023-10-30,9.12
USG-104423,EQ-1078,OP-245,2023-12-31,9.2
USG-104425,EQ-1036,OP-213,2023-09-28,11.28
USG-104426,EQ-1006,OP-276,2024-05-09,11.1
USG-104427,EQ-1026,OP-234,2023-12-30,11.77
USG-104429,EQ-1031,OP-244,2023-01-04,9.95
USG-104430,EQ-1041,OP-237,2023-12-14,3.28
USG-104431,EQ-1134,OP-217,2023-08-15,6.65
USG-104432,EQ-1046,OP-226,2023-06-12,9.4
USG-104433,EQ-1116,OP-217,2024-01-02,7.88
USG-104434,EQ-1148,OP-244,2023-03-03,1.51
USG-104435,EQ-1042,OP-224,2024-04-02,11.97
USG-104436,EQ-1145,OP-248,2024-05-12,3.77
USG-104438,EQ-1143,OP-224,2023-02-03,8.49
USG-104439,EQ-1092,OP-279,2023-04-18,10.42
USG-104440,EQ-1026,OP-278,2023-09-01,4.39
USG-104441,EQ-1079,OP-206,2024-04-02,8.75
USG-104442,EQ-1095,OP-203,2023-09-27,1.69
USG-104443,EQ-1120,OP-203,2023-10-15,10.65
USG-104444,EQ-1031,OP-235,2023-06-27,8.25
USG-104445,EQ-1105,OP-216,2023-05-01,10.01
USG-104446,EQ-1132,OP-244,2023-02-28,8.02
USG-104447,EQ-1050,OP-UNKNOWN,2024-04-24,9.84
USG-104448,EQ-1072,OP-259,2023-06-22,9.21
USG-104449,EQ-1056,OP-206,2023-08-16,6.68
USG-104450,EQ-1124,OP-269,2023-06-23,6.77
USG-104451,EQ-1024,OP-205,2023-06-01,3.35
USG-104452,EQ-1105,OP-250,2023-03-07,11.53
USG-104453,EQ-1031,OP-217,2023-01-21,3.87
USG-104454,EQ-1082,OP-233,2024-04-09,10.71
USG-104455,EQ-1049,OP-277,2024-03-21,4.51
USG-104456,EQ-1096,OP-204,2023-08-15,8.56
USG-104457,EQ-1144,OP-246,2023-09-30,2.29
USG-104458,EQ-1013,OP-255,2023-08-23,4.54
USG-104459,EQ-1114,OP-274,2023-08-19,3.77
USG-104460,EQ-1018,OP-235,2023-10-22,6.03
USG-104461,EQ-1133,OP-233,2023-05-07,1.65
USG-104462,EQ-1074,OP-275,2023-04-13,6.77
USG-104463,EQ-1114,OP-274,2023-04-02,10.98
USG-104464,EQ-1012,OP-228,2023-12-09,6.43
USG-104465,EQ-1087,OP-215,2023-03-14,11.9
USG-104466,EQ-1039,OP-200,2023-01-14,8.43
USG-104467,EQ-1089,OP-214,2023-07-08,3.41
USG-104468,EQ-1097,OP-UNKNOWN,2023-10-25,1.51
USG-104469,EQ-1125,OP-227,2023-07-28,6.77
USG-104470,EQ-1007,OP-234,2023-02-07,10.13
USG-104471,EQ-1048,OP-265,2023-06-15,4.3
USG-104472,EQ-1113,OP-256,2024-02-22,9.91
USG-104473,EQ-1006,OP-248,2023-02-20,4.1
USG-104474,EQ-1013,OP-275,2023-02-10,11.91
USG-104476,EQ-1061,OP-258,2023-08-12,6.77
USG-104477,EQ-1122,OP-238,2024-02-03,11.71
USG-104478,EQ-1111,OP-267,2023-03-18,6.74
USG-104479,EQ-1043,OP-246,2024-03-27,6.77
USG-104480,EQ-1128,OP-222,2023-08-03,7.51
USG-104481,EQ-1041,OP-228,2023-10-23,7.0
USG-104482,EQ-1040,OP-272,2024-07-02,10.13
USG-104483,EQ-1035,OP-200,2023-05-29,4.21
USG-104484,EQ-1107,OP-261,2023-02-06,4.29
USG-104485,EQ-1118,OP-248,2023-07-19,7.25
USG-104486,EQ-1147,OP-212,2023-07-25,5.39
USG-104487,EQ-1125,OP-257,2024-01-20,10.07
USG-104488,EQ-1098,OP-232,2023-09-04,6.77
USG-104489,EQ-1002,OP-243,2024-03-11,4.76
USG-104490,EQ-1047,OP-246,2023-02-01,6.95
USG-104491,EQ-1142,OP-218,2023-08-28,2.99
USG-104493,EQ-1137,OP-229,2023-11-27,4.39
USG-104494,EQ-1122,OP-253,2024-03-16,1.89
USG-104496,EQ-1061,OP-202,2024-04-04,9.91
USG-104497,EQ-1005,OP-232,2023-09-14,6.73
USG-104499,EQ-1117,OP-244,2023-08-21,4.83
USG-104500,EQ-1146,OP-225,2023-11-29,2.43
USG-104501,EQ-1089,OP-254,2024-04-12,4.1
USG-104502,EQ-1138,OP-273,2023-07-01,6.09
USG-104503,EQ-1118,OP-218,2023-06-17,1.98
USG-104504,EQ-1149,OP-255,2023-03-08,7.83
USG-104505,EQ-1107,OP-221,2023-10-31,8.68
USG-104507,EQ-1144,OP-277,2024-03-29,10.72
USG-104508,EQ-1126,OP-277,2024-01-24,8.01
USG-104509,EQ-1032,OP-224,2023-10-04,2.56
USG-104510,EQ-1093,OP-273,2023-01-22,9.18
USG-104511,EQ-1078,OP-234,2023-08-02,2.49
USG-104512,EQ-1104,OP-230,2023-11-05,1.88
USG-104513,EQ-1048,OP-249,2023-03-07,2.46
USG-104514,EQ-1060,OP-263,2023-06-10,9.45
USG-104515,EQ-1016,OP-220,2023-02-01,4.62
USG-104516,EQ-1088,OP-235,2023-08-07,7.8
USG-104517,EQ-1063,OP-265,2023-01-28,10.76
USG-104518,EQ-1119,OP-233,2023-05-19,3.62
USG-104519,EQ-1003,OP-212,2023-12-09,4.95
USG-104520,EQ-1033,OP-262,2023-09-01,6.08
USG-104521,EQ-1112,OP-256,2023-03-07,3.87
USG-104522,EQ-1142,OP-236,2023-08-28,5.59
USG-104523,EQ-1086,OP-231,2023-10-25,9.32
USG-104524,EQ-1068,OP-206,2024-03-02,6.77
USG-104525,EQ-1025,OP-232,2024-03-01,7.48
USG-104526,EQ-1120,OP-269,2024-05-12,6.79
USG-104527,EQ-1114,OP-227,2023-12-27,10.23
USG-104528,EQ-1011,OP-214,2023-12-19,6.14
USG-104529,EQ-1145,OP-246,2023-06-11,11.46
USG-104530,EQ-1021,OP-211,2023-08-04,3.36
USG-104532,EQ-1064,OP-232,2024-03-24,4.14
USG-104534,EQ-1001,OP-259,2023-11-19,11.56
USG-104535,EQ-1128,OP-220,2023-08-25,6.83
USG-104536,EQ-1114,OP-240,2023-12-09,6.77
USG-104537,EQ-1048,OP-247,2023-04-22,6.77
USG-104538,EQ-1015,OP-227,2023-11-21,9.17
USG-104539,EQ-1121,OP-242,2023-05-26,2.77
USG-104540,EQ-1079,OP-203,2023-05-04,8.2
USG-104541,EQ-1073,OP-245,2023-11-29,5.84
USG-104542,EQ-1072,OP-208,2023-06-21,3.61
USG-104543,EQ-1080,OP-240,2024-05-13,6.77
USG-104544,EQ-1093,OP-263,2023-07-22,8.89
USG-104545,EQ-1148,OP-252,2023-01-07,11.18
USG-104546,EQ-1058,OP-257,2024-01-16,10.35
USG-104547,EQ-1132,OP-217,2023-02-15,11.69
USG-104548,EQ-1023,OP-243,2023-06-30,5.37
USG-104549,EQ-1116,OP-229,2023-09-06,6.77
USG-104550,EQ-1036,OP-239,2023-04-20,6.45
USG-104551,EQ-1056,OP-219,2023-04-02,1.67
USG-104552,EQ-1092,OP-219,2023-06-09,7.86
USG-104553,EQ-1094,OP-239,2023-10-18,4.23
USG-104554,EQ-1110,OP-275,2024-02-19,11.17
USG-104555,EQ-1054,OP-237,2024-01-20,8.05
USG-104556,EQ-1112,OP-239,2023-06-05,5.46
USG-104557,EQ-1143,OP-200,2023-12-15,3.71
USG-104558,EQ-1040,OP-245,2024-04-08,5.02
USG-104559,EQ-1109,OP-261,2024-02-10,9.38
USG-104560,EQ-1036,OP-220,2023-09-07,9.04
USG-104561,EQ-1138,OP-277,2023-12-31,9.14
USG-104562,EQ-1045,OP-230,2023-05-10,11.77
USG-104563,EQ-1026,OP-212,2024-04-24,9.31
USG-104564,EQ-1012,OP-265,2023-07-22,5.55
USG-104565,EQ-1133,OP-260,2024-04-27,4.35
USG-104566,EQ-1065,OP-231,2023-12-15,8.6
USG-104567,EQ-1021,OP-254,2023-11-15,2.41
USG-104568,EQ-1069,OP-271,2024-05-14,3.97
USG-104569,EQ-1063,OP-215,2023-07-22,6.42
USG-104570,EQ-1034,OP-226,2023-09-10,9.74
USG-104571,EQ-1141,OP-211,2024-02-02,11.27
USG-104572,EQ-1098,OP-264,2024-01-27,6.77
USG-104573,EQ-1061,OP-246,2023-03-19,4.04
USG-104574,EQ-1055,OP-237,2024-01-29,2.34
USG-104575,EQ-1046,OP-270,2023-11-01,1.87
USG-104576,EQ-1089,OP-231,2023-02-20,8.17
USG-104577,EQ-1147,OP-201,2023-01-04,8.39
USG-104578,EQ-1020,OP-248,2024-03-20,3.73
USG-104579,EQ-1075,OP-267,2023-05-03,10.57
USG-104580,EQ-1123,OP-209,2023-06-10,6.07
USG-104581,EQ-1119,OP-207,2024-04-04,1.61
USG-104582,EQ-1136,OP-204,2024-03-08,6.77
USG-104583,EQ-1133,OP-UNKNOWN,2024-03-21,4.47
USG-104585,EQ-1054,OP-209,2023-10-07,9.42
USG-104586,EQ-1115,OP-246,2023-03-17,6.77
USG-104587,EQ-1056,OP-255,2023-08-28,3.24
USG-104588,EQ-1055,OP-249,2023-09-10,9.45
USG-104589,EQ-1129,OP-255,2024-04-17,7.14
USG-104590,EQ-1001,OP-212,2023-06-20,4.19
USG-104591,EQ-1113,OP-202,2023-03-29,4.64
USG-104592,EQ-1086,OP-202,2023-05-25,6.77
USG-104593,EQ-1019,OP-235,2024-02-04,1.79
USG-104594,EQ-1081,OP-UNKNOWN,2023-05-13,4.56
USG-104595,EQ-1114,OP-263,2023-09-16,6.67
USG-104596,EQ-1143,OP-229,2023-01-13,8.43
USG-104597,EQ-1086,OP-229,2023-06-14,2.38
USG-104598,EQ-1113,OP-276,2023-08-15,7.26
USG-104599,EQ-1030,OP-270,2024-04-09,6.77
USG-104600,EQ-1040,OP-224,2023-11-05,10.42
USG-104601,EQ-1018,OP-276,2023-01-21,1.94
USG-104602,EQ-1016,OP-234,2024-03-14,9.05
USG-104603,EQ-1100,OP-245,2024-04-25,6.07
USG-104604,EQ-1103,OP-211,2023-03-25,4.17
USG-104605,EQ-1006,OP-238,2023-10-06,7.2
USG-104606,EQ-1030,OP-215,2023-02-21,4.38
USG-104607,EQ-1104,OP-251,2023-08-26,7.64
USG-104608,EQ-1068,OP-203,2023-02-19,9.8
USG-104609,EQ-1078,OP-261,2024-03-21,1.92
USG-104610,EQ-1052,OP-232,2023-12-27,4.71
USG-104611,EQ-1041,OP-217,2023-06-15,2.12
USG-104612,EQ-1046,OP-267,2023-10-16,5.29
USG-104613,EQ-1044,OP-221,2023-11-14,3.76
USG-104614,EQ-1120,OP-202,2023-03-25,10.89
USG-104615,EQ-1147,OP-254,2023-04-11,4.74
USG-104616,EQ-1136,OP-217,2023-12-13,3.94
USG-104617,EQ-1100,OP-244,2023-03-09,7.31
USG-104618,EQ-1116,OP-219,2023-08-31,10.6
USG-104619,EQ-1079,OP-249,2023-11-19,5.82
USG-104620,EQ-1069,OP-214,2023-05-15,5.43
USG-104621,EQ-1065,OP-243,2023-04-01,5.71
USG-104622,EQ-1135,OP-223,2024-03-30,1.84
USG-104623,EQ-1093,OP-215,2024-01-14,4.72
USG-104625,EQ-1145,OP-236,2023-03-27,7.32
USG-104626,EQ-1045,OP-238,2023-07-13,5.35
USG-104627,EQ-1028,OP-252,2023-05-20,3.32
USG-104628,EQ-1099,OP-275,2023-11-02,3.32
USG-104629,EQ-1052,OP-279,2023-11-13,9.53
USG-104630,EQ-1030,OP-200,2023-02-01,4.24
USG-104631,EQ-1019,OP-228,2024-03-14,3.36
USG-104632,EQ-1060,OP-259,2024-02-21,4.9
USG-104633,EQ-1019,OP-264,2023-02-16,4.65
USG-104634,EQ-1122,OP-249,2024-04-26,2.0
USG-104635,EQ-1018,OP-253,2023-01-07,7.7
USG-104636,EQ-1006,OP-276,2023-11-17,11.09
USG-104637,EQ-1037,OP-208,2023-09-23,8.85
USG-104638,EQ-1086,OP-UNKNOWN,2023-02-09,2.38
USG-104639,EQ-1026,OP-221,2023-06-13,3.51
USG-104640,EQ-1000,OP-206,2023-04-06,7.36
USG-104641,EQ-1138,OP-265,2024-05-07,11.22
USG-104642,EQ-1100,OP-233,2024-01-18,2.98
USG-104643,EQ-1118,OP-248,2023-11-13,11.63
USG-104644,EQ-1066,OP-207,2023-11-28,10.3
USG-104645,EQ-1100,OP-UNKNOWN,2023-09-01,4.09
USG-104646,EQ-1108,OP-245,2023-10-24,11.23
USG-104647,EQ-1069,OP-241,2023-12-04,10.9
USG-104648,EQ-1128,OP-229,2023-01-15,7.54
USG-104649,EQ-1136,OP-226,2023-07-19,6.77
USG-104650,EQ-1025,OP-275,2023-04-22,7.12
USG-104651,EQ-1071,OP-229,2023-10-19,11.72
USG-104652,EQ-1006,OP-267,2023-07-02,8.0
USG-104653,EQ-1108,OP-279,2023-08-03,6.41
USG-104655,EQ-1033,OP-217,2023-07-14,11.11
USG-104656,EQ-1033,OP-244,2023-10-26,11.82
USG-104657,EQ-1059,OP-247,2023-05-04,8.23
USG-104658,EQ-1116,OP-275,2023-06-19,10.89
USG-104659,EQ-1092,OP-241,2023-08-23,10.53
USG-104660,EQ-1090,OP-219,2023-06-19,4.98
USG-104661,EQ-1141,OP-253,2023-08-23,2.04
USG-104662,EQ-1083,OP-220,2024-03-12,11.03
USG-104663,EQ-1144,OP-254,2023-06-17,8.05
USG-104664,EQ-1149,OP-272,2023-11-12,6.77
USG-104665,EQ-1132,OP-204,2023-08-13,9.48
USG-104666,EQ-1021,OP-236,2023-03-15,6.43
USG-104667,EQ-1139,OP-225,2023-12-12,5.44
USG-104668,EQ-1041,OP-253,2023-02-06,9.35
USG-104669,EQ-1015,OP-218,2023-01-12,4.27
USG-104670,EQ-1017,OP-263,2023-09-27,6.97
USG-104671,EQ-1089,OP-224,2023-12-04,4.51
USG-104672,EQ-1016,OP-249,2023-01-25,10.2
USG-104673,EQ-1059,OP-247,2023-05-30,4.66
USG-104674,EQ-1110,OP-223,2023-12-13,3.59
USG-104675,EQ-1141,OP-220,2023-12-17,6.77
USG-104676,EQ-1106,OP-252,2023-09-13,6.28
USG-104677,EQ-1087,OP-258,2023-07-13,4.97
USG-104678,EQ-1053,OP-264,2023-02-26,8.81
USG-104679,EQ-1028,OP-206,2023-03-13,4.81
USG-104680,EQ-1012,OP-217,2023-04-09,11.44
USG-104681,EQ-1093,OP-208,2023-06-09,5.03
USG-104682,EQ-1118,OP-248,2023-09-05,9.85
USG-104684,EQ-1129,OP-220,2023-02-24,5.91
USG-104685,EQ-1062,OP-232,2023-12-05,10.27
USG-104686,EQ-1063,OP-274,2023-05-25,10.16
USG-104687,EQ-1088,OP-204,2023-03-22,11.56
USG-104688,EQ-1052,OP-214,2023-03-24,4.28
USG-104689,EQ-1143,OP-210,2023-10-30,7.69
USG-104690,EQ-1091,OP-249,2023-12-14,2.21
USG-104691,EQ-1149,OP-250,2023-12-03,6.04
USG-104692,EQ-1036,OP-274,2023-04-01,6.77
USG-104693,EQ-1077,OP-267,2023-07-12,4.18
USG-104694,EQ-1017,OP-260,2024-01-26,9.53
USG-104695,EQ-1077,OP-205,2024-01-19,3.9
USG-104696,EQ-1087,OP-216,2024-04-09,6.77
USG-104697,EQ-1079,OP-259,2023-09-05,6.77
USG-104698,EQ-1061,OP-254,2023-01-22,2.53
USG-104699,EQ-1003,OP-275,2023-11-13,2.42
USG-104700,EQ-1089,OP-222,2023-09-07,9.03
USG-104701,EQ-1051,OP-271,2024-01-22,6.77
USG-104702,EQ-1090,OP-254,2024-04-09,6.83
USG-104703,EQ-1119,OP-241,2023-07-06,2.35
USG-104704,EQ-1143,OP-238,2023-01-23,9.34
USG-104705,EQ-1104,OP-243,2023-10-19,8.8
USG-104706,EQ-1018,OP-275,2023-06-21,2.88
USG-104707,EQ-1019,OP-247,2023-07-22,6.77
USG-104708,EQ-1037,OP-254,2024-04-07,10.87
USG-104709,EQ-1099,OP-270,2023-06-05,10.19
USG-104710,EQ-1104,OP-210,2023-10-20,5.15
USG-104711,EQ-1013,OP-226,2023-07-19,3.42
USG-104712,EQ-1144,OP-254,2023-05-09,6.77
USG-104713,EQ-1123,OP-275,2024-04-14,6.77
USG-104714,EQ-1052,OP-277,2023-02-16,5.97
USG-104715,EQ-1004,OP-246,2023-12-08,1.55
USG-104716,EQ-1044,OP-252,2023-04-07,8.23
USG-104717,EQ-1116,OP-279,2024-01-10,6.97
USG-104718,EQ-1000,OP-201,2024-03-05,6.77
USG-104719,EQ-1040,OP-202,2023-04-22,7.0
USG-104720,EQ-1077,OP-248,2023-04-16,8.68
USG-104721,EQ-1087,OP-210,2023-03-01,3.09
USG-104722,EQ-1138,OP-UNKNOWN,2024-03-07,8.89
USG-104723,EQ-1129,OP-252,2024-05-09,6.77
USG-104724,EQ-1016,OP-212,2023-12-02,2.33
USG-104725,EQ-1007,OP-226,2023-11-23,3.9
USG-104726,EQ-1077,OP-264,2023-02-07,11.49
USG-104727,EQ-1131,OP-201,2023-04-09,7.92
USG-104728,EQ-1071,OP-203,2024-03-02,5.12
USG-104729,EQ-1027,OP-219,2023-12-30,10.38
USG-104730,EQ-1084,OP-212,2023-10-26,6.77
USG-104731,EQ-1063,OP-251,2023-09-14,6.77
USG-104732,EQ-1032,OP-250,2023-06-18,8.04
USG-104733,EQ-1018,OP-220,2024-02-14,4.0
USG-104734,EQ-1043,OP-209,2023-06-17,6.14
USG-104736,EQ-1035,OP-221,2024-05-05,9.38
USG-104737,EQ-1145,OP-234,2023-12-29,1.75
USG-104738,EQ-1033,OP-271,2024-03-14,3.49
USG-104739,EQ-1065,OP-240,2023-08-23,5.8
USG-104740,EQ-1060,OP-268,2024-03-08,1.67
USG-104742,EQ-1113,OP-218,2024-04-29,11.72
USG-104743,EQ-1093,OP-275,2024-01-23,11.2
USG-104744,EQ-1072,OP-258,2023-01-16,9.64
USG-104745,EQ-1104,OP-267,2023-09-10,6.1
USG-104747,EQ-1017,OP-273,2023-11-13,6.0
USG-104748,EQ-1041,OP-225,2023-11-28,4.13
USG-104749,EQ-1096,OP-261,2023-01-01,8.1
USG-104751,EQ-1125,OP-240,2023-05-14,7.81
USG-104752,EQ-1064,OP-200,2023-10-30,4.34
USG-104753,EQ-1140,OP-263,2024-01-18,2.03
USG-104754,EQ-1128,OP-215,2023-01-30,11.8
USG-104755,EQ-1045,OP-253,2023-03-07,9.66
USG-104756,EQ-1008,OP-266,2023-01-27,9.69
USG-104757,EQ-1080,OP-259,2024-01-29,6.77
USG-104758,EQ-1148,OP-204,2023-08-19,4.86
USG-104759,EQ-1059,OP-263,2023-05-25,7.51
USG-104760,EQ-1008,OP-235,2023-02-23,4.84
USG-104762,EQ-1138,OP-222,2023-07-03,11.65
USG-104763,EQ-1010,OP-245,2023-11-04,7.57
USG-104764,EQ-1147,OP-223,2023-06-10,9.25
USG-104765,EQ-1058,OP-217,2023-05-07,8.63
USG-104766,EQ-1099,OP-204,2023-11-20,9.14
USG-104767,EQ-1081,OP-209,2024-04-02,4.75
USG-104768,EQ-1144,OP-260,2023-10-09,4.55
USG-104769,EQ-1049,OP-212,2023-09-19,8.75
USG-104770,EQ-1052,OP-257,2023-12-28,5.51
USG-104771,EQ-1001,OP-244,2024-04-22,6.77
USG-104772,EQ-1056,OP-213,2023-02-09,2.09
USG-104773,EQ-1114,OP-257,2023-09-10,8.9
USG-104774,EQ-1143,OP-217,2024-01-26,11.18
USG-104775,EQ-1113,OP-256,2023-05-19,9.4
USG-104776,EQ-1003,OP-201,2023-07-13,2.66
USG-104777,EQ-1043,OP-276,2023-08-30,4.9
USG-104778,EQ-1119,OP-251,2023-05-25,11.45
USG-104779,EQ-1024,OP-239,2023-06-11,3.37
USG-104780,EQ-1076,OP-238,2023-12-14,7.08
USG-104781,EQ-1082,OP-253,2023-12-02,11.65
USG-104782,EQ-1133,OP-213,2024-01-26,4.8
USG-104783,EQ-1063,OP-269,2024-03-18,5.99
USG-104784,EQ-1126,OP-247,2023-01-31,10.39
USG-104785,EQ-1139,OP-226,2023-02-04,6.06
USG-104786,EQ-1045,OP-240,2023-09-18,6.77
USG-104787,EQ-1076,OP-244,2023-07-12,3.67
USG-104788,EQ-1038,OP-279,2024-05-12,9.58
USG-104789,EQ-1086,OP-243,2024-01-05,11.5
USG-104790,EQ-1049,OP-200,2024-02-26,11.6
USG-104791,EQ-1037,OP-248,2023-02-26,5.59
USG-104792,EQ-1130,OP-248,2023-10-24,4.13
USG-104793,EQ-1046,OP-227,2023-11-20,7.34
USG-104794,EQ-1071,OP-256,2024-01-21,7.03
USG-104795,EQ-1048,OP-278,2023-03-21,4.45
USG-104796,EQ-1044,OP-228,2023-03-13,10.6
USG-104797,EQ-1100,OP-230,2023-12-17,2.5
USG-104798,EQ-1070,OP-235,2023-02-02,4.84
USG-104799,EQ-1061,OP-200,2023-01-27,3.86
USG-104800,EQ-1040,OP-255,2023-09-01,10.65
USG-104802,EQ-1149,OP-217,2023-02-17,9.83
USG-104803,EQ-1106,OP-269,2023-07-28,4.57
USG-104804,EQ-1076,OP-206,2023-12-17,11.4
USG-104805,EQ-1005,OP-246,2023-10-06,9.81
USG-104806,EQ-1101,OP-227,2023-07-21,4.06
USG-104807,EQ-1075,OP-213,2023-08-29,10.87
USG-104808,EQ-1003,OP-226,2023-12-25,2.02
USG-104809,EQ-1072,OP-263,2023-05-25,6.05
USG-104810,EQ-1065,OP-228,2024-03-15,6.77
USG-104811,EQ-1015,OP-212,2023-07-18,6.03
USG-104812,EQ-1036,OP-246,2024-03-04,6.77
USG-104813,EQ-1136,OP-258,2023-11-12,5.47
USG-104814,EQ-1147,OP-213,2023-11-21,5.98
USG-104815,EQ-1106,OP-207,2023-04-04,4.61
USG-104816,EQ-1026,OP-278,2023-12-04,8.16
USG-104817,EQ-1097,OP-217,2024-04-06,6.77
USG-104818,EQ-1099,OP-269,2023-10-06,10.67
USG-104819,EQ-1037,OP-255,2023-06-28,8.67
USG-104820,EQ-1054,OP-273,2023-04-10,10.39
USG-104822,EQ-1062,OP-203,2023-06-27,10.33
USG-104823,EQ-1024,OP-243,2023-04-30,9.65
USG-104824,EQ-1020,OP-273,2024-01-25,10.01
USG-104825,EQ-1141,OP-237,2024-01-21,1.56
USG-104826,EQ-1129,OP-270,2023-02-06,2.0
USG-104827,EQ-1090,OP-256,2024-03-22,6.77
USG-104828,EQ-1040,OP-255,2023-03-27,6.77
USG-104829,EQ-1014,OP-229,2023-12-31,7.8
USG-104830,EQ-1075,OP-231,2024-02-23,5.34
USG-104831,EQ-1043,OP-276,2023-07-23,4.02
USG-104832,EQ-1072,OP-229,2023-09-04,3.71
USG-104833,EQ-1068,OP-271,2024-01-23,3.51
USG-104835,EQ-1011,OP-202,2023-06-20,4.36
USG-104836,EQ-1126,OP-242,2023-10-27,7.35
USG-104837,EQ-1119,OP-213,2023-01-31,4.53
USG-104838,EQ-1059,OP-209,2023-08-30,10.47
USG-104840,EQ-1135,OP-262,2024-01-22,4.42
USG-104841,EQ-1096,OP-256,2023-03-11,2.11
USG-104842,EQ-1120,OP-218,2023-01-04,3.53
USG-104843,EQ-1053,OP-219,2023-07-02,7.1
USG-104844,EQ-1072,OP-UNKNOWN,2023-04-21,2.73
USG-104846,EQ-1143,OP-271,2024-04-23,2.54
USG-104847,EQ-1120,OP-258,2023-06-11,7.31
USG-104848,EQ-1062,OP-234,2023-03-22,6.91
USG-104849,EQ-1056,OP-UNKNOWN,2024-05-04,4.02
USG-104850,EQ-1101,OP-268,2023-06-27,7.37
USG-104852,EQ-1077,OP-242,2023-05-20,10.63
USG-104853,EQ-1118,OP-275,2024-05-02,5.88
USG-104854,EQ-1079,OP-249,2024-05-15,11.43
USG-104855,EQ-1098,OP-204,2023-12-06,1.72
USG-104856,EQ-1102,OP-274,2023-02-19,9.33
USG-104857,EQ-1028,OP-263,2024-05-09,8.21
USG-104859,EQ-1116,OP-254,2024-05-02,5.57
USG-104860,EQ-1046,OP-231,2023-06-07,4.27
USG-104861,EQ-1112,OP-253,2023-08-19,3.03
USG-104862,EQ-1122,OP-270,2024-03-01,10.33
USG-104863,EQ-1030,OP-262,2024-01-24,7.11
USG-104864,EQ-1042,OP-274,2023-02-02,8.2
USG-104865,EQ-1089,OP-271,2024-02-03,6.38
USG-104866,EQ-1071,OP-253,2023-04-15,7.44
USG-104867,EQ-1005,OP-215,2023-08-11,4.18
USG-104868,EQ-1024,OP-239,2023-02-01,4.35
USG-104869,EQ-1094,OP-219,2023-05-03,2.03
USG-104870,EQ-1010,OP-277,2023-09-06,9.28
USG-104871,EQ-1143,OP-242,2024-01-19,11.2
USG-104872,EQ-1066,OP-262,2023-10-22,10.91
USG-104873,EQ-1122,OP-252,2023-07-28,11.91
USG-104874,EQ-1093,OP-259,2024-03-04,8.5
USG-104875,EQ-1123,OP-207,2024-03-05,7.66
USG-104876,EQ-1090,OP-275,2023-01-29,6.7
USG-104877,EQ-1082,OP-251,2023-01-02,4.54
USG-104878,EQ-1005,OP-220,2023-06-29,1.99
USG-104879,EQ-1025,OP-250,2024-03-09,6.54
USG-104880,EQ-1112,OP-219,2024-03-27,9.22
USG-104881,EQ-1112,OP-241,2023-01-05,4.6
USG-104882,EQ-1117,OP-277,2024-04-14,6.87
USG-104883,EQ-1124,OP-252,2023-08-25,3.26
USG-104884,EQ-1008,OP-244,2023-06-09,6.77
USG-104885,EQ-1059,OP-240,2023-09-19,10.8
USG-104886,EQ-1107,OP-236,2023-07-16,6.88
USG-104887,EQ-1011,OP-255,2023-11-14,2.63
USG-104888,EQ-1089,OP-223,2023-07-21,1.81
USG-104889,EQ-1120,OP-217,2023-03-21,10.06
USG-104890,EQ-1098,OP-251,2024-05-11,4.91
USG-104891,EQ-1045,OP-214,2023-12-21,4.41
USG-104892,EQ-1042,OP-264,2024-01-17,6.77
USG-104893,EQ-1003,OP-208,2023-05-03,11.51
USG-104894,EQ-1047,OP-248,2024-02-02,9.45
USG-104895,EQ-1143,OP-245,2023-06-20,2.66
USG-104896,EQ-1112,OP-UNKNOWN,2024-01-12,6.73
USG-104897,EQ-1040,OP-247,2023-01-19,10.84
USG-104898,EQ-1023,OP-224,2023-06-25,10.29
USG-104899,EQ-1139,OP-222,2024-04-22,7.77
USG-104900,EQ-1063,OP-203,2023-01-18,8.49
USG-104901,EQ-1022,OP-275,2024-03-22,5.31
USG-104902,EQ-1051,OP-266,2023-05-09,10.27
USG-104903,EQ-1050,OP-232,2024-02-18,1.71
USG-104904,EQ-1126,OP-220,2023-02-27,9.51
USG-104905,EQ-1096,OP-219,2024-04-25,9.59
USG-104906,EQ-1036,OP-233,2024-04-07,9.29
USG-104908,EQ-1137,OP-271,2023-11-04,4.09
USG-104909,EQ-1077,OP-215,2024-02-19,2.65
USG-104910,EQ-1063,OP-UNKNOWN,2023-01-08,6.77
USG-104911,EQ-1003,OP-265,2023-01-22,3.52
USG-104912,EQ-1006,OP-204,2023-10-11,9.08
USG-104913,EQ-1096,OP-228,2023-06-24,10.15
USG-104914,EQ-1009,OP-213,2024-02-03,6.77
USG-104915,EQ-1106,OP-253,2023-01-12,2.29
USG-104916,EQ-1074,OP-257,2024-02-29,6.81
USG-104917,EQ-1088,OP-224,2023-07-23,6.77
USG-104918,EQ-1068,OP-271,2024-02-06,8.75
USG-104919,EQ-1019,OP-249,2023-01-03,4.07
USG-104920,EQ-1066,OP-247,2023-08-02,9.01
USG-104921,EQ-1107,OP-262,2024-03-11,2.51
USG-104922,EQ-1147,OP-207,2023-06-05,8.59
USG-104923,EQ-1025,OP-245,2023-01-21,9.1
USG-104924,EQ-1082,OP-216,2024-01-29,6.45
USG-104925,EQ-1069,OP-270,2024-04-14,11.13
USG-104926,EQ-1055,OP-272,2023-07-06,5.31
USG-104927,EQ-1139,OP-264,2024-01-17,6.79
USG-104928,EQ-1079,OP-204,2023-09-23,10.06
USG-104929,EQ-1036,OP-260,2023-09-21,11.24
USG-104930,EQ-1044,OP-UNKNOWN,2023-11-10,3.56
USG-104931,EQ-1106,OP-258,2023-08-12,5.85
USG-104932,EQ-1044,OP-229,2024-04-08,7.94
USG-104933,EQ-1088,OP-260,2024-03-03,11.49
USG-104934,EQ-1034,OP-202,2023-02-15,8.62
USG-104935,EQ-1033,OP-246,2024-03-20,5.56
USG-104936,EQ-1073,OP-228,2024-02-02,2.5
USG-104937,EQ-1072,OP-279,2023-07-02,11.47
USG-104938,EQ-1031,OP-255,2024-03-05,6.42
USG-104939,EQ-1012,OP-254,2023-11-24,6.44
USG-104940,EQ-1034,OP-212,2023-02-10,6.77
USG-104942,EQ-1139,OP-260,2024-02-07,3.83
USG-104943,EQ-1072,OP-241,2023-04-19,2.86
USG-104944,EQ-1092,OP-263,2023-09-02,6.29
USG-104945,EQ-1086,OP-213,2023-12-04,5.11
USG-104946,EQ-1072,OP-255,2023-01-18,7.08
USG-104947,EQ-1101,OP-268,2023-09-08,4.63
USG-104948,EQ-1004,OP-236,2023-08-25,8.77
USG-104949,EQ-1143,OP-264,2024-02-10,6.49
USG-104950,EQ-1147,OP-231,2023-12-16,4.03
USG-104951,EQ-1013,OP-240,2023-06-08,8.98
USG-104952,EQ-1121,OP-237,2023-07-30,6.25
USG-104953,EQ-1017,OP-272,2023-09-22,5.85
USG-104954,EQ-1057,OP-241,2023-11-13,4.94
USG-104955,EQ-1034,OP-208,2023-02-28,6.1
USG-104956,EQ-1085,OP-206,2023-02-14,6.69
USG-104957,EQ-1035,OP-225,2023-09-16,10.78
USG-104958,EQ-1144,OP-263,2023-12-14,6.53
USG-104959,EQ-1039,OP-217,2023-01-11,2.79
USG-104960,EQ-1024,OP-222,2023-09-16,7.76
USG-104961,EQ-1081,OP-262,2023-06-15,10.6
USG-104963,EQ-1130,OP-UNKNOWN,2024-01-01,6.91
USG-104964,EQ-1046,OP-222,2023-09-05,4.58
USG-104965,EQ-1100,OP-216,2023-11-14,10.46
USG-104966,EQ-1088,OP-215,2023-10-28,2.17
USG-104967,EQ-1065,OP-230,2023-06-17,5.42
USG-104968,EQ-1123,OP-227,2023-05-09,2.87
USG-104969,EQ-1085,OP-261,2023-06-15,1.6
USG-104970,EQ-1112,OP-232,2023-01-01,8.11
USG-104971,EQ-1046,OP-203,2024-05-04,8.43
USG-104972,EQ-1009,OP-233,2023-07-21,5.83
USG-104974,EQ-1099,OP-231,2024-02-05,6.77
USG-104975,EQ-1050,OP-273,2023-07-10,4.92
USG-104976,EQ-1097,OP-240,2024-09-01,9.47
USG-104977,EQ-1127,OP-228,2023-12-01,10.33
USG-104978,EQ-1106,OP-209,2023-04-04,7.9
USG-104979,EQ-1052,OP-230,2023-02-24,10.54
USG-104980,EQ-1085,OP-238,2023-05-11,1.9
USG-104981,EQ-1086,OP-251,2023-04-22,6.77
USG-104982,EQ-1099,OP-215,2024-02-10,2.31
USG-104983,EQ-1114,OP-207,2024-03-22,2.63
USG-104984,EQ-1093,OP-225,2024-03-23,9.36
USG-104985,EQ-1063,OP-246,2024-04-21,10.81
USG-104986,EQ-1081,OP-269,2023-07-20,2.14
USG-104988,EQ-1024,OP-270,2023-04-04,1.6
USG-104989,EQ-1146,OP-213,2023-04-19,7.51
USG-104990,EQ-1067,OP-220,2023-02-02,10.37
USG-104991,EQ-1092,OP-210,2023-12-21,2.21
USG-104992,EQ-1095,OP-275,2023-06-30,6.47
USG-104993,EQ-1093,OP-276,2023-03-22,5.3
USG-104994,EQ-1139,OP-262,2023-09-12,6.09
USG-104996,EQ-1060,OP-218,2023-10-06,6.73
USG-104997,EQ-1049,OP-276,2023-11-29,3.14
USG-104998,EQ-1079,OP-263,2023-05-17,4.87
USG-104999,EQ-1038,OP-231,2023-02-22,2.79
USG-105000,EQ-1090,OP-206,2023-09-27,6.54
USG-105001,EQ-1079,OP-244,2024-01-20,7.2
USG-105002,EQ-1081,OP-213,2023-01-01,10.84
USG-105003,EQ-1124,OP-233,2023-05-10,6.77
USG-105004,EQ-1136,OP-270,2024-05-03,5.53
USG-105005,EQ-1099,OP-231,2024-04-24,6.16
USG-105006,EQ-1146,OP-229,2023-04-12,10.54
USG-105008,EQ-1124,OP-270,2024-03-29,11.86
USG-105009,EQ-1042,OP-237,2023-01-05,4.15
USG-105010,EQ-1106,OP-261,2024-03-18,3.22
USG-105011,EQ-1090,OP-262,2023-08-19,5.47
USG-105013,EQ-1099,OP-226,2023-11-11,5.18
USG-105014,EQ-1076,OP-276,2023-12-16,10.66
USG-105015,EQ-1062,OP-278,2023-10-02,11.56
USG-105016,EQ-1099,OP-255,2023-05-05,5.06
USG-105017,EQ-1122,OP-230,2023-08-13,6.77
USG-105018,EQ-1070,OP-256,2023-07-09,9.75
USG-105019,EQ-1020,OP-272,2024-03-02,6.67
USG-105020,EQ-1137,OP-228,2023-03-06,1.93
USG-105021,EQ-1015,OP-201,2023-06-13,6.1
USG-105022,EQ-1140,OP-204,2023-06-15,6.77
USG-105023,EQ-1077,OP-237,2023-07-29,10.63
USG-105024,EQ-1034,OP-229,2023-05-07,9.64
USG-105025,EQ-1086,OP-247,2024-03-25,5.37
USG-105026,EQ-1080,OP-274,2023-12-10,11.97
USG-105027,EQ-1047,OP-215,2023-11-01,6.77
USG-105028,EQ-1125,OP-241,2023-11-21,7.3
USG-105029,EQ-1121,OP-259,2024-03-12,7.67
USG-105030,EQ-1056,OP-265,2024-01-07,5.54
USG-105031,EQ-1127,OP-263,2023-09-15,11.75
USG-105032,EQ-1014,OP-237,2023-05-23,6.16
USG-105033,EQ-1102,OP-278,2024-04-03,9.62
USG-105034,EQ-1020,OP-UNKNOWN,2023-08-15,8.74
USG-105035,EQ-1091,OP-266,2023-03-23,1.66
USG-105036,EQ-1020,OP-254,2023-09-13,4.85
USG-105038,EQ-1117,OP-264,2023-12-10,6.77
USG-105039,EQ-1080,OP-270,2024-02-17,5.61
USG-105040,EQ-1122,OP-266,2023-04-22,1.85
USG-105041,EQ-1006,OP-224,2024-03-12,6.21
USG-105042,EQ-1032,OP-240,2023-07-18,9.7
USG-105043,EQ-1046,OP-266,2024-04-24,10.71
USG-105044,EQ-1039,OP-273,2023-03-29,2.59
USG-105045,EQ-1109,OP-272,2023-01-19,7.07
USG-105046,EQ-1143,OP-264,2023-04-15,11.3
USG-105047,EQ-1031,OP-220,2023-04-12,8.5
USG-105048,EQ-1102,OP-247,2024-04-23,9.74
USG-105049,EQ-1083,OP-200,2023-06-13,8.53
USG-105050,EQ-1033,OP-201,2023-05-31,10.16
USG-105051,EQ-1128,OP-203,2023-11-18,4.92
USG-105052,EQ-1054,OP-264,2023-05-30,8.11
USG-105053,EQ-1005,OP-214,2023-01-09,2.12
USG-105054,EQ-1077,OP-214,2023-07-27,2.75
USG-105055,EQ-1029,OP-246,2023-11-19,3.93
USG-105056,EQ-1070,OP-245,2023-01-24,4.77
USG-105057,EQ-1008,OP-270,2023-10-28,1.74
USG-105058,EQ-1146,OP-204,2024-04-19,9.79
USG-105059,EQ-1085,OP-244,2024-01-14,10.16
USG-105060,EQ-1057,OP-250,2023-04-19,6.62
USG-105061,EQ-1077,OP-265,2024-04-14,7.0
USG-105062,EQ-1089,OP-237,2024-03-22,4.36
USG-105063,EQ-1104,OP-231,2023-12-10,9.16
USG-105064,EQ-1054,OP-270,2023-01-10,10.97
USG-105065,EQ-1139,OP-253,2023-09-11,2.6
USG-105068,EQ-1143,OP-202,2023-04-28,5.49
USG-105070,EQ-1039,OP-229,2023-02-27,5.93
USG-105071,EQ-1103,OP-257,2023-07-22,9.76
USG-105072,EQ-1149,OP-263,2024-02-10,4.75
USG-105073,EQ-1009,OP-272,2023-11-28,2.76
USG-105074,EQ-1056,OP-243,2024-02-01,1.89
USG-105075,EQ-1097,OP-210,2023-05-16,6.2
USG-105076,EQ-1085,OP-233,2023-05-15,6.02
USG-105077,EQ-1088,OP-264,2024-01-14,9.81
USG-105079,EQ-1056,OP-259,2023-10-13,6.59
USG-105080,EQ-1005,OP-270,2024-02-18,5.62
USG-105081,EQ-1042,OP-222,2024-02-23,8.9
USG-105082,EQ-1030,OP-233,2024-03-08,9.87
USG-105083,EQ-1031,OP-224,2023-05-25,5.55
USG-105084,EQ-1036,OP-255,2024-01-04,7.1
USG-105085,EQ-1092,OP-201,2023-10-22,2.89
USG-105086,EQ-1092,OP-261,2023-06-23,7.18
USG-105087,EQ-1130,OP-267,2024-04-17,6.77
USG-105088,EQ-1018,OP-224,2023-04-16,3.44
USG-105089,EQ-1125,OP-213,2024-01-11,6.43
USG-105090,EQ-1062,OP-252,2023-03-06,6.01
USG-105091,EQ-1085,OP-265,2024-03-16,4.58
USG-105092,EQ-1114,OP-258,2024-01-21,11.74
USG-105093,EQ-1049,OP-225,2023-08-02,6.7
USG-105094,EQ-1103,OP-233,2023-12-30,1.55
USG-105095,EQ-1058,OP-254,2024-04-04,9.51
USG-105097,EQ-1010,OP-270,2023-12-15,2.57
USG-105098,EQ-1024,OP-213,2023-07-23,1.62
USG-105099,EQ-1034,OP-215,2024-03-22,10.28
USG-105100,EQ-1093,OP-209,2023-02-26,8.52
USG-105101,EQ-1123,OP-212,2023-07-04,2.41
USG-105102,EQ-1021,OP-248,2024-02-01,10.38
USG-105103,EQ-1097,OP-237,2023-07-23,11.08
USG-105104,EQ-1036,OP-263,2023-10-10,11.3
USG-105105,EQ-1026,OP-270,2023-12-23,5.98
USG-105106,EQ-1062,OP-253,2023-03-06,1.85
USG-105107,EQ-1122,OP-274,2023-09-12,6.77
USG-105108,EQ-1134,OP-272,2023-11-10,10.61
USG-105109,EQ-1101,OP-247,2023-01-26,7.3
USG-105110,EQ-1142,OP-220,2023-02-28,3.87
USG-105111,EQ-1013,OP-258,2023-02-12,7.57
USG-105112,EQ-1002,OP-219,2023-01-14,9.8
USG-105113,EQ-1045,OP-205,2023-04-09,8.35
USG-105114,EQ-1073,OP-241,2024-04-02,9.02
USG-105115,EQ-1043,OP-221,2023-08-25,4.97
USG-105116,EQ-1053,OP-273,2023-08-21,9.59
USG-105117,EQ-1028,OP-231,2023-10-09,4.61
USG-105118,EQ-1094,OP-210,2023-09-17,5.29
USG-105119,EQ-1139,OP-260,2024-02-21,3.32
USG-105120,EQ-1109,OP-252,2023-11-03,10.34
USG-105121,EQ-1093,OP-235,2024-03-01,7.17
USG-105122,EQ-1003,OP-263,2024-01-18,6.77
USG-105123,EQ-1048,OP-218,2023-02-18,6.77
USG-105124,EQ-1092,OP-264,2023-01-02,2.65
USG-105126,EQ-1051,OP-226,2023-06-17,6.07
USG-105127,EQ-1098,OP-272,2023-04-17,4.4
USG-105129,EQ-1039,OP-200,2023-02-02,2.77
USG-105130,EQ-1075,OP-232,2023-01-24,8.49
USG-105131,EQ-1007,OP-276,2024-04-03,6.77
USG-105132,EQ-1085,OP-256,2024-02-13,3.15
USG-105133,EQ-1057,OP-247,2023-02-14,5.3
USG-105134,EQ-1061,OP-203,2023-03-18,11.71
USG-105135,EQ-1096,OP-212,2023-01-28,5.95
USG-105136,EQ-1148,OP-224,2023-07-07,4.52
USG-105137,EQ-1148,OP-260,2023-02-13,2.85
USG-105138,EQ-1126,OP-244,2023-03-25,7.03
USG-105139,EQ-1133,OP-267,2023-11-01,10.06
USG-105140,EQ-1063,OP-213,2023-06-12,2.2
USG-105141,EQ-1067,OP-237,2023-12-26,5.32
USG-105142,EQ-1106,OP-209,2024-04-13,2.28
USG-105143,EQ-1067,OP-200,2023-12-16,4.76
USG-105144,EQ-1013,OP-260,2024-01-15,1.58
USG-105145,EQ-1023,OP-251,2024-03-28,5.56
USG-105146,EQ-1009,OP-216,2023-08-20,2.45
USG-105147,EQ-1022,OP-203,2024-04-25,7.66
USG-105148,EQ-1108,OP-203,2023-02-02,10.45
USG-105149,EQ-1081,OP-216,2024-02-04,6.77
USG-105150,EQ-1112,OP-219,2024-03-12,10.64
USG-105151,EQ-1044,OP-208,2024-03-04,6.47
USG-105152,EQ-1101,OP-218,2023-05-21,2.83
USG-105153,EQ-1015,OP-237,2023-03-06,5.94
USG-105154,EQ-1102,OP-266,2024-02-18,5.15
USG-105155,EQ-1086,OP-230,2023-05-23,4.85
USG-105156,EQ-1126,OP-232,2023-06-16,2.53
USG-105157,EQ-1069,OP-240,2023-01-05,8.28
USG-105158,EQ-1024,OP-227,2023-09-01,2.59
USG-105160,EQ-1011,OP-268,2023-08-08,4.87
USG-105161,EQ-1013,OP-267,2023-04-27,8.8
USG-105162,EQ-1071,OP-262,2023-06-06,4.31
USG-105163,EQ-1120,OP-277,2023-02-09,6.77
USG-105164,EQ-1092,OP-209,2023-12-07,9.87
USG-105165,EQ-1065,OP-272,2023-04-20,9.35
USG-105166,EQ-1101,OP-257,2023-05-18,5.26
USG-105167,EQ-1083,OP-245,2023-01-17,7.49
USG-105168,EQ-1135,OP-219,2023-07-19,6.77
USG-105169,EQ-1044,OP-254,2024-04-26,5.14
USG-105170,EQ-1097,OP-262,2023-09-20,1.77
USG-105171,EQ-1013,OP-225,2023-02-15,8.51
USG-105172,EQ-1149,OP-217,2024-03-25,10.75
USG-105173,EQ-1020,OP-249,2023-09-06,10.16
USG-105174,EQ-1054,OP-244,2024-04-27,5.96
USG-105175,EQ-1029,OP-233,2023-02-17,6.72
USG-105176,EQ-1048,OP-240,2023-11-30,10.56
USG-105177,EQ-1025,OP-239,2024-01-05,3.44
USG-105178,EQ-1061,OP-233,2023-02-27,2.19
USG-105179,EQ-1073,OP-206,2024-05-15,7.45
USG-105180,EQ-1084,OP-200,2024-03-18,8.74
USG-105181,EQ-1140,OP-277,2024-02-14,5.65
USG-105182,EQ-1046,OP-258,2023-10-27,6.97
USG-105183,EQ-1108,OP-209,2023-03-07,4.87
USG-105185,EQ-1011,OP-233,2023-07-27,7.02
USG-105186,EQ-1073,OP-213,2023-03-29,2.82
USG-105187,EQ-1043,OP-271,2023-09-05,4.88
USG-105188,EQ-1121,OP-273,2023-06-05,2.6
USG-105189,EQ-1134,OP-271,2024-03-25,6.54
USG-105190,EQ-1057,OP-214,2023-08-06,3.45
USG-105191,EQ-1013,OP-279,2024-02-19,5.41
USG-105192,EQ-1019,OP-269,2023-06-04,7.37
USG-105193,EQ-1063,OP-225,2023-08-16,6.1
USG-105194,EQ-1059,OP-212,2023-04-25,8.55
USG-105195,EQ-1101,OP-246,2023-06-10,6.63
USG-105196,EQ-1003,OP-229,2024-04-15,6.83
USG-105198,EQ-1045,OP-229,2023-09-22,6.77
USG-105199,EQ-1136,OP-261,2023-10-30,11.6
USG-105200,EQ-1090,OP-208,2023-07-10,4.87
USG-105201,EQ-1060,OP-204,2023-08-17,5.87
USG-105202,EQ-1015,OP-251,2023-04-20,2.55
USG-105203,EQ-1017,OP-211,2023-02-23,5.04
USG-105204,EQ-1062,OP-214,2024-03-06,3.92
USG-105205,EQ-1019,OP-201,2024-02-01,8.13
USG-105206,EQ-1106,OP-268,2023-10-25,6.77
USG-105208,EQ-1076,OP-255,2023-10-14,3.05
USG-105209,EQ-1082,OP-254,2024-04-28,8.44
USG-105210,EQ-1056,OP-256,2023-11-16,10.05
USG-105211,EQ-1008,OP-261,2023-10-08,1.74
USG-105212,EQ-1082,OP-UNKNOWN,2024-05-15,9.41
USG-105213,EQ-1106,OP-233,2023-05-23,8.89
USG-105214,EQ-1137,OP-257,2023-05-15,11.68
USG-105215,EQ-1092,OP-247,2024-04-17,6.59
USG-105217,EQ-1062,OP-203,2023-02-06,8.09
USG-105218,EQ-1008,OP-268,2023-01-27,7.49
USG-105219,EQ-1069,OP-245,2023-06-08,6.77
USG-105220,EQ-1010,OP-204,2023-01-12,10.42
USG-105221,EQ-1118,OP-227,2023-06-01,6.13
USG-105222,EQ-1104,OP-UNKNOWN,2024-04-03,10.53
USG-105225,EQ-1090,OP-247,2023-01-31,7.44
USG-105226,EQ-1078,OP-243,2024-04-26,11.26
USG-105227,EQ-1127,OP-255,2023-12-17,6.58
USG-105228,EQ-1099,OP-212,2023-11-17,3.9
USG-105229,EQ-1063,OP-258,2023-07-25,4.73
USG-105230,EQ-1105,OP-237,2023-05-23,5.34
USG-105231,EQ-1129,OP-223,2023-05-09,8.47
USG-105233,EQ-1032,OP-235,2024-01-28,10.08
USG-105235,EQ-1135,OP-273,2023-06-06,6.77
USG-105236,EQ-1098,OP-269,2023-05-11,11.69
USG-105237,EQ-1074,OP-264,2023-09-11,6.5
USG-105238,EQ-1101,OP-261,2023-08-03,6.44
USG-105239,EQ-1135,OP-231,2023-05-21,7.41
USG-105240,EQ-1116,OP-216,2024-03-09,6.14
USG-105241,EQ-1110,OP-251,2024-01-21,7.68
USG-105242,EQ-1093,OP-232,2023-03-06,7.92
USG-105243,EQ-1111,OP-263,2024-03-08,6.77
USG-105244,EQ-1107,OP-257,2023-06-13,6.77
USG-105245,EQ-1111,OP-227,2024-02-12,8.54
USG-105246,EQ-1124,OP-238,2024-03-14,11.64
USG-105247,EQ-1028,OP-245,2024-02-17,11.42
USG-105249,EQ-1009,OP-279,2023-12-21,6.31
USG-105250,EQ-1094,OP-227,2023-09-09,11.3
USG-105251,EQ-1091,OP-243,2023-12-30,11.39
USG-105252,EQ-1104,OP-243,2023-12-20,8.94
USG-105253,EQ-1006,OP-243,2024-05-02,6.77
USG-105254,EQ-1120,OP-260,2023-03-08,9.63
USG-105255,EQ-1146,OP-264,2024-03-26,6.77
USG-105256,EQ-1148,OP-220,2024-01-12,10.08
USG-105257,EQ-1104,OP-278,2023-04-10,9.67
USG-105258,EQ-1078,OP-222,2023-11-25,10.15
USG-105259,EQ-1050,OP-205,2023-01-29,5.68
USG-105260,EQ-1090,OP-263,2024-03-21,4.19
USG-105261,EQ-1027,OP-236,2023-10-16,5.59
USG-105262,EQ-1109,OP-202,2024-03-13,3.32
USG-105263,EQ-1088,OP-249,2023-11-07,6.5
USG-105264,EQ-1130,OP-206,2023-09-02,6.77
USG-105265,EQ-1055,OP-239,2024-02-27,6.77
USG-105266,EQ-1122,OP-222,2024-03-01,9.02
USG-105267,EQ-1071,OP-212,2023-10-10,8.56
USG-105268,EQ-1030,OP-222,2023-10-21,4.26
USG-105269,EQ-1027,OP-270,2023-08-25,4.26
USG-105270,EQ-1089,OP-210,2023-12-01,10.18
USG-105271,EQ-1015,OP-277,2024-05-02,6.04
USG-105272,EQ-1039,OP-237,2024-02-28,9.07
USG-105273,EQ-1073,OP-267,2023-09-14,9.05
USG-105274,EQ-1140,OP-241,2023-01-28,6.77
USG-105275,EQ-1045,OP-260,2024-02-09,11.95
USG-105276,EQ-1019,OP-245,2023-01-24,3.58
USG-105277,EQ-1037,OP-239,2023-12-12,8.76
USG-105278,EQ-1142,OP-262,2023-10-29,10.74
USG-105279,EQ-1068,OP-210,2024-02-15,6.08
USG-105280,EQ-1124,OP-263,2024-02-08,2.38
USG-105281,EQ-1113,OP-221,2023-11-02,9.84
USG-105282,EQ-1072,OP-240,2023-09-06,2.03
USG-105284,EQ-1071,OP-231,2023-08-22,5.93
USG-105285,EQ-1025,OP-250,2023-04-24,2.33
USG-105286,EQ-1053,OP-210,2023-01-16,6.87
USG-105287,EQ-1113,OP-211,2024-02-21,6.77
USG-105288,EQ-1016,OP-259,2023-05-21,11.49
USG-105289,EQ-1007,OP-229,2023-01-04,11.3
USG-105290,EQ-1113,OP-227,2023-05-01,8.15
USG-105291,EQ-1001,OP-237,2023-10-17,10.18
USG-105292,EQ-1040,OP-220,2024-05-01,1.66
USG-105295,EQ-1010,OP-260,2023-02-12,10.46
USG-105297,EQ-1028,OP-241,2023-11-09,11.17
USG-105298,EQ-1014,OP-219,2023-09-04,9.89
USG-105299,EQ-1070,OP-263,2023-09-06,10.4
USG-105300,EQ-1128,OP-242,2023-07-12,1.59
USG-105301,EQ-1045,OP-233,2024-01-23,4.27
USG-105302,EQ-1128,OP-214,2024-02-04,10.45
USG-105303,EQ-1132,OP-263,2023-02-25,7.36
USG-105304,EQ-1097,OP-271,2023-01-11,8.55
USG-105305,EQ-1090,OP-205,2023-10-13,7.26
USG-105306,EQ-1083,OP-233,2023-05-19,4.64
USG-105307,EQ-1035,OP-233,2024-01-28,9.81
USG-105309,EQ-1131,OP-222,2023-07-30,11.45
USG-105310,EQ-1075,OP-208,2023-07-30,2.72
USG-105311,EQ-1001,OP-248,2023-12-04,1.61
USG-105312,EQ-1019,OP-228,2023-08-07,8.55
USG-105313,EQ-1119,OP-213,2023-12-16,10.59
USG-105314,EQ-1082,OP-263,2023-10-08,10.64
USG-105315,EQ-1028,OP-268,2024-03-26,11.08
USG-105316,EQ-1045,OP-247,2023-07-05,8.06
USG-105317,EQ-1123,OP-255,2023-08-08,7.84
USG-105318,EQ-1045,OP-229,2023-06-03,3.66
USG-105319,EQ-1038,OP-220,2023-08-20,8.03
USG-105320,EQ-1050,OP-259,2024-04-11,2.07
USG-105321,EQ-1147,OP-205,2023-06-26,9.99
USG-105322,EQ-1100,OP-268,2024-03-16,8.55
USG-105323,EQ-1103,OP-207,2023-09-30,1.65
USG-105324,EQ-1009,OP-262,2024-02-26,10.42
USG-105325,EQ-1043,OP-250,2024-01-03,6.77
USG-105326,EQ-1086,OP-279,2023-02-24,10.94
USG-105327,EQ-1111,OP-219,2023-10-21,5.15
USG-105328,EQ-1049,OP-206,2023-03-09,10.55
USG-105329,EQ-1048,OP-207,2023-11-13,4.4
USG-105330,EQ-1140,OP-202,2023-07-18,6.77
USG-105331,EQ-1118,OP-271,2023-09-12,7.13
USG-105332,EQ-1073,OP-207,2023-01-27,4.89
USG-105333,EQ-1073,OP-230,2024-03-12,7.42
USG-105334,EQ-1001,OP-207,2023-04-26,8.33
USG-105335,EQ-1136,OP-263,2024-03-30,10.55
USG-105336,EQ-1120,OP-200,2023-05-26,11.76
USG-105337,EQ-1080,OP-231,2023-01-30,6.77
USG-105338,EQ-1135,OP-220,2024-03-10,2.69
USG-105339,EQ-1012,OP-206,2024-04-04,7.23
USG-105340,EQ-1125,OP-261,2023-04-18,1.5
USG-105341,EQ-1124,OP-248,2023-03-23,9.73
USG-105342,EQ-1088,OP-223,2023-01-07,7.13
USG-105343,EQ-1094,OP-214,2023-04-07,2.35
USG-105344,EQ-1141,OP-244,2023-01-07,11.83
USG-105345,EQ-1030,OP-234,2023-02-14,2.47
USG-105346,EQ-1032,OP-200,2023-09-10,11.76
USG-105347,EQ-1095,OP-254,2023-10-25,3.77
USG-105348,EQ-1121,OP-279,2023-03-16,7.5
USG-105349,EQ-1067,OP-265,2023-08-27,7.46
USG-105350,EQ-1094,OP-226,2023-11-05,5.35
USG-105351,EQ-1011,OP-219,2023-06-04,3.64
USG-105352,EQ-1076,OP-217,2023-11-27,2.23
USG-105353,EQ-1110,OP-236,2024-03-21,11.66
USG-105354,EQ-1049,OP-239,2024-04-06,11.68
USG-105355,EQ-1071,OP-253,2023-10-10,9.42
USG-105356,EQ-1027,OP-248,2023-12-26,11.78
USG-105357,EQ-1140,OP-252,2024-02-04,9.48
USG-105358,EQ-1002,OP-226,2023-05-04,7.01
USG-105359,EQ-1026,OP-249,2023-01-03,7.91
USG-105360,EQ-1039,OP-233,2023-03-01,9.64
USG-105361,EQ-1111,OP-254,2023-09-21,6.77
USG-105362,EQ-1039,OP-220,2023-08-26,7.86
USG-105363,EQ-1051,OP-203,2023-07-02,3.53
USG-105364,EQ-1142,OP-218,2023-04-14,7.42
USG-105365,EQ-1148,OP-237,2023-08-26,6.4
USG-105366,EQ-1101,OP-200,2023-10-16,9.86
USG-105367,EQ-1105,OP-251,2023-08-24,3.33
USG-105368,EQ-1017,OP-269,2024-04-30,6.77
USG-105369,EQ-1102,OP-264,2023-12-15,6.77
USG-105370,EQ-1124,OP-239,2024-01-08,7.22
USG-105371,EQ-1082,OP-202,2023-08-05,6.77
USG-105372,EQ-1034,OP-236,2023-02-21,6.29
USG-105373,EQ-1002,OP-205,2023-10-13,7.37
USG-105375,EQ-1146,OP-234,2024-04-04,4.18
USG-105376,EQ-1081,OP-258,2024-04-13,2.13
USG-105377,EQ-1017,OP-264,2023-12-19,9.35
USG-105378,EQ-1014,OP-277,2024-03-28,4.69
USG-105379,EQ-1135,OP-271,2023-01-05,7.0
USG-105381,EQ-1127,OP-210,2023-06-20,7.18
USG-105382,EQ-1060,OP-256,2023-04-13,3.25
USG-105383,EQ-1122,OP-249,2023-03-12,4.39
USG-105384,EQ-1063,OP-214,2023-09-12,3.87
USG-105385,EQ-1090,OP-278,2023-09-02,7.04
USG-105386,EQ-1112,OP-251,2023-05-10,4.99
USG-105387,EQ-1104,OP-217,2023-03-01,6.87
USG-105388,EQ-1109,OP-216,2023-06-11,4.66
USG-105389,EQ-1143,OP-251,2023-08-21,7.87
USG-105390,EQ-1041,OP-253,2023-08-30,6.77
USG-105391,EQ-1025,OP-233,2023-02-23,9.03
USG-105392,EQ-1142,OP-268,2023-09-27,2.92
USG-105393,EQ-1137,OP-277,2023-09-26,8.29
USG-105394,EQ-1128,OP-223,2023-10-16,2.41
USG-105395,EQ-1102,OP-234,2023-11-25,4.78
USG-105396,EQ-1020,OP-274,2023-03-24,8.08
USG-105398,EQ-1009,OP-255,2023-02-08,7.45
USG-105399,EQ-1001,OP-213,2023-08-09,7.73
USG-105400,EQ-1086,OP-231,2023-01-20,6.95
USG-105401,EQ-1102,OP-262,2024-01-08,8.75
USG-105402,EQ-1001,OP-240,2023-04-03,8.48
USG-105403,EQ-1129,OP-258,2023-12-18,6.74
USG-105404,EQ-1040,OP-250,2023-07-11,7.48
USG-105405,EQ-1114,OP-268,2023-12-14,2.19
USG-105406,EQ-1126,OP-232,2023-01-01,11.48
USG-105407,EQ-1045,OP-258,2023-08-04,4.76
USG-105408,EQ-1078,OP-252,2023-06-23,8.7
USG-105409,EQ-1081,OP-236,2023-09-13,4.27
USG-105410,EQ-1105,OP-UNKNOWN,2023-09-18,5.2
USG-105411,EQ-1140,OP-263,2023-06-25,7.39
USG-105412,EQ-1144,OP-223,2023-01-31,6.77
USG-105413,EQ-1082,OP-267,2024-01-13,9.51
USG-105414,EQ-1025,OP-235,2024-01-09,4.08
USG-105415,EQ-1034,OP-263,2023-08-23,9.63
USG-105416,EQ-1037,OP-239,2023-06-26,11.46
USG-105417,EQ-1072,OP-206,2023-06-01,11.4
USG-105418,EQ-1100,OP-279,2023-09-04,9.26
USG-105419,EQ-1075,OP-201,2023-07-29,8.42
USG-105420,EQ-1008,OP-256,2023-10-14,7.94
USG-105421,EQ-1145,OP-248,2023-11-22,6.78
USG-105422,EQ-1129,OP-277,2023-08-29,6.77
USG-105423,EQ-1046,OP-275,2023-06-02,6.43
USG-105424,EQ-1022,OP-267,2024-01-16,11.87
USG-105425,EQ-1089,OP-218,2024-01-30,4.29
USG-105426,EQ-1119,OP-265,2024-01-31,3.77
USG-105427,EQ-1061,OP-278,2023-11-29,6.22
USG-105428,EQ-1068,OP-279,2023-01-11,8.76
USG-105430,EQ-1038,OP-265,2023-02-10,6.71
USG-105431,EQ-1149,OP-259,2023-11-22,6.77
USG-105432,EQ-1007,OP-279,2023-07-09,8.2
USG-105433,EQ-1098,OP-223,2023-08-16,8.99
USG-105434,EQ-1051,OP-242,2023-08-20,6.71
USG-105435,EQ-1065,OP-205,2023-09-04,9.3
USG-105436,EQ-1112,OP-266,2023-09-13,8.85
USG-105437,EQ-1111,OP-224,2023-07-19,6.95
USG-105438,EQ-1068,OP-275,2023-10-07,11.1
USG-105439,EQ-1145,OP-221,2023-07-24,1.69
USG-105440,EQ-1090,OP-277,2024-01-06,11.25
USG-105442,EQ-1052,OP-257,2023-10-21,9.83
USG-105443,EQ-1076,OP-242,2024-04-04,6.77
USG-105444,EQ-1024,OP-248,2023-07-04,9.93
USG-105445,EQ-1011,OP-267,2023-08-06,7.41
USG-105446,EQ-1133,OP-259,2023-01-29,8.18
USG-105447,EQ-1058,OP-206,2024-03-23,2.5
USG-105448,EQ-1084,OP-263,2024-03-03,3.69
USG-105449,EQ-1119,OP-221,2023-12-29,4.51
USG-105450,EQ-1098,OP-222,2023-07-22,6.5
USG-105451,EQ-1019,OP-244,2023-03-25,3.67
USG-105452,EQ-1006,OP-257,2023-11-05,10.54
USG-105453,EQ-1068,OP-214,2023-10-31,4.34
USG-105454,EQ-1147,OP-249,2023-04-01,7.31
USG-105456,EQ-1058,OP-252,2023-09-28,2.12
USG-105457,EQ-1138,OP-211,2023-11-27,11.35
USG-105458,EQ-1136,OP-216,2023-01-10,4.38
USG-105459,EQ-1095,OP-209,2023-11-14,6.32
USG-105460,EQ-1002,OP-242,2023-01-28,11.95
USG-105461,EQ-1000,OP-250,2023-12-01,8.79
USG-105462,EQ-1107,OP-250,2023-07-05,9.11
USG-105463,EQ-1122,OP-238,2023-02-12,6.05
USG-105464,EQ-1005,OP-219,2023-05-04,4.62
USG-105465,EQ-1047,OP-262,2023-11-22,2.53
USG-105466,EQ-1085,OP-259,2023-04-23,4.88
USG-105467,EQ-1075,OP-276,2023-01-01,2.24
USG-105468,EQ-1106,OP-225,2023-02-01,5.47
USG-105469,EQ-1014,OP-206,2023-08-10,2.07
USG-105470,EQ-1117,OP-273,2023-01-31,8.4
USG-105471,EQ-1120,OP-255,2023-12-12,11.78
USG-105472,EQ-1008,OP-279,2023-07-18,4.35
USG-105473,EQ-1017,OP-219,2023-11-06,1.69
USG-105474,EQ-1125,OP-239,2023-12-31,7.16
USG-105475,EQ-1039,OP-227,2023-08-22,7.08
USG-105476,EQ-1110,OP-257,2023-05-10,8.81
USG-105478,EQ-1090,OP-UNKNOWN,2024-02-20,9.92
USG-105479,EQ-1115,OP-211,2023-02-03,9.53
USG-105480,EQ-1016,OP-268,2023-03-23,4.58
USG-105481,EQ-1078,OP-215,2023-11-25,6.77
USG-105482,EQ-1014,OP-221,2023-12-06,2.61
USG-105484,EQ-1016,OP-265,2024-01-08,9.98
USG-105485,EQ-1006,OP-256,2023-11-01,4.71
USG-105486,EQ-1015,OP-269,2023-02-03,3.84
USG-105488,EQ-1041,OP-268,2023-11-02,10.36
USG-105489,EQ-1012,OP-266,2023-02-07,4.74
USG-105491,EQ-1071,OP-200,2023-07-29,7.35
USG-105492,EQ-1132,OP-244,2023-10-11,1.62
USG-105493,EQ-1122,OP-275,2024-05-14,3.35
USG-105494,EQ-1008,OP-225,2023-02-12,6.96
USG-105495,EQ-1114,OP-271,2023-11-08,8.71
USG-105496,EQ-1119,OP-212,2023-11-09,5.14
USG-105497,EQ-1054,OP-246,2023-02-08,6.77
USG-105499,EQ-1124,OP-260,2023-01-29,10.43
USG-105500,EQ-1129,OP-278,2023-12-04,4.27
USG-105501,EQ-1065,OP-223,2023-02-16,2.73
USG-105502,EQ-1086,OP-277,2023-05-22,5.39
USG-105503,EQ-1053,OP-246,2023-07-08,11.01
USG-105504,EQ-1092,OP-UNKNOWN,2024-01-24,2.73
USG-105505,EQ-1042,OP-219,2023-12-15,4.43
USG-105506,EQ-1037,OP-226,2023-10-19,9.81
USG-105507,EQ-1083,OP-221,2023-10-10,3.84
USG-105509,EQ-1132,OP-237,2023-01-22,3.17
USG-105510,EQ-1093,OP-266,2023-08-14,10.61
USG-105511,EQ-1005,OP-220,2023-11-19,11.49
USG-105512,EQ-1097,OP-UNKNOWN,2023-01-31,10.18
USG-105513,EQ-1036,OP-210,2024-05-12,10.42
USG-105514,EQ-1094,OP-217,2023-11-22,11.88
USG-105515,EQ-1076,OP-236,2024-04-24,5.04
USG-105516,EQ-1139,OP-253,2023-04-19,11.87
USG-105517,EQ-1137,OP-267,2023-01-16,10.42
USG-105518,EQ-1047,OP-274,2023-10-09,6.77
USG-105519,EQ-1038,OP-228,2023-12-04,10.19
USG-105520,EQ-1093,OP-262,2024-02-10,4.53
USG-105521,EQ-1083,OP-219,2024-04-25,6.77
USG-105522,EQ-1052,OP-252,2024-03-01,11.82
USG-105523,EQ-1098,OP-266,2023-01-30,10.77
USG-105524,EQ-1110,OP-225,2023-11-06,1.89
USG-105525,EQ-1135,OP-219,2023-11-12,11.73
USG-105526,EQ-1096,OP-UNKNOWN,2023-12-22,8.86
USG-105527,EQ-1027,OP-231,2023-08-04,5.28
USG-105528,EQ-1106,OP-240,2023-11-17,7.94
USG-105529,EQ-1054,OP-270,2023-09-28,9.83
USG-105531,EQ-1000,OP-236,2023-11-02,3.65
USG-105532,EQ-1062,OP-252,2023-09-19,11.81
USG-105533,EQ-1073,OP-234,2023-04-18,9.69
USG-105534,EQ-1044,OP-263,2023-09-11,7.37
USG-105535,EQ-1018,OP-209,2023-12-17,6.77
USG-105536,EQ-1131,OP-230,2023-01-24,7.48
USG-105538,EQ-1134,OP-260,2023-05-23,8.99
USG-105539,EQ-1058,OP-220,2024-05-08,6.13
USG-105540,EQ-1055,OP-227,2023-02-24,2.69
USG-105541,EQ-1004,OP-231,2024-03-20,7.02
USG-105542,EQ-1020,OP-278,2024-02-20,1.76
USG-105543,EQ-1097,OP-258,2023-03-27,10.83
USG-105544,EQ-1147,OP-212,2024-04-23,10.17
USG-105545,EQ-1046,OP-208,2023-04-26,3.14
USG-105546,EQ-1004,OP-257,2024-03-05,6.77
USG-105547,EQ-1143,OP-211,2024-03-02,6.77
USG-105548,EQ-1070,OP-249,2023-02-12,5.73
USG-105549,EQ-1126,OP-262,2023-03-22,5.33
USG-105550,EQ-1146,OP-200,2023-08-11,8.74
USG-105551,EQ-1089,OP-226,2023-05-07,8.96
USG-105552,EQ-1083,OP-204,2023-06-09,5.47
USG-105553,EQ-1062,OP-246,2023-12-07,5.05
USG-105554,EQ-1032,OP-250,2023-08-15,11.31
USG-105555,EQ-1038,OP-200,2023-09-02,3.62
USG-105556,EQ-1107,OP-230,2023-05-02,5.53
USG-105557,EQ-1132,OP-246,2023-09-04,2.56
USG-105558,EQ-1129,OP-UNKNOWN,2023-06-01,2.57
USG-105559,EQ-1096,OP-205,2023-02-17,4.03
USG-105560,EQ-1100,OP-202,2023-04-26,10.99
USG-105561,EQ-1092,OP-237,2023-07-18,3.19
USG-105562,EQ-1027,OP-276,2023-01-11,2.5
USG-105563,EQ-1026,OP-270,2024-04-21,1.67
USG-105564,EQ-1124,OP-204,2023-08-22,11.82
USG-105565,EQ-1041,OP-259,2023-08-31,4.45
USG-105566,EQ-1100,OP-218,2023-12-11,11.43
USG-105567,EQ-1110,OP-268,2024-03-26,10.23
USG-105568,EQ-1042,OP-UNKNOWN,2024-03-30,11.43
USG-105569,EQ-1020,OP-229,2023-07-16,4.49
USG-105570,EQ-1075,OP-237,2024-02-07,10.54
USG-105571,EQ-1149,OP-237,2023-06-22,5.31
USG-105572,EQ-1003,OP-206,2023-01-26,1.69
USG-105573,EQ-1149,OP-260,2023-04-11,11.13
USG-105574,EQ-1114,OP-275,2023-05-11,1.9
USG-105575,EQ-1006,OP-220,2023-05-14,2.72
USG-105576,EQ-1076,OP-219,2024-03-04,6.77
USG-105577,EQ-1125,OP-254,2023-01-07,5.02
USG-105578,EQ-1051,OP-210,2023-04-07,5.92
USG-105579,EQ-1139,OP-273,2023-06-27,6.77
USG-105580,EQ-1008,OP-231,2024-05-15,5.19
USG-105581,EQ-1141,OP-214,2023-08-17,9.43
USG-105582,EQ-1103,OP-213,2023-01-14,10.84
USG-105583,EQ-1149,OP-245,2023-08-11,2.14
USG-105584,EQ-1097,OP-235,2024-01-05,6.53
USG-105585,EQ-1142,OP-248,2023-03-28,6.77
USG-105586,EQ-1090,OP-209,2023-11-29,4.71
USG-105587,EQ-1146,OP-219,2023-07-02,6.77
USG-105588,EQ-1043,OP-215,2023-01-05,5.02
USG-105589,EQ-1064,OP-219,2023-06-15,4.08
USG-105590,EQ-1138,OP-243,2024-03-02,11.63
USG-105591,EQ-1144,OP-267,2023-01-19,10.49
USG-105592,EQ-1010,OP-243,2023-10-04,3.8
USG-105594,EQ-1121,OP-251,2023-10-31,2.18
USG-105595,EQ-1031,OP-242,2023-01-07,7.58
USG-105596,EQ-1090,OP-237,2024-05-12,11.33
USG-105597,EQ-1111,OP-214,2024-03-31,9.88
USG-105598,EQ-1141,OP-231,2023-03-01,4.83
USG-105599,EQ-1105,OP-277,2023-06-11,3.22
USG-105600,EQ-1104,OP-260,2023-04-22,3.9
USG-105601,EQ-1048,OP-278,2023-02-10,4.93
USG-105602,EQ-1082,OP-213,2024-04-18,6.77
USG-105603,EQ-1048,OP-257,2023-07-23,3.08
USG-105604,EQ-1129,OP-270,2023-02-13,1.85
USG-105605,EQ-1022,OP-260,2024-10-02,3.45
USG-105606,EQ-1061,OP-227,2023-08-25,6.77
USG-105607,EQ-1019,OP-233,2023-04-09,10.52
USG-105608,EQ-1030,OP-271,2023-03-15,6.77
USG-105609,EQ-1073,OP-221,2023-01-13,7.16
USG-105610,EQ-1058,OP-239,2023-03-03,11.28
USG-105611,EQ-1106,OP-257,2024-04-07,8.35
USG-105612,EQ-1131,OP-275,2023-04-01,8.19
USG-105614,EQ-1140,OP-260,2023-09-17,5.75
USG-105615,EQ-1002,OP-206,2024-03-31,10.92
USG-105616,EQ-1009,OP-216,2023-05-25,9.01
USG-105617,EQ-1043,OP-259,2023-04-16,11.24
USG-105618,EQ-1117,OP-255,2024-03-03,3.55
USG-105619,EQ-1021,OP-217,2024-01-26,6.96
USG-105620,EQ-1078,OP-229,2023-01-02,9.76
USG-105621,EQ-1145,OP-210,2023-07-25,7.6
USG-105622,EQ-1050,OP-252,2023-10-12,3.96
USG-105623,EQ-1033,OP-220,2023-11-22,7.36
USG-105624,EQ-1093,OP-226,2023-12-04,6.79
USG-105625,EQ-1044,OP-250,2023-09-07,6.77
USG-105626,EQ-1128,OP-260,2024-01-24,3.12
USG-105627,EQ-1003,OP-252,2024-04-12,6.84
USG-105629,EQ-1062,OP-228,2023-11-05,8.16
USG-105630,EQ-1014,OP-219,2024-05-09,6.2
USG-105631,EQ-1024,OP-273,2023-06-28,10.19
USG-105632,EQ-1132,OP-231,2024-04-29,6.11
USG-105633,EQ-1130,OP-210,2023-06-24,10.23
USG-105634,EQ-1040,OP-206,2024-02-23,1.81
USG-105635,EQ-1071,OP-204,2023-02-13,10.41
USG-105636,EQ-1000,OP-256,2023-02-23,3.16
USG-105637,EQ-1051,OP-216,2023-05-26,4.96
USG-105638,EQ-1114,OP-271,2023-08-06,3.82
USG-105639,EQ-1115,OP-252,2023-01-13,3.48
USG-105640,EQ-1084,OP-230,2023-07-28,2.02
USG-105641,EQ-1121,OP-252,2023-10-31,11.56
USG-105642,EQ-1062,OP-260,2024-01-15,9.7
USG-105643,EQ-1129,OP-228,2023-06-25,6.71
USG-105644,EQ-1144,OP-278,2023-05-22,5.85
USG-105645,EQ-1131,OP-224,2023-08-14,7.44
USG-105646,EQ-1096,OP-216,2023-05-18,6.77
USG-105647,EQ-1099,OP-207,2023-03-21,6.93
USG-105648,EQ-1142,OP-209,2024-04-12,1.54
USG-105649,EQ-1105,OP-220,2023-10-29,9.82
USG-105651,EQ-1002,OP-248,2023-06-13,7.0
USG-105652,EQ-1026,OP-275,2023-08-25,6.77
USG-105654,EQ-1120,OP-275,2023-05-29,2.19
USG-105655,EQ-1095,OP-246,2023-06-13,3.73
USG-105656,EQ-1018,OP-263,2023-12-09,6.77
USG-105657,EQ-1015,OP-243,2023-06-11,8.07
USG-105658,EQ-1072,OP-273,2023-07-27,6.77
USG-105659,EQ-1097,OP-252,2024-03-25,2.2
USG-105660,EQ-1020,OP-251,2023-01-11,4.56
USG-105662,EQ-1099,OP-257,2023-06-18,5.3
USG-105663,EQ-1004,OP-224,2023-05-18,1.72
USG-105664,EQ-1134,OP-239,2023-11-08,7.68
USG-105665,EQ-1012,OP-214,2023-09-21,7.34
USG-105666,EQ-1074,OP-224,2023-08-03,7.03
USG-105667,EQ-1026,OP-249,2023-03-03,10.6
USG-105668,EQ-1042,OP-277,2023-04-17,8.72
USG-105669,EQ-1017,OP-210,2024-02-10,8.99
USG-105670,EQ-1112,OP-276,2023-01-16,5.1
USG-105671,EQ-1142,OP-231,2023-01-30,5.9
USG-105672,EQ-1134,OP-256,2023-12-24,2.65
USG-105673,EQ-1072,OP-251,2023-09-06,11.97
USG-105674,EQ-1148,OP-225,2024-01-16,4.35
USG-105675,EQ-1122,OP-210,2023-10-29,9.68
USG-105676,EQ-1030,OP-203,2024-03-04,8.54
USG-105677,EQ-1137,OP-235,2024-04-06,9.24
USG-105678,EQ-1114,OP-235,2024-05-04,5.56
USG-105679,EQ-1139,OP-264,2023-11-06,10.65
USG-105680,EQ-1122,OP-229,2023-10-17,4.62
USG-105681,EQ-1061,OP-204,2024-01-17,7.9
USG-105682,EQ-1074,OP-235,2023-04-06,5.3
USG-105683,EQ-1038,OP-252,2023-02-02,6.33
USG-105684,EQ-1140,OP-207,2023-08-22,7.94
USG-105685,EQ-1064,OP-200,2023-05-03,7.37
USG-105686,EQ-1058,OP-266,2024-05-01,8.6
USG-105688,EQ-1091,OP-224,2023-10-22,10.3
USG-105689,EQ-1044,OP-250,2024-05-10,11.27
USG-105690,EQ-1122,OP-238,2024-01-31,4.07
USG-105691,EQ-1122,OP-208,2023-09-23,9.18
USG-105692,EQ-1135,OP-251,2024-04-06,7.4
USG-105693,EQ-1136,OP-201,2024-04-25,5.81
USG-105694,EQ-1132,OP-203,2023-11-09,10.0
USG-105695,EQ-1124,OP-240,2023-04-26,11.53
USG-105697,EQ-1138,OP-209,2023-12-25,4.12
USG-105698,EQ-1129,OP-201,2024-04-14,3.21
USG-105700,EQ-1010,OP-210,2023-11-04,2.44
USG-105701,EQ-1034,OP-201,2024-05-01,11.24
USG-105702,EQ-1083,OP-234,2023-12-22,6.93
USG-105703,EQ-1023,OP-222,2023-09-03,11.53
USG-105704,EQ-1050,OP-228,2023-05-03,10.34
USG-105705,EQ-1039,OP-UNKNOWN,2023-10-10,6.2
USG-105706,EQ-1021,OP-222,2024-03-28,9.01
USG-105707,EQ-1106,OP-201,2023-04-20,8.18
USG-105708,EQ-1124,OP-223,2023-11-23,3.73
USG-105709,EQ-1109,OP-246,2023-05-25,6.77
USG-105710,EQ-1015,OP-269,2023-05-24,8.59
USG-105711,EQ-1077,OP-209,2024-03-22,6.89
USG-105712,EQ-1130,OP-214,2024-04-02,5.01
USG-105713,EQ-1067,OP-243,2023-11-19,2.82
USG-105714,EQ-1108,OP-200,2023-09-12,10.27
USG-105715,EQ-1129,OP-258,2024-02-12,6.77
USG-105716,EQ-1065,OP-259,2023-12-11,10.63
USG-105717,EQ-1095,OP-268,2024-03-28,2.04
USG-105718,EQ-1080,OP-253,2023-12-31,5.72
USG-105719,EQ-1110,OP-279,2024-04-29,7.71
USG-105720,EQ-1112,OP-230,2024-09-02,7.12
USG-105721,EQ-1058,OP-276,2024-02-05,9.46
USG-105722,EQ-1082,OP-202,2023-02-01,11.07
USG-105723,EQ-1027,OP-206,2024-05-04,1.66
USG-105724,EQ-1048,OP-204,2023-05-03,9.52
USG-105725,EQ-1047,OP-220,2024-03-26,6.77
USG-105726,EQ-1093,OP-247,2023-12-28,11.92
USG-105727,EQ-1129,OP-263,2023-07-10,11.2
USG-105728,EQ-1056,OP-229,2023-11-01,4.54
USG-105729,EQ-1148,OP-210,2024-05-12,9.5
USG-105730,EQ-1135,OP-267,2024-04-26,7.44
USG-105731,EQ-1130,OP-257,2023-09-23,2.25
USG-105732,EQ-1110,OP-275,2024-03-14,5.74
USG-105733,EQ-1004,OP-237,2023-06-24,4.85
USG-105734,EQ-1119,OP-UNKNOWN,2023-04-18,11.36
USG-105735,EQ-1129,OP-266,2023-08-20,6.77
USG-105736,EQ-1008,OP-204,2023-09-06,11.02
USG-105737,EQ-1102,OP-274,2024-04-11,4.52
USG-105738,EQ-1102,OP-268,2023-05-09,7.95
USG-105739,EQ-1076,OP-232,2024-02-27,8.66
USG-105740,EQ-1025,OP-210,2024-04-10,8.56
USG-105741,EQ-1046,OP-225,2024-01-23,7.91
USG-105742,EQ-1018,OP-279,2024-02-17,10.88
USG-105743,EQ-1100,OP-253,2023-05-21,6.63
USG-105744,EQ-1088,OP-243,2023-08-04,8.93
USG-105745,EQ-1027,OP-224,2023-01-06,6.77
USG-105746,EQ-1134,OP-211,2023-06-19,1.99
USG-105747,EQ-1126,OP-249,2024-03-24,3.71
USG-105748,EQ-1096,OP-237,2023-03-17,2.51
USG-105749,EQ-1054,OP-238,2023-07-15,4.45
USG-105750,EQ-1097,OP-250,2023-02-01,3.99
USG-105751,EQ-1135,OP-279,2023-03-26,2.74
USG-105752,EQ-1041,OP-203,2023-09-15,10.0
USG-105753,EQ-1011,OP-212,2023-08-22,5.6
USG-105754,EQ-1109,OP-269,2023-11-19,6.22
USG-105755,EQ-1057,OP-228,2023-07-24,4.86
USG-105757,EQ-1149,OP-227,2024-01-16,4.46
USG-105758,EQ-1102,OP-227,2024-01-30,6.77
USG-105759,EQ-1054,OP-227,2023-01-13,3.33
USG-105760,EQ-1008,OP-UNKNOWN,2023-03-20,5.17
USG-105761,EQ-1088,OP-278,2023-08-11,2.44
USG-105762,EQ-1135,OP-210,2023-02-23,10.11
USG-105763,EQ-1013,OP-244,2023-09-17,11.56
USG-105764,EQ-1057,OP-203,2023-10-06,6.77
USG-105765,EQ-1066,OP-201,2023-10-02,6.01
USG-105766,EQ-1027,OP-247,2023-09-15,10.74
USG-105767,EQ-1081,OP-259,2024-04-17,2.9
USG-105768,EQ-1103,OP-200,2023-10-17,11.83
USG-105769,EQ-1116,OP-254,2024-05-13,2.4
USG-105770,EQ-1107,OP-257,2023-02-28,1.57
USG-105771,EQ-1105,OP-255,2023-05-21,4.72
USG-105772,EQ-1060,OP-277,2024-03-06,5.02
USG-105773,EQ-1074,OP-243,2023-03-30,5.49
USG-105774,EQ-1145,OP-262,2024-01-03,8.65
USG-105775,EQ-1022,OP-249,2023-01-18,8.51
USG-105776,EQ-1122,OP-203,2023-02-21,10.76
USG-105777,EQ-1015,OP-209,2023-06-29,8.02
USG-105778,EQ-1056,OP-207,2023-11-30,3.08
USG-105779,EQ-1107,OP-211,2023-07-05,11.75
USG-105780,EQ-1058,OP-264,2024-02-01,11.2
USG-105781,EQ-1148,OP-202,2023-08-11,6.84
USG-105782,EQ-1104,OP-224,2023-01-14,2.11
USG-105783,EQ-1133,OP-225,2023-05-21,4.12
USG-105784,EQ-1015,OP-266,2023-09-13,9.45
USG-105785,EQ-1072,OP-237,2024-04-06,5.96
USG-105786,EQ-1024,OP-262,2024-01-17,6.77
USG-105787,EQ-1127,OP-277,2023-11-24,3.98
USG-105788,EQ-1123,OP-222,2023-10-26,8.56
USG-105789,EQ-1010,OP-244,2023-05-16,2.97
USG-105790,EQ-1052,OP-223,2023-06-22,9.57
USG-105791,EQ-1119,OP-251,2023-04-25,2.6
USG-105792,EQ-1064,OP-259,2023-08-06,9.58
USG-105793,EQ-1102,OP-242,2024-04-26,3.37
USG-105794,EQ-1018,OP-231,2023-07-10,7.31
USG-105795,EQ-1116,OP-241,2023-01-04,10.79
USG-105796,EQ-1085,OP-205,2023-09-06,6.33
USG-105797,EQ-1057,OP-231,2023-03-02,6.7
USG-105798,EQ-1050,OP-236,2023-10-04,9.7
USG-105800,EQ-1063,OP-262,2023-08-06,5.78
USG-105802,EQ-1056,OP-210,2023-11-19,10.1
USG-105803,EQ-1080,OP-236,2023-10-14,8.58
USG-105804,EQ-1121,OP-256,2023-09-08,5.54
USG-105805,EQ-1086,OP-277,2023-01-03,6.23
USG-105806,EQ-1145,OP-232,2023-01-08,6.77
USG-105807,EQ-1137,OP-220,2023-03-27,6.77
USG-105808,EQ-1024,OP-249,2023-06-16,3.12
USG-105809,EQ-1118,OP-241,2023-03-06,7.33
USG-105810,EQ-1134,OP-UNKNOWN,2023-03-28,4.86
USG-105811,EQ-1105,OP-201,2023-11-10,1.77
USG-105812,EQ-1134,OP-265,2023-07-01,1.5
USG-105813,EQ-1116,OP-269,2024-05-12,6.53
USG-105814,EQ-1039,OP-224,2023-01-06,6.77
USG-105815,EQ-1016,OP-254,2023-10-20,3.65
USG-105817,EQ-1017,OP-271,2023-01-31,8.63
USG-105818,EQ-1034,OP-221,2024-03-01,10.41
USG-105819,EQ-1143,OP-242,2023-10-03,7.63
USG-105820,EQ-1099,OP-274,2024-01-30,6.62
USG-105821,EQ-1082,OP-211,2023-01-28,9.34
USG-105822,EQ-1092,OP-267,2023-09-16,3.06
USG-105823,EQ-1056,OP-227,2023-11-28,10.82
USG-105824,EQ-1006,OP-271,2023-09-07,6.77
USG-105825,EQ-1104,OP-274,2023-11-04,6.77
USG-105826,EQ-1076,OP-259,2023-10-17,8.35
USG-105827,EQ-1130,OP-212,2023-05-21,7.18
USG-105828,EQ-1143,OP-215,2023-08-31,5.04
USG-105829,EQ-1137,OP-234,2023-10-28,7.55
USG-105830,EQ-1047,OP-266,2024-05-11,10.32
USG-105831,EQ-1126,OP-202,2024-02-29,1.74
USG-105832,EQ-1005,OP-263,2023-05-27,8.4
USG-105833,EQ-1114,OP-218,2023-12-03,5.11
USG-105834,EQ-1095,OP-253,2023-09-14,4.32
USG-105835,EQ-1003,OP-UNKNOWN,2023-06-23,2.84
USG-105836,EQ-1039,OP-223,2023-05-31,4.5
USG-105837,EQ-1009,OP-UNKNOWN,2024-05-13,8.77
USG-105838,EQ-1114,OP-239,2023-12-22,8.03
USG-105839,EQ-1121,OP-220,2024-03-04,4.53
USG-105840,EQ-1013,OP-268,2023-04-19,7.13
USG-105841,EQ-1024,OP-207,2023-01-19,4.12
USG-105842,EQ-1078,OP-210,2023-09-16,9.64
USG-105843,EQ-1039,OP-201,2023-06-11,10.69
USG-105844,EQ-1054,OP-255,2023-10-12,11.27
USG-105845,EQ-1096,OP-257,2023-07-04,4.98
USG-105846,EQ-1082,OP-269,2023-04-07,9.5
USG-105847,EQ-1128,OP-221,2023-12-03,6.86
USG-105848,EQ-1011,OP-222,2023-06-25,4.28
USG-105849,EQ-1061,OP-279,2023-09-18,8.17
USG-105850,EQ-1073,OP-200,2023-05-27,4.77
USG-105851,EQ-1098,OP-225,2023-09-04,5.02
USG-105852,EQ-1016,OP-275,2023-07-21,8.27
USG-105853,EQ-1093,OP-244,2023-06-16,7.54
USG-105854,EQ-1048,OP-219,2023-05-28,6.33
USG-105855,EQ-1118,OP-210,2023-09-24,8.78
USG-105856,EQ-1117,OP-224,2023-07-14,8.05
USG-105858,EQ-1069,OP-277,2023-04-16,6.54
USG-105859,EQ-1132,OP-227,2024-01-02,8.13
USG-105860,EQ-1134,OP-258,2023-07-16,7.0
USG-105861,EQ-1074,OP-279,2023-08-01,2.21
USG-105862,EQ-1144,OP-203,2024-03-16,2.91
USG-105863,EQ-1094,OP-262,2023-06-03,11.95
USG-105864,EQ-1077,OP-279,2023-07-08,6.14
USG-105865,EQ-1095,OP-212,2023-11-24,3.89
USG-105866,EQ-1061,OP-226,2023-02-25,4.04
USG-105867,EQ-1078,OP-230,2024-01-27,7.62
USG-105868,EQ-1045,OP-266,2023-01-29,5.15
USG-105869,EQ-1019,OP-249,2023-04-02,9.6
USG-105870,EQ-1072,OP-265,2024-02-25,8.86
USG-105871,EQ-1025,OP-204,2023-03-08,6.77
USG-105872,EQ-1000,OP-262,2023-07-18,3.68
USG-105873,EQ-1106,OP-UNKNOWN,2023-11-29,5.44
USG-105874,EQ-1062,OP-250,2023-05-23,3.38
USG-105875,EQ-1126,OP-221,2023-06-19,9.08
USG-105876,EQ-1058,OP-212,2023-09-01,5.5
USG-105877,EQ-1011,OP-239,2023-10-02,8.15
USG-105878,EQ-1062,OP-260,2023-03-20,10.86
USG-105879,EQ-1092,OP-230,2023-01-24,11.59
USG-105880,EQ-1004,OP-UNKNOWN,2023-07-07,2.92
USG-105881,EQ-1042,OP-206,2023-09-17,5.9
USG-105882,EQ-1057,OP-246,2024-05-01,5.39
USG-105883,EQ-1134,OP-271,2023-05-14,9.67
USG-105884,EQ-1099,OP-205,2023-01-23,6.63
USG-105885,EQ-1051,OP-200,2023-08-24,2.82
USG-105886,EQ-1000,OP-236,2023-01-06,11.04
USG-105887,EQ-1116,OP-201,2023-06-20,5.14
USG-105888,EQ-1009,OP-241,2023-10-01,6.72
USG-105889,EQ-1034,OP-221,2023-05-29,1.69
USG-105890,EQ-1016,OP-204,2024-02-28,10.3
USG-105891,EQ-1063,OP-230,2023-06-24,9.87
USG-105892,EQ-1077,OP-218,2024-03-02,7.25
USG-105893,EQ-1036,OP-270,2023-07-30,9.48
USG-105894,EQ-1033,OP-242,2023-06-02,7.74
USG-105895,EQ-1061,OP-229,2023-12-20,1.66
USG-105896,EQ-1033,OP-277,2023-03-29,4.28
USG-105898,EQ-1082,OP-214,2023-11-22,3.43
USG-105899,EQ-1132,OP-262,2024-02-14,6.77
USG-105900,EQ-1116,OP-246,2023-04-21,1.54
USG-105901,EQ-1119,OP-206,2023-07-20,5.46
USG-105902,EQ-1048,OP-242,2023-08-05,5.92
USG-105903,EQ-1050,OP-275,2023-03-16,8.52
USG-105904,EQ-1115,OP-225,2023-10-06,4.66
USG-105905,EQ-1039,OP-255,2023-03-27,11.91
USG-105906,EQ-1057,OP-210,2023-04-11,3.35
USG-105907,EQ-1086,OP-203,2023-07-17,9.6
USG-105908,EQ-1074,OP-205,2024-03-25,4.42
USG-105909,EQ-1079,OP-220,2023-04-05,10.02
USG-105910,EQ-1006,OP-272,2023-04-23,10.68
USG-105911,EQ-1008,OP-220,2023-12-22,3.56
USG-105912,EQ-1071,OP-225,2024-03-15,9.14
USG-105913,EQ-1059,OP-266,2023-08-17,5.33
USG-105914,EQ-1005,OP-204,2023-10-24,7.39
USG-105915,EQ-1088,OP-223,2023-06-26,3.86
USG-105916,EQ-1048,OP-UNKNOWN,2023-04-09,10.83
USG-105917,EQ-1077,OP-238,2023-07-21,9.05
USG-105918,EQ-1043,OP-212,2023-05-18,11.52
USG-105919,EQ-1092,OP-248,2023-10-20,6.31
USG-105920,EQ-1000,OP-242,2024-02-24,9.93
USG-105922,EQ-1090,OP-222,2023-12-01,6.77
USG-105923,EQ-1104,OP-264,2023-01-14,10.19
USG-105924,EQ-1080,OP-238,2023-05-09,10.13
USG-105925,EQ-1073,OP-241,2024-01-24,1.75
USG-105926,EQ-1057,OP-252,2023-11-21,4.63
USG-105927,EQ-1053,OP-244,2023-03-18,3.5
USG-105928,EQ-1016,OP-252,2023-10-01,8.0
USG-105929,EQ-1093,OP-209,2024-01-18,5.32
USG-105930,EQ-1102,OP-256,2023-05-25,6.07
USG-105931,EQ-1097,OP-220,2023-09-17,3.94
USG-105932,EQ-1007,OP-210,2024-12-01,6.77
USG-105933,EQ-1034,OP-237,2023-09-26,7.86
USG-105934,EQ-1032,OP-265,2023-09-04,1.71
USG-105935,EQ-1149,OP-206,2023-12-03,6.11
USG-105936,EQ-1018,OP-237,2024-04-14,4.47
USG-105937,EQ-1004,OP-253,2023-05-29,2.87
USG-105938,EQ-1010,OP-235,2023-12-17,6.77
USG-105939,EQ-1094,OP-227,2023-02-15,6.28
USG-105940,EQ-1099,OP-255,2023-08-16,2.72
USG-105941,EQ-1133,OP-209,2023-06-20,2.76
USG-105942,EQ-1117,OP-219,2023-02-03,5.58
USG-105943,EQ-1085,OP-210,2024-04-09,9.11
USG-105944,EQ-1065,OP-247,2023-11-12,5.63
USG-105945,EQ-1107,OP-201,2023-11-20,6.74
USG-105946,EQ-1089,OP-204,2023-09-12,3.46
USG-105948,EQ-1076,OP-270,2023-09-22,9.27
USG-105949,EQ-1032,OP-229,2024-02-21,6.77
USG-105950,EQ-1149,OP-278,2023-10-22,6.77
USG-105951,EQ-1025,OP-234,2024-01-31,7.92
USG-105952,EQ-1042,OP-279,2023-08-20,9.81
USG-105953,EQ-1047,OP-257,2024-03-15,5.02
USG-105954,EQ-1065,OP-245,2023-05-16,4.97
USG-105955,EQ-1103,OP-222,2023-09-03,6.05
USG-105956,EQ-1100,OP-235,2023-10-08,5.01
USG-105957,EQ-1043,OP-217,2023-12-24,4.35
USG-105959,EQ-1002,OP-265,2023-12-20,2.06
USG-105960,EQ-1057,OP-210,2024-01-02,3.51
USG-105961,EQ-1090,OP-222,2023-01-29,9.81
USG-105962,EQ-1099,OP-202,2023-02-12,3.09
USG-105963,EQ-1083,OP-217,2023-07-15,2.11
USG-105965,EQ-1000,OP-279,2023-01-14,8.38
USG-105966,EQ-1122,OP-261,2023-04-21,6.77
USG-105967,EQ-1058,OP-226,2023-04-22,11.69
USG-105968,EQ-1100,OP-263,2023-08-08,5.22
USG-105969,EQ-1006,OP-243,2024-03-01,2.06
USG-105970,EQ-1106,OP-223,2023-07-04,9.5
USG-105971,EQ-1089,OP-247,2024-04-01,9.9
USG-105972,EQ-1073,OP-216,2023-05-14,6.77
USG-105973,EQ-1003,OP-276,2023-11-22,11.67
USG-105974,EQ-1023,OP-264,2023-02-26,7.92
USG-105975,EQ-1105,OP-233,2023-09-11,11.43
USG-105977,EQ-1010,OP-263,2023-06-23,10.68
USG-105978,EQ-1114,OP-216,2024-04-02,9.02
USG-105979,EQ-1143,OP-225,2024-04-29,6.7
USG-105980,EQ-1113,OP-250,2023-08-30,9.61
USG-105981,EQ-1019,OP-231,2023-05-13,6.68
USG-105982,EQ-1034,OP-266,2023-02-23,1.97
USG-105983,EQ-1006,OP-269,2023-02-15,4.12
USG-105984,EQ-1001,OP-230,2023-05-12,5.75
USG-105985,EQ-1006,OP-244,2023-09-08,9.87
USG-105986,EQ-1102,OP-272,2023-01-10,4.78
USG-105987,EQ-1012,OP-275,2023-05-28,10.81
USG-105988,EQ-1111,OP-218,2023-03-06,8.74
USG-105989,EQ-1033,OP-202,2023-06-24,10.5
USG-105990,EQ-1097,OP-UNKNOWN,2024-03-10,10.44
USG-105991,EQ-1084,OP-211,2023-12-29,7.18
USG-105992,EQ-1064,OP-279,2023-10-22,8.52
USG-105993,EQ-1070,OP-277,2024-05-08,6.77
USG-105994,EQ-1075,OP-252,2023-02-13,4.18
USG-105995,EQ-1057,OP-256,2024-04-07,8.28
USG-105996,EQ-1015,OP-256,2023-06-23,7.83
USG-105997,EQ-1055,OP-227,2023-12-01,1.67
USG-105998,EQ-1042,OP-268,2024-04-24,3.63
USG-105999,EQ-1020,OP-220,2023-02-27,5.73
